mep_id,parliamentary_term,start_date,end_date,political_group
1435,10,1989-07-25,1994-07-18,Group of the European Democratic Alliance
1435,1,1979-07-17,1984-07-23,Group of European Progressive Democrats
1435,2,1984-07-24,1989-07-24,Group of the European Democratic Alliance
1435,3,1989-07-25,1994-07-18,Group of the European Democratic Alliance
1748,10,1984-07-24,1987-11-15,Group of the European Right
1748,10,1987-11-16,1988-07-31,Group of the European Right
1748,2,1984-07-24,1987-11-15,Group of the European Right
1748,2,1987-11-16,1988-07-31,Group of the European Right
1450,10,1994-07-19,1999-07-19,"Group of the European Liberal, Democrat and Reform Party"
1450,2,1984-07-24,1985-12-12,Liberal and Democratic Group
1450,2,1985-12-13,1989-07-24,Liberal and Democratic Reformist Group
1450,3,1989-07-25,1994-07-18,Liberal and Democratic Reformist Group
1450,4,1994-07-19,1999-07-19,"Group of the European Liberal, Democrat and Reform Party"
28175,10,2004-07-20,2009-07-13,Socialist Group in the European Parliament
28175,6,2004-07-20,2009-07-13,Socialist Group in the European Parliament
28359,10,2004-07-20,2009-07-13,Non-attached Members
28359,6,2004-07-20,2009-07-13,Non-attached Members
185340,10,2016-10-24,2019-07-01,Group of the European People's Party (Christian Democrats)
185340,8,2016-10-24,2019-07-01,Group of the European People's Party (Christian Democrats)
34174,10,2005-07-28,2006-06-25,Group of the European People's Party (Christian Democrats) and European Democrats
34174,10,2006-06-26,2009-07-13,Group of the European People's Party (Christian Democrats) and European Democrats
34174,6,2005-07-28,2006-06-25,Group of the European People's Party (Christian Democrats) and European Democrats
34174,6,2006-06-26,2009-07-13,Group of the European People's Party (Christian Democrats) and European Democrats
4462,10,2009-07-14,2014-06-30,Group of the European People's Party (Christian Democrats)
4462,5,1999-07-20,2004-07-19,Group of the European People's Party (Christian Democrats) and European Democrats
4462,7,2009-07-14,2014-06-30,Group of the European People's Party (Christian Democrats)
36394,10,2006-05-08,2009-07-13,Group of the Alliance of Liberals and Democrats for Europe
36394,6,2006-05-08,2009-07-13,Group of the Alliance of Liberals and Democrats for Europe
2216,10,1994-07-19,1996-11-10,Europe of Nations Group (Coordination Group)
2216,10,1996-11-11,1997-01-12,Non-attached
2216,10,1997-01-13,1999-07-19,Group of Independents for a Europe of Nations
2216,4,1994-07-19,1996-11-10,Europe of Nations Group (Coordination Group)
2216,4,1996-11-11,1997-01-12,Non-attached
2216,4,1997-01-13,1999-07-19,Group of Independents for a Europe of Nations
1569,10,1984-07-24,1987-11-15,Group of the European Right
1569,10,1987-11-16,1989-07-24,Non-attached
1569,1,1979-07-17,1984-07-23,Group of the European People's Party (Christian-Democratic Group)
1569,2,1984-07-24,1987-11-15,Group of the European Right
1569,2,1987-11-16,1989-07-24,Non-attached
679,10,1983-05-27,1983-07-24,Group of European Progressive Democrats
679,1,1983-05-27,1983-07-24,Group of European Progressive Democrats
197461,10,2024-07-16,,Group of the Greens/European Free Alliance
197461,9,2019-07-02,2024-07-15,Group of the Greens/European Free Alliance
8,10,1991-04-23,1994-07-18,Group of the European People's Party (Christian-Democratic Group)
8,3,1991-04-23,1994-07-18,Group of the European People's Party (Christian-Democratic Group)
2232,10,1994-07-19,1999-07-19,Group of the Party of European Socialists
2232,4,1994-07-19,1999-07-19,Group of the Party of European Socialists
124830,10,2014-07-01,2016-04-11,European Conservatives and Reformists Group
124830,10,2016-04-12,2016-04-30,Non-attached Members
124830,10,2016-05-01,2019-07-01,Europe of Nations and Freedom Group
124830,8,2014-07-01,2016-04-11,European Conservatives and Reformists Group
124830,8,2016-04-12,2016-04-30,Non-attached Members
124830,8,2016-05-01,2019-07-01,Europe of Nations and Freedom Group
197636,10,2024-07-16,,Group of the European People's Party (Christian Democrats)
197636,9,2019-07-02,2024-07-15,Group of the European People's Party (Christian Democrats)
4250,10,1999-07-20,2004-07-19,Group of the European People's Party (Christian Democrats) and European Democrats
4250,5,1999-07-20,2004-07-19,Group of the European People's Party (Christian Democrats) and European Democrats
1791,10,1986-01-01,1986-01-12,Liberal and Democratic Reformist Group
1791,2,1986-01-01,1986-01-12,Liberal and Democratic Reformist Group
96887,10,2009-07-14,2014-06-30,Group of the Progressive Alliance of Socialists and Democrats in the European Parliament
96887,7,2009-07-14,2014-06-30,Group of the Progressive Alliance of Socialists and Democrats in the European Parliament
1765,10,1984-07-24,1987-09-18,Communist and Allies Group
1765,1,1981-11-02,1984-07-23,Communist and Allies Group
1765,2,1984-07-24,1987-09-18,Communist and Allies Group
1468,10,1989-07-25,1994-07-18,Group of the European People's Party (Christian-Democratic Group)
1468,1,1981-09-07,1984-07-23,Group of the European People's Party (Christian-Democratic Group)
1468,2,1984-07-24,1989-07-24,Group of the European People's Party (Christian-Democratic Group)
1468,3,1989-07-25,1994-07-18,Group of the European People's Party (Christian-Democratic Group)
1193,10,1994-07-19,1996-04-21,Group of the European People's Party (Christian-Democratic Group)
1193,2,1984-07-24,1989-07-24,Group of the European People's Party (Christian-Democratic Group)
1193,3,1989-07-25,1991-12-11,Liberal and Democratic Reformist Group
1193,3,1991-12-12,1994-07-18,Group of the European People's Party (Christian-Democratic Group)
1193,4,1994-07-19,1996-04-21,Group of the European People's Party (Christian-Democratic Group)
1075,10,1989-07-25,1994-07-18,Technical Group of the European Right
1075,3,1989-07-25,1994-07-18,Technical Group of the European Right
1792,10,1984-07-24,1987-02-12,Socialist Group
1792,1,1980-01-18,1984-07-23,Socialist Group
1792,2,1984-07-24,1987-02-12,Socialist Group
97017,10,2014-07-01,2017-11-08,Group of the Greens/European Free Alliance
97017,7,2009-07-14,2013-02-04,Group of the Greens/European Free Alliance
97017,7,2013-02-05,2013-03-20,Group of the Greens/European Free Alliance
97017,7,2013-03-21,2014-06-30,Group of the Greens/European Free Alliance
97017,8,2014-07-01,2017-11-08,Group of the Greens/European Free Alliance
7,10,1991-03-21,1994-07-18,Rainbow Group in the European Parliament
7,3,1991-03-21,1994-07-18,Rainbow Group in the European Parliament
36390,10,2006-05-08,2009-07-13,Group of the European People's Party (Christian Democrats) and European Democrats
36390,6,2006-05-08,2009-07-13,Group of the European People's Party (Christian Democrats) and European Democrats
9,10,1979-07-17,1981-01-16,Group of the European People's Party (Christian-Democratic Group)
9,1,1979-07-17,1981-01-16,Group of the European People's Party (Christian-Democratic Group)
28240,10,2014-07-01,2019-07-01,Group of the Greens/European Free Alliance
28240,6,2004-07-20,2009-07-13,Group of the Greens/European Free Alliance
28240,7,2009-07-14,2014-06-30,Group of the Greens/European Free Alliance
28240,8,2014-07-01,2019-07-01,Group of the Greens/European Free Alliance
191693,10,2024-07-16,,Renew Europe Group
191693,8,2018-03-01,2019-07-01,Group of the Alliance of Liberals and Democrats for Europe
191693,9,2019-07-02,2024-07-15,Renew Europe Group
233862,10,2024-07-16,,Group of the Progressive Alliance of Socialists and Democrats in the European Parliament
233862,9,2022-05-18,2024-07-15,Group of the Progressive Alliance of Socialists and Democrats in the European Parliament
2,10,1991-10-18,1994-07-18,Group of the European People's Party (Christian-Democratic Group)
2,2,1986-01-01,1987-07-05,European Democratic Group
2,2,1987-07-06,1989-07-24,European Democratic Group
2,3,1991-10-18,1994-07-18,Group of the European People's Party (Christian-Democratic Group)
190713,10,2024-07-16,,Group of the European People's Party (Christian Democrats)
190713,8,2017-11-30,2019-07-01,Group of the European People's Party (Christian Democrats)
190713,9,2019-07-02,2024-07-15,Group of the European People's Party (Christian Democrats)
34482,10,2005-09-26,2006-12-31,Group of the Alliance of Liberals and Democrats for Europe
34482,10,2007-01-01,2007-12-09,Group of the Alliance of Liberals and Democrats for Europe
34482,6,2005-09-26,2006-12-31,Group of the Alliance of Liberals and Democrats for Europe
34482,6,2007-01-01,2007-12-09,Group of the Alliance of Liberals and Democrats for Europe
1395,10,1989-07-25,1992-04-30,European Democratic Group
1395,10,1992-05-01,1994-05-02,Group of the European People's Party (Christian-Democratic Group)
1395,1,1979-07-17,1980-04-13,European Democratic Group
1395,1,1980-04-14,1982-03-08,European Democratic Group
1395,1,1982-03-09,1984-07-23,European Democratic Group
1395,2,1984-07-24,1989-07-24,European Democratic Group
1395,3,1989-07-25,1992-04-30,European Democratic Group
1395,3,1992-05-01,1994-05-02,Group of the European People's Party (Christian-Democratic Group)
96834,10,2009-07-14,2012-12-31,Group of the European People's Party (Christian Democrats)
96834,7,2009-07-14,2012-12-31,Group of the European People's Party (Christian Democrats)
124695,10,2014-07-01,2019-07-01,Group of the Progressive Alliance of Socialists and Democrats in the European Parliament
124695,8,2014-07-01,2019-07-01,Group of the Progressive Alliance of Socialists and Democrats in the European Parliament
1199,10,1994-07-19,1999-07-19,Group of the Party of European Socialists
1199,3,1989-07-25,1993-04-20,Socialist Group
1199,3,1993-04-21,1994-07-18,Group of the Party of European Socialists
1199,4,1994-07-19,1999-07-19,Group of the Party of European Socialists
35,10,1999-07-20,2004-07-19,Group of the European People's Party (Christian Democrats) and European Democrats
35,3,1990-11-25,1994-07-18,Group of the European People's Party (Christian-Democratic Group)
35,4,1994-07-19,1999-07-19,Group of the European People's Party (Christian-Democratic Group)
35,5,1999-07-20,2004-07-19,Group of the European People's Party (Christian Democrats) and European Democrats
1,10,2004-07-20,2004-08-30,Group of the European People's Party (Christian Democrats) and European Democrats
1,10,2004-08-31,2009-07-13,Group of the European People's Party (Christian Democrats) and European Democrats
1,3,1991-09-05,1994-07-18,Group of the European People's Party (Christian-Democratic Group)
1,4,1994-07-19,1999-07-19,Group of the European People's Party (Christian-Democratic Group)
1,5,1999-07-20,2004-07-19,Group of the European People's Party (Christian Democrats) and European Democrats
1,6,2004-07-20,2004-08-30,Group of the European People's Party (Christian Democrats) and European Democrats
1,6,2004-08-31,2009-07-13,Group of the European People's Party (Christian Democrats) and European Democrats
1723,10,1984-07-24,1989-07-24,Communist and Allies Group
1723,1,1979-07-17,1984-07-23,Communist and Allies Group
1723,2,1984-07-24,1989-07-24,Communist and Allies Group
96898,10,2009-07-14,2014-06-30,Group of the European People's Party (Christian Democrats)
96898,7,2009-07-14,2014-06-30,Group of the European People's Party (Christian Democrats)
111011,10,2019-07-02,2020-01-31,European Conservatives and Reformists Group
111011,7,2011-12-01,2014-06-30,European Conservatives and Reformists Group
111011,8,2014-07-01,2019-07-01,European Conservatives and Reformists Group
111011,9,2019-07-02,2020-01-31,European Conservatives and Reformists Group
907,10,1992-06-15,1993-01-11,Group for the European United Left
907,10,1993-01-12,1993-04-20,Socialist Group
907,10,1993-04-21,1994-05-09,Group of the Party of European Socialists
907,1,1983-10-03,1984-07-23,Socialist Group
907,3,1992-06-15,1993-01-11,Group for the European United Left
907,3,1993-01-12,1993-04-20,Socialist Group
907,3,1993-04-21,1994-05-09,Group of the Party of European Socialists
693,10,1981-12-17,1984-07-23,Group of the European People's Party (Christian-Democratic Group)
693,1,1981-12-17,1984-07-23,Group of the European People's Party (Christian-Democratic Group)
807,10,1981-01-01,1981-10-18,Non-attached
807,1,1981-01-01,1981-10-18,Non-attached
2336,10,1998-11-11,1999-07-19,Group of the Party of European Socialists
2336,4,1998-11-11,1999-07-19,Group of the Party of European Socialists
955,10,1994-07-19,1995-01-05,Confederal Group of the European United Left
955,10,1995-01-06,1999-07-19,Confederal Group of the European United Left/Nordic Green Left
955,1,1981-11-02,1982-03-08,Communist and Allies Group
955,1,1982-03-09,1984-07-23,Communist and Allies Group
955,2,1984-07-24,1988-02-16,Communist and Allies Group
955,2,1988-02-17,1989-07-24,Communist and Allies Group
955,3,1989-07-25,1994-07-18,Left Unity
955,3,1992-01-16,1994-07-18,Left Unity
955,4,1994-07-19,1995-01-05,Confederal Group of the European United Left
955,4,1995-01-06,1999-07-19,Confederal Group of the European United Left/Nordic Green Left
204443,10,2020-02-01,2024-07-15,Non-attached Members
204443,9,2020-02-01,2024-07-15,Non-attached Members
831,10,1979-07-17,1984-07-23,European Democratic Group
831,1,1979-07-17,1984-07-23,European Democratic Group
1500,10,1984-07-24,1987-09-16,Non-attached
1500,10,1987-09-17,1987-11-17,Technical Coordination and Defence of Independent Groups and Members
1500,10,1987-11-18,1989-07-24,Non-attached
1500,2,1984-07-24,1987-09-16,Non-attached
1500,2,1987-09-17,1987-11-17,Technical Coordination and Defence of Independent Groups and Members
1500,2,1987-11-18,1989-07-24,Non-attached
28921,10,2004-07-20,2009-07-13,Group of the European People's Party (Christian Democrats) and European Democrats
28921,6,2004-07-20,2009-07-13,Group of the European People's Party (Christian Democrats) and European Democrats
2113,10,1994-07-19,1999-07-19,Group of the Party of European Socialists
2113,4,1994-07-19,1999-07-19,Group of the Party of European Socialists
4306,10,2004-07-20,2009-07-13,Socialist Group in the European Parliament
4306,5,1999-07-20,2004-07-19,Group of the Party of European Socialists
4306,6,2004-07-20,2009-07-13,Socialist Group in the European Parliament
1889,10,1993-11-16,1994-07-18,Group of the European People's Party (Christian-Democratic Group)
1889,3,1993-11-16,1994-07-18,Group of the European People's Party (Christian-Democratic Group)
1692,10,1996-04-22,1999-07-19,Group of the European People's Party (Christian-Democratic Group)
1692,2,1986-08-19,1989-07-24,Liberal and Democratic Reformist Group
1692,3,1993-03-31,1994-07-18,Group of the European People's Party (Christian-Democratic Group)
1692,4,1996-04-22,1999-07-19,Group of the European People's Party (Christian-Democratic Group)
96989,10,2009-07-14,2014-06-30,Group of the Progressive Alliance of Socialists and Democrats in the European Parliament
96989,7,2009-07-14,2014-06-30,Group of the Progressive Alliance of Socialists and Democrats in the European Parliament
1078,10,1989-07-25,1991-11-20,The Green Group in the European Parliament
1078,10,1991-11-21,1994-07-18,Liberal and Democratic Reformist Group
1078,3,1989-07-25,1991-11-20,The Green Group in the European Parliament
1078,3,1991-11-21,1994-07-18,Liberal and Democratic Reformist Group
2098,10,1995-01-01,1996-11-10,Group of the Party of European Socialists
2098,4,1995-01-01,1996-11-10,Group of the Party of European Socialists
1182,10,1989-07-25,1991-05-31,The Green Group in the European Parliament
1182,10,1991-06-01,1991-11-12,The Green Group in the European Parliament
1182,3,1989-07-25,1991-05-31,The Green Group in the European Parliament
1182,3,1991-06-01,1991-11-12,The Green Group in the European Parliament
3,10,1994-07-19,1999-07-19,Group of the Party of European Socialists
3,3,1990-12-22,1993-04-20,Socialist Group
3,3,1993-04-21,1994-07-18,Group of the Party of European Socialists
3,4,1994-07-19,1999-07-19,Group of the Party of European Socialists
4527,10,2004-07-20,2004-08-30,Group of the European People's Party (Christian Democrats) and European Democrats
4527,10,2004-08-31,2009-07-13,Group of the European People's Party (Christian Democrats) and European Democrats
4527,5,1999-07-20,2004-07-19,Group of the European People's Party (Christian Democrats) and European Democrats
4527,6,2004-07-20,2004-08-30,Group of the European People's Party (Christian Democrats) and European Democrats
4527,6,2004-08-31,2009-07-13,Group of the European People's Party (Christian Democrats) and European Democrats
28508,10,2019-07-02,2019-12-12,Group of the Greens/European Free Alliance
28508,6,2004-07-20,2009-07-13,Group of the Greens/European Free Alliance
28508,7,2009-07-14,2014-06-30,Group of the Greens/European Free Alliance
28508,8,2014-07-01,2019-07-01,Group of the Greens/European Free Alliance
28508,9,2019-07-02,2019-12-12,Group of the Greens/European Free Alliance
36396,10,2009-07-14,2010-10-05,Group of the Progressive Alliance of Socialists and Democrats in the European Parliament
36396,10,2010-10-06,2013-03-14,Group of the Progressive Alliance of Socialists and Democrats in the European Parliament
36396,6,2006-05-08,2008-06-25,Group of the Alliance of Liberals and Democrats for Europe
36396,6,2008-06-26,2009-07-13,Group of the Alliance of Liberals and Democrats for Europe
36396,7,2009-07-14,2010-10-05,Group of the Progressive Alliance of Socialists and Democrats in the European Parliament
36396,7,2010-10-06,2013-03-14,Group of the Progressive Alliance of Socialists and Democrats in the European Parliament
4490,10,1999-07-20,2004-07-19,Group of the Party of European Socialists
4490,5,1999-07-20,2004-07-19,Group of the Party of European Socialists
996,10,1989-07-27,1989-10-25,The Green Group in the European Parliament
996,3,1989-07-27,1989-10-25,The Green Group in the European Parliament
4242,10,2004-07-20,2008-12-10,Socialist Group in the European Parliament
4242,5,1999-07-20,2004-07-19,Group of the Party of European Socialists
4242,6,2004-07-20,2008-12-10,Socialist Group in the European Parliament
1365,10,1989-07-25,1994-07-18,Liberal and Democratic Reformist Group
1365,2,1987-09-14,1989-07-24,Liberal and Democratic Reformist Group
1365,3,1989-07-25,1994-07-18,Liberal and Democratic Reformist Group
1292,10,1999-07-20,2002-01-07,Group of the Greens/European Free Alliance
1292,10,2002-01-08,2004-07-19,Group of the Greens/European Free Alliance
1292,3,1989-07-25,1990-10-31,The Green Group in the European Parliament
1292,3,1990-11-01,1994-07-18,The Green Group in the European Parliament
1292,4,1994-07-19,1999-07-19,The Green Group in the European Parliament
1292,5,1999-07-20,2002-01-07,Group of the Greens/European Free Alliance
1292,5,2002-01-08,2004-07-19,Group of the Greens/European Free Alliance
758,10,1979-07-17,1980-05-18,Group of the European People's Party (Christian-Democratic Group)
758,1,1979-07-17,1980-05-18,Group of the European People's Party (Christian-Democratic Group)
2180,10,1994-07-19,1999-07-19,Group of the Party of European Socialists
2180,4,1994-07-19,1999-07-19,Group of the Party of European Socialists
2337,10,1999-07-20,2000-10-22,Group of the Greens/European Free Alliance
2337,10,2000-10-23,2004-07-19,Group of the Party of European Socialists
2337,4,1998-11-23,1999-07-19,The Green Group in the European Parliament
2337,5,1999-07-20,2000-10-22,Group of the Greens/European Free Alliance
2337,5,2000-10-23,2004-07-19,Group of the Party of European Socialists
188636,10,2019-07-02,2020-01-31,Group of the Progressive Alliance of Socialists and Democrats in the European Parliament
188636,8,2017-06-30,2019-07-01,Group of the Progressive Alliance of Socialists and Democrats in the European Parliament
188636,9,2019-07-02,2020-01-31,Group of the Progressive Alliance of Socialists and Democrats in the European Parliament
1869,10,1992-07-06,1994-07-18,The Green Group in the European Parliament
1869,3,1992-07-06,1994-07-18,The Green Group in the European Parliament
93543,10,2008-08-26,2009-07-13,Group of the Alliance of Liberals and Democrats for Europe
93543,6,2008-08-26,2009-07-13,Group of the Alliance of Liberals and Democrats for Europe
1183,10,2009-07-14,2014-06-30,Group of the Progressive Alliance of Socialists and Democrats in the European Parliament
1183,3,1989-07-25,1993-04-20,Socialist Group
1183,3,1993-04-21,1994-07-18,Group of the Party of European Socialists
1183,4,1994-07-19,1999-07-19,Group of the Party of European Socialists
1183,5,1999-07-20,2004-07-19,Group of the Party of European Socialists
1183,6,2004-07-20,2009-07-13,Socialist Group in the European Parliament
1183,7,2009-07-14,2014-06-30,Group of the Progressive Alliance of Socialists and Democrats in the European Parliament
1753,10,1984-07-24,1985-02-10,Group of the European People's Party (Christian-Democratic Group)
1753,10,1985-02-11,1988-06-06,Group of the European People's Party (Christian-Democratic Group)
1753,2,1984-07-24,1985-02-10,Group of the European People's Party (Christian-Democratic Group)
1753,2,1985-02-11,1988-06-06,Group of the European People's Party (Christian-Democratic Group)
197621,10,2024-07-16,,Group of the European People's Party (Christian Democrats)
197621,9,2019-07-02,2024-07-15,Group of the European People's Party (Christian Democrats)
124964,10,2014-07-01,2014-10-15,Europe of Freedom and Direct Democracy Group
124964,10,2014-10-16,2014-10-19,Non-attached Members
124964,10,2014-10-20,2019-07-01,Europe of Freedom and Direct Democracy Group
124964,8,2014-07-01,2014-10-15,Europe of Freedom and Direct Democracy Group
124964,8,2014-10-16,2014-10-19,Non-attached Members
124964,8,2014-10-20,2019-07-01,Europe of Freedom and Direct Democracy Group
129073,10,2024-07-16,,Renew Europe Group
129073,8,2014-11-03,2019-07-01,Group of the Alliance of Liberals and Democrats for Europe
129073,9,2019-07-02,2024-07-15,Renew Europe Group
938,10,1979-07-17,1984-07-23,Socialist Group
938,1,1979-07-17,1984-07-23,Socialist Group
197612,10,2019-07-02,2020-01-09,Non-attached Members
197612,10,2020-01-10,2020-01-31,European Conservatives and Reformists Group
197612,9,2019-07-02,2020-01-09,Non-attached Members
197612,9,2020-01-10,2020-01-31,European Conservatives and Reformists Group
197760,10,2019-07-02,2020-01-31,Non-attached Members
197760,9,2019-07-02,2020-01-31,Non-attached Members
1573,10,1984-07-24,1985-12-12,Liberal and Democratic Group
1573,10,1985-12-13,1989-07-24,Liberal and Democratic Reformist Group
1573,1,1979-07-17,1984-07-23,Liberal and Democratic Group
1573,2,1984-07-24,1985-12-12,Liberal and Democratic Group
1573,2,1985-12-13,1989-07-24,Liberal and Democratic Reformist Group
1488,10,1984-07-24,1989-07-24,Group of the European People's Party (Christian-Democratic Group)
1488,1,1981-02-17,1984-07-23,Group of the European People's Party (Christian-Democratic Group)
1488,2,1984-07-24,1989-07-24,Group of the European People's Party (Christian-Democratic Group)
113959,10,2019-07-02,2020-01-31,Group of the European United Left
113959,7,2012-06-12,2012-07-08,Confederal Group of the European United Left
113959,7,2012-07-09,2014-06-30,Confederal Group of the European United Left
113959,8,2014-07-01,2015-12-14,Confederal Group of the European United Left
113959,8,2015-12-15,2019-07-01,Confederal Group of the European United Left
113959,9,2019-07-02,2020-01-31,Group of the European United Left
28370,10,2009-07-14,2014-06-30,Group of the Progressive Alliance of Socialists and Democrats in the European Parliament
28370,6,2004-07-20,2009-07-13,Group of the Alliance of Liberals and Democrats for Europe
28370,7,2009-07-14,2014-06-30,Group of the Progressive Alliance of Socialists and Democrats in the European Parliament
23938,10,2009-07-14,2014-06-30,Group of the Progressive Alliance of Socialists and Democrats in the European Parliament
23938,5,2003-05-09,2003-07-09,Non-attached
23938,5,2003-07-10,2004-04-30,Group of the Party of European Socialists
23938,5,2004-05-01,2004-07-19,Group of the Party of European Socialists
23938,6,2004-07-20,2009-07-13,Socialist Group in the European Parliament
23938,7,2009-07-14,2014-06-30,Group of the Progressive Alliance of Socialists and Democrats in the European Parliament
197531,10,2019-07-02,2022-01-10,Group of the Greens/European Free Alliance
197531,10,2022-01-11,2024-07-15,Group of the Greens/European Free Alliance
197531,9,2019-07-02,2022-01-10,Group of the Greens/European Free Alliance
197531,9,2022-01-11,2024-07-15,Group of the Greens/European Free Alliance
1874,10,1994-07-19,1995-11-14,Group of the Party of European Socialists
1874,10,1995-11-15,1997-02-03,Group of the Party of European Socialists
1874,10,1997-02-04,1998-10-02,Group of the Party of European Socialists
1874,3,1993-01-25,1993-04-20,Socialist Group
1874,3,1993-04-21,1994-07-18,Group of the Party of European Socialists
1874,4,1994-07-19,1995-11-14,Group of the Party of European Socialists
1874,4,1995-11-15,1997-02-03,Group of the Party of European Socialists
1874,4,1997-02-04,1998-10-02,Group of the Party of European Socialists
28587,10,2004-07-20,2007-09-25,Independence/Democracy Group
28587,6,2004-07-20,2007-09-25,Independence/Democracy Group
1817,10,2003-06-16,2004-07-19,"Group of the European Liberal, Democrat and Reform Party"
1817,2,1985-11-12,1985-12-12,Liberal and Democratic Group
1817,2,1985-12-13,1989-07-24,Liberal and Democratic Reformist Group
1817,3,1991-12-17,1994-07-18,Liberal and Democratic Reformist Group
1817,4,1994-07-19,1996-04-14,"Group of the European Liberal, Democrat and Reform Party"
1817,4,1996-04-15,1999-07-19,"Group of the European Liberal, Democrat and Reform Party"
1817,5,2003-06-16,2004-07-19,"Group of the European Liberal, Democrat and Reform Party"
2115,10,1995-01-01,1995-10-08,Group of the European People's Party (Christian-Democratic Group)
2115,4,1995-01-01,1995-10-08,Group of the European People's Party (Christian-Democratic Group)
2151,10,1995-01-01,1995-10-08,Group of the Party of European Socialists
2151,10,1995-10-09,1998-10-04,Group of the Party of European Socialists
2151,4,1995-01-01,1995-10-08,Group of the Party of European Socialists
2151,4,1995-10-09,1998-10-04,Group of the Party of European Socialists
96824,10,2014-07-01,2015-10-26,Group of the European People's Party (Christian Democrats)
96824,10,2015-10-27,2015-10-28,European Conservatives and Reformists Group
96824,10,2015-10-29,2016-12-12,European Conservatives and Reformists Group
96824,10,2016-12-13,2017-01-15,European Conservatives and Reformists Group
96824,10,2017-01-16,2017-07-04,European Conservatives and Reformists Group
96824,10,2017-07-04,2017-07-04,European Conservatives and Reformists Group
96824,10,2017-07-05,2018-07-03,European Conservatives and Reformists Group
96824,10,2018-07-04,2019-07-01,European Conservatives and Reformists Group
96824,7,2009-07-14,2014-06-30,Group of the European People's Party (Christian Democrats)
96824,8,2014-07-01,2015-10-26,Group of the European People's Party (Christian Democrats)
96824,8,2015-10-27,2015-10-28,European Conservatives and Reformists Group
96824,8,2015-10-29,2016-12-12,European Conservatives and Reformists Group
96824,8,2016-12-13,2017-01-15,European Conservatives and Reformists Group
96824,8,2017-01-16,2017-07-04,European Conservatives and Reformists Group
96824,8,2017-07-04,2017-07-04,European Conservatives and Reformists Group
96824,8,2017-07-05,2018-07-03,European Conservatives and Reformists Group
96824,8,2018-07-04,2019-07-01,European Conservatives and Reformists Group
1935,10,2009-07-14,2014-06-30,Group of the Progressive Alliance of Socialists and Democrats in the European Parliament
1935,4,1994-07-19,1999-07-19,The Green Group in the European Parliament
1935,5,1999-07-20,2000-10-25,Group of the Greens/European Free Alliance
1935,5,2000-10-26,2004-07-19,Group of the Party of European Socialists
1935,6,2004-07-20,2009-07-13,Socialist Group in the European Parliament
1935,7,2009-07-14,2014-06-30,Group of the Progressive Alliance of Socialists and Democrats in the European Parliament
33946,10,2005-07-12,2006-12-12,Independence/Democracy Group
33946,10,2006-12-13,2009-07-13,Union for Europe of the Nations Group
33946,6,2005-07-12,2006-12-12,Independence/Democracy Group
33946,6,2006-12-13,2009-07-13,Union for Europe of the Nations Group
23894,10,2014-07-01,2019-07-01,Group of the European People's Party (Christian Democrats)
23894,5,2003-04-30,2004-04-30,Group of the European People's Party (Christian Democrats) and European Democrats
23894,5,2004-05-01,2004-07-19,Group of the European People's Party (Christian Democrats) and European Democrats
23894,6,2004-07-20,2004-08-30,Group of the European People's Party (Christian Democrats) and European Democrats
23894,6,2004-08-31,2009-07-13,Group of the European People's Party (Christian Democrats) and European Democrats
23894,7,2009-07-14,2009-09-15,Group of the European People's Party (Christian Democrats)
23894,7,2009-09-16,2014-06-30,Group of the European People's Party (Christian Democrats)
23894,8,2014-07-01,2019-07-01,Group of the European People's Party (Christian Democrats)
1028,10,1989-07-25,1993-03-30,Group of the European People's Party (Christian-Democratic Group)
1028,3,1989-07-25,1993-03-30,Group of the European People's Party (Christian-Democratic Group)
28362,10,2009-07-14,2009-11-24,Group of the European People's Party (Christian Democrats)
28362,10,2009-11-25,2012-02-02,Group of the European People's Party (Christian Democrats)
28362,10,2012-02-03,2014-06-30,Group of the European People's Party (Christian Democrats)
28362,6,2004-07-20,2004-11-13,Group of the European People's Party (Christian Democrats) and European Democrats
28362,6,2004-11-14,2005-03-08,Group of the European People's Party (Christian Democrats) and European Democrats
28362,6,2005-03-09,2007-02-14,Group of the European People's Party (Christian Democrats) and European Democrats
28362,6,2007-02-15,2009-07-13,Group of the European People's Party (Christian Democrats) and European Democrats
28362,7,2009-07-14,2009-11-24,Group of the European People's Party (Christian Democrats)
28362,7,2009-11-25,2012-02-02,Group of the European People's Party (Christian Democrats)
28362,7,2012-02-03,2014-06-30,Group of the European People's Party (Christian Democrats)
197773,10,2024-07-16,,European Conservatives and Reformists Group
197773,9,2019-07-02,2024-07-15,European Conservatives and Reformists Group
96847,10,2014-07-01,2019-07-01,Group of the Progressive Alliance of Socialists and Democrats in the European Parliament
96847,7,2009-07-14,2010-11-14,Non-attached Members
96847,7,2010-11-15,2014-06-30,Group of the Progressive Alliance of Socialists and Democrats in the European Parliament
96847,8,2014-07-01,2019-07-01,Group of the Progressive Alliance of Socialists and Democrats in the European Parliament
124928,10,2014-07-01,2014-10-07,Group of the Alliance of Liberals and Democrats for Europe
124928,10,2014-10-08,2019-07-01,European Conservatives and Reformists Group
124928,8,2014-07-01,2014-10-07,Group of the Alliance of Liberals and Democrats for Europe
124928,8,2014-10-08,2019-07-01,European Conservatives and Reformists Group
2100,10,1994-05-19,1994-07-18,Group of the Party of European Socialists
2100,3,1994-05-19,1994-07-18,Group of the Party of European Socialists
96879,10,2009-07-14,2011-03-31,Group of the European People's Party (Christian Democrats)
96879,7,2009-07-14,2011-03-31,Group of the European People's Party (Christian Democrats)
198183,10,2024-07-16,,Group of the Progressive Alliance of Socialists and Democrats in the European Parliament
198183,9,2019-07-02,2024-07-15,Group of the Progressive Alliance of Socialists and Democrats in the European Parliament
967,10,1989-07-25,1993-04-20,Socialist Group
967,10,1993-04-21,1994-07-18,Group of the Party of European Socialists
967,1,1981-06-17,1984-07-23,Socialist Group
967,3,1989-07-25,1993-04-20,Socialist Group
967,3,1993-04-21,1994-07-18,Group of the Party of European Socialists
28437,10,2004-07-20,2009-07-13,Group of the European People's Party (Christian Democrats) and European Democrats
28437,6,2004-07-20,2009-07-13,Group of the European People's Party (Christian Democrats) and European Democrats
28497,10,2014-07-01,2014-10-15,Europe of Freedom and Direct Democracy Group
28497,10,2014-10-16,2014-10-19,Non-attached Members
28497,10,2014-10-20,2018-12-07,Europe of Freedom and Direct Democracy Group
28497,10,2018-12-08,2019-01-15,Non-attached Members
28497,10,2019-01-16,2019-07-01,Europe of Nations and Freedom Group
28497,6,2004-07-20,2009-07-13,Independence/Democracy Group
28497,7,2009-07-14,2014-06-30,Europe of freedom and democracy Group
28497,8,2014-07-01,2014-10-15,Europe of Freedom and Direct Democracy Group
28497,8,2014-10-16,2014-10-19,Non-attached Members
28497,8,2014-10-20,2018-12-07,Europe of Freedom and Direct Democracy Group
28497,8,2018-12-08,2019-01-15,Non-attached Members
28497,8,2019-01-16,2019-07-01,Europe of Nations and Freedom Group
4357,10,1999-07-20,2002-02-04,Group of the European People's Party (Christian Democrats) and European Democrats
4357,10,2002-02-05,2002-03-06,"Group of the European Liberal, Democrat and Reform Party"
4357,10,2002-03-07,2002-06-16,"Group of the European Liberal, Democrat and Reform Party"
4357,5,1999-07-20,2002-02-04,Group of the European People's Party (Christian Democrats) and European Democrats
4357,5,2002-02-05,2002-03-06,"Group of the European Liberal, Democrat and Reform Party"
4357,5,2002-03-07,2002-06-16,"Group of the European Liberal, Democrat and Reform Party"
2243,10,1994-07-19,1997-01-28,Group of the European Radical Alliance
2243,10,1997-01-29,1999-07-19,Group of the European Radical Alliance
2243,4,1994-07-19,1997-01-28,Group of the European Radical Alliance
2243,4,1997-01-29,1999-07-19,Group of the European Radical Alliance
4360,10,1999-07-20,2004-07-19,Non-attached
4360,5,1999-07-20,2004-07-19,Non-attached
28221,10,2009-07-14,2014-06-30,Group of the European People's Party (Christian Democrats)
28221,6,2004-07-20,2009-07-13,Group of the European People's Party (Christian Democrats) and European Democrats
28221,7,2009-07-14,2014-06-30,Group of the European People's Party (Christian Democrats)
23805,10,2009-07-14,2014-06-30,Group of the Progressive Alliance of Socialists and Democrats in the European Parliament
23805,5,2003-04-18,2004-04-30,Group of the Party of European Socialists
23805,5,2004-05-01,2004-07-19,Group of the Party of European Socialists
23805,6,2004-07-20,2009-07-13,Socialist Group in the European Parliament
23805,7,2009-07-14,2014-06-30,Group of the Progressive Alliance of Socialists and Democrats in the European Parliament
1525,10,1988-07-07,1989-07-24,Liberal and Democratic Reformist Group
1525,2,1988-07-07,1989-07-24,Liberal and Democratic Reformist Group
799,10,1984-07-24,1987-04-05,Group of the European People's Party (Christian-Democratic Group)
799,10,1987-04-06,1988-10-09,Group of the European People's Party (Christian-Democratic Group)
799,1,1979-07-17,1984-07-23,Group of the European People's Party (Christian-Democratic Group)
799,2,1984-07-24,1987-04-05,Group of the European People's Party (Christian-Democratic Group)
799,2,1987-04-06,1988-10-09,Group of the European People's Party (Christian-Democratic Group)
2102,10,1994-07-19,1994-07-27,Group of the European People's Party (Christian-Democratic Group)
2102,10,1994-07-28,1999-07-19,Group of the European People's Party (Christian-Democratic Group)
2102,4,1994-07-19,1994-07-27,Group of the European People's Party (Christian-Democratic Group)
2102,4,1994-07-28,1999-07-19,Group of the European People's Party (Christian-Democratic Group)
124796,10,2014-07-01,2014-10-15,Europe of Freedom and Direct Democracy Group
124796,10,2014-10-16,2014-10-19,Non-attached Members
124796,10,2014-10-20,2017-01-16,Europe of Freedom and Direct Democracy Group
124796,10,2017-01-17,2018-02-12,Europe of Freedom and Direct Democracy Group
124796,10,2018-02-13,2019-04-16,Non-attached Members
124796,10,2019-04-17,2019-07-01,Group of the Alliance of Liberals and Democrats for Europe
124796,8,2014-07-01,2014-10-15,Europe of Freedom and Direct Democracy Group
124796,8,2014-10-16,2014-10-19,Non-attached Members
124796,8,2014-10-20,2017-01-16,Europe of Freedom and Direct Democracy Group
124796,8,2017-01-17,2018-02-12,Europe of Freedom and Direct Democracy Group
124796,8,2018-02-13,2019-04-16,Non-attached Members
124796,8,2019-04-17,2019-07-01,Group of the Alliance of Liberals and Democrats for Europe
1797,10,1984-07-24,1989-07-24,Group of the European People's Party (Christian-Democratic Group)
1797,1,1979-07-17,1984-07-23,Group of the European People's Party (Christian-Democratic Group)
1797,2,1984-07-24,1989-07-24,Group of the European People's Party (Christian-Democratic Group)
197570,10,2019-07-02,2022-11-14,Identity and Democracy Group
197570,9,2019-07-02,2022-11-14,Identity and Democracy Group
1960,10,1994-07-19,1994-09-26,Confederal Group of the European United Left
1960,4,1994-07-19,1994-09-26,Confederal Group of the European United Left
4461,10,2004-07-20,2004-11-13,Group of the European People's Party (Christian Democrats) and European Democrats
4461,10,2004-11-14,2009-07-13,Group of the European People's Party (Christian Democrats) and European Democrats
4461,5,1999-07-20,2000-09-20,Union for Europe of the Nations Group
4461,5,2000-09-21,2004-07-19,Union for Europe of the Nations Group
4461,6,2004-07-20,2004-11-13,Group of the European People's Party (Christian Democrats) and European Democrats
4461,6,2004-11-14,2009-07-13,Group of the European People's Party (Christian Democrats) and European Democrats
125090,10,2014-07-01,2019-07-01,Non-attached Members
125090,8,2014-07-01,2019-07-01,Non-attached Members
789,10,1979-07-17,1984-07-23,Socialist Group
789,1,1979-07-17,1984-07-23,Socialist Group
857,10,1981-01-01,1981-10-18,Non-attached
857,1,1981-01-01,1981-10-18,Non-attached
2131,10,1994-07-19,1995-07-04,Forza Europa Group
2131,10,1995-07-05,1996-12-09,Group Union for Europe
2131,10,1996-12-10,1998-06-14,Group Union for Europe
2131,10,1998-06-15,1999-07-19,Group of the European People's Party (Christian-Democratic Group)
2131,4,1994-07-19,1995-07-04,Forza Europa Group
2131,4,1995-07-05,1996-12-09,Group Union for Europe
2131,4,1996-12-10,1998-06-14,Group Union for Europe
2131,4,1998-06-15,1999-07-19,Group of the European People's Party (Christian-Democratic Group)
1293,10,1989-07-25,1991-12-16,Group of the European People's Party (Christian-Democratic Group)
1293,3,1989-07-25,1991-12-16,Group of the European People's Party (Christian-Democratic Group)
96842,10,2019-07-02,2021-12-14,Group of the Progressive Alliance of Socialists and Democrats in the European Parliament
96842,10,2021-12-15,2023-07-02,Group of the Progressive Alliance of Socialists and Democrats in the European Parliament
96842,7,2009-07-14,2014-06-30,Group of the Progressive Alliance of Socialists and Democrats in the European Parliament
96842,8,2014-07-01,2019-07-01,Group of the Progressive Alliance of Socialists and Democrats in the European Parliament
96842,9,2019-07-02,2021-12-14,Group of the Progressive Alliance of Socialists and Democrats in the European Parliament
96842,9,2021-12-15,2023-07-02,Group of the Progressive Alliance of Socialists and Democrats in the European Parliament
929,10,1979-07-17,1979-07-18,Group of the European People's Party (Christian-Democratic Group)
929,1,1979-07-17,1979-07-18,Group of the European People's Party (Christian-Democratic Group)
28161,10,2019-07-02,2024-07-15,Group of the Greens/European Free Alliance
28161,6,2004-07-20,2009-07-13,Group of the Greens/European Free Alliance
28161,7,2009-07-14,2014-06-30,Group of the Greens/European Free Alliance
28161,8,2014-07-01,2019-07-01,Group of the Greens/European Free Alliance
28161,9,2019-07-02,2024-07-15,Group of the Greens/European Free Alliance
1715,10,1984-07-24,1988-05-12,Socialist Group
1715,2,1984-07-24,1988-05-12,Socialist Group
4252,10,1999-07-20,2004-07-19,Group of the Greens/European Free Alliance
4252,5,1999-07-20,2004-07-19,Group of the Greens/European Free Alliance
987,10,1989-07-25,1994-07-18,Group of the European People's Party (Christian-Democratic Group)
987,1,1979-08-14,1980-04-13,Group of the European People's Party (Christian-Democratic Group)
987,1,1980-04-14,1984-07-23,Group of the European People's Party (Christian-Democratic Group)
987,2,1984-07-24,1987-04-05,Group of the European People's Party (Christian-Democratic Group)
987,2,1987-04-06,1989-07-24,Group of the European People's Party (Christian-Democratic Group)
987,3,1989-07-25,1994-07-18,Group of the European People's Party (Christian-Democratic Group)
124808,10,2024-07-16,,Group of the European People's Party (Christian Democrats)
124808,8,2014-07-01,2019-07-01,Group of the European People's Party (Christian Democrats)
124808,9,2019-07-02,2024-07-15,Group of the European People's Party (Christian Democrats)
124960,10,2014-07-01,2017-06-22,European Conservatives and Reformists Group
124960,8,2014-07-01,2017-06-22,European Conservatives and Reformists Group
1533,10,1986-01-01,1987-09-13,Socialist Group
1533,2,1986-01-01,1987-09-13,Socialist Group
197576,10,2019-07-02,2021-10-18,Renew Europe Group
197576,10,2021-10-19,2024-07-15,Renew Europe Group
197576,9,2019-07-02,2021-10-18,Renew Europe Group
197576,9,2021-10-19,2024-07-15,Renew Europe Group
96998,10,2024-07-16,,Group of the Progressive Alliance of Socialists and Democrats in the European Parliament
96998,7,2009-07-14,2014-06-30,Group of the Progressive Alliance of Socialists and Democrats in the European Parliament
96998,8,2014-07-01,2019-07-01,Group of the Progressive Alliance of Socialists and Democrats in the European Parliament
96998,9,2019-07-02,2024-07-15,Group of the Progressive Alliance of Socialists and Democrats in the European Parliament
4488,10,1999-07-20,2000-04-11,Group of the Party of European Socialists
4488,5,1999-07-20,2000-04-11,Group of the Party of European Socialists
197403,10,2024-07-16,,Group of the Progressive Alliance of Socialists and Democrats in the European Parliament
197403,9,2019-07-02,2021-12-15,Group of the Progressive Alliance of Socialists and Democrats in the European Parliament
197403,9,2021-12-16,2024-07-15,Group of the Progressive Alliance of Socialists and Democrats in the European Parliament
4443,10,1999-07-20,2004-07-19,Group of the Party of European Socialists
4443,5,1999-07-20,2004-07-19,Group of the Party of European Socialists
124869,10,2014-07-01,2015-06-14,Non-attached Members
124869,10,2015-06-15,2016-06-05,Europe of Nations and Freedom Group
124869,8,2014-07-01,2015-06-14,Non-attached Members
124869,8,2015-06-15,2016-06-05,Europe of Nations and Freedom Group
97002,10,2009-07-14,2010-12-31,Group of the European People's Party (Christian Democrats)
97002,7,2009-07-14,2010-12-31,Group of the European People's Party (Christian Democrats)
1320,10,1989-07-25,1993-04-20,Socialist Group
1320,10,1993-04-21,1994-07-18,Group of the Party of European Socialists
1320,2,1986-01-01,1987-07-05,Socialist Group
1320,2,1987-07-06,1989-07-24,Socialist Group
1320,3,1989-07-25,1993-04-20,Socialist Group
1320,3,1993-04-21,1994-07-18,Group of the Party of European Socialists
4433,10,2004-07-20,2007-02-14,Group of the European People's Party (Christian Democrats) and European Democrats
4433,10,2007-02-15,2009-07-13,Group of the European People's Party (Christian Democrats) and European Democrats
4433,5,1999-07-20,2004-07-19,Group of the European People's Party (Christian Democrats) and European Democrats
4433,6,2004-07-20,2007-02-14,Group of the European People's Party (Christian Democrats) and European Democrats
4433,6,2007-02-15,2009-07-13,Group of the European People's Party (Christian Democrats) and European Democrats
1178,10,1994-07-19,1999-07-19,Group of the Party of European Socialists
1178,3,1989-07-25,1993-04-20,Socialist Group
1178,3,1993-04-21,1994-07-18,Group of the Party of European Socialists
1178,4,1994-07-19,1999-07-19,Group of the Party of European Socialists
1571,10,1987-02-28,1989-07-24,Rainbow Group
1571,2,1987-02-28,1989-07-24,Rainbow Group
251324,10,2024-07-16,,Group of the European People's Party (Christian Democrats)
251324,9,2024-01-03,2024-07-15,Group of the European People's Party (Christian Democrats)
1264,10,2004-07-20,2004-08-30,Group of the European People's Party (Christian Democrats) and European Democrats
1264,10,2004-08-31,2007-02-14,Group of the European People's Party (Christian Democrats) and European Democrats
1264,10,2007-02-15,2009-07-13,Group of the European People's Party (Christian Democrats) and European Democrats
1264,1,1979-07-17,1984-07-23,Group of the European People's Party (Christian-Democratic Group)
1264,2,1984-07-24,1989-07-24,Group of the European People's Party (Christian-Democratic Group)
1264,3,1989-07-25,1992-01-20,Group of the European People's Party (Christian-Democratic Group)
1264,3,1992-01-21,1994-07-18,Group of the European People's Party (Christian-Democratic Group)
1264,4,1994-07-19,1994-07-27,Group of the European People's Party (Christian-Democratic Group)
1264,4,1994-07-28,1999-07-19,Group of the European People's Party (Christian-Democratic Group)
1264,5,1999-07-20,1999-10-11,Group of the European People's Party (Christian Democrats) and European Democrats
1264,5,1999-10-12,2002-03-07,Group of the European People's Party (Christian Democrats) and European Democrats
1264,5,2002-03-08,2004-07-19,Group of the European People's Party (Christian Democrats) and European Democrats
1264,6,2004-07-20,2004-08-30,Group of the European People's Party (Christian Democrats) and European Democrats
1264,6,2004-08-31,2007-02-14,Group of the European People's Party (Christian Democrats) and European Democrats
1264,6,2007-02-15,2009-07-13,Group of the European People's Party (Christian Democrats) and European Democrats
1311,10,2004-07-20,2009-07-13,Socialist Group in the European Parliament
1311,3,1989-07-25,1993-04-20,Socialist Group
1311,3,1993-04-21,1994-07-18,Group of the Party of European Socialists
1311,4,1994-07-19,1999-07-19,Group of the Party of European Socialists
1311,5,1999-07-20,2003-05-20,Group of the Party of European Socialists
1311,5,2003-05-21,2004-07-19,Group of the Party of European Socialists
1311,6,2004-07-20,2009-07-13,Socialist Group in the European Parliament
28320,10,2009-07-14,2014-06-30,European Conservatives and Reformists Group
28320,6,2004-07-20,2009-07-13,Group of the European People's Party (Christian Democrats) and European Democrats
28320,7,2009-07-14,2014-06-30,European Conservatives and Reformists Group
867,10,1979-07-17,1979-12-09,Socialist Group
867,10,1979-12-10,1984-07-23,Socialist Group
867,1,1979-07-17,1979-12-09,Socialist Group
867,1,1979-12-10,1984-07-23,Socialist Group
1403,10,2014-07-01,2019-07-01,Group of the Progressive Alliance of Socialists and Democrats in the European Parliament
1403,2,1984-07-24,1987-10-11,Socialist Group
1403,2,1987-10-12,1987-10-25,Socialist Group
1403,2,1987-10-26,1988-09-06,Socialist Group
1403,2,1988-09-07,1989-07-24,Socialist Group
1403,3,1989-07-25,1993-04-20,Socialist Group
1403,3,1993-04-21,1994-07-18,Group of the Party of European Socialists
1403,4,1994-07-19,1994-09-05,Group of the Party of European Socialists
1403,4,1994-09-06,1999-07-19,Group of the Party of European Socialists
1403,5,1999-07-20,2000-03-07,Group of the Party of European Socialists
1403,5,2000-03-08,2004-07-19,Group of the Party of European Socialists
1403,6,2004-07-20,2009-07-13,Socialist Group in the European Parliament
1403,7,2009-07-14,2014-06-30,Group of the Progressive Alliance of Socialists and Democrats in the European Parliament
1403,8,2014-07-01,2019-07-01,Group of the Progressive Alliance of Socialists and Democrats in the European Parliament
96830,10,2024-07-16,,Patriots for Europe Group
96830,7,2009-07-14,2009-09-15,Group of the European People's Party (Christian Democrats)
96830,7,2009-09-16,2010-08-31,Group of the European People's Party (Christian Democrats)
96830,9,2019-07-02,2021-03-04,Group of the European People's Party (Christian Democrats)
96830,9,2021-03-05,2024-07-15,Non-attached Members
952,10,1989-11-04,1993-04-16,Liberal and Democratic Reformist Group
952,3,1989-11-04,1993-04-16,Liberal and Democratic Reformist Group
28199,10,2004-07-20,2009-07-13,Socialist Group in the European Parliament
28199,6,2004-07-20,2009-07-13,Socialist Group in the European Parliament
2314,10,1999-07-20,2002-01-16,Group of the Party of European Socialists
2314,10,2002-01-17,2004-07-19,Group of the Party of European Socialists
2314,4,1997-06-06,1999-07-19,Group of the Party of European Socialists
2314,5,1999-07-20,2002-01-16,Group of the Party of European Socialists
2314,5,2002-01-17,2004-07-19,Group of the Party of European Socialists
197551,10,2019-07-02,2024-07-15,Renew Europe Group
197551,9,2019-07-02,2024-07-15,Renew Europe Group
1898,10,2004-07-20,2009-07-13,Socialist Group in the European Parliament
1898,4,1994-07-19,1999-07-19,Group of the Party of European Socialists
1898,5,1999-07-20,2004-07-19,Group of the Party of European Socialists
1898,6,2004-07-20,2009-07-13,Socialist Group in the European Parliament
124883,10,2014-07-01,2019-07-01,Group of the Progressive Alliance of Socialists and Democrats in the European Parliament
124883,8,2014-07-01,2019-07-01,Group of the Progressive Alliance of Socialists and Democrats in the European Parliament
1549,10,1986-01-01,1986-10-05,European Democratic Group
1549,10,1986-10-06,1987-07-05,European Democratic Group
1549,10,1987-07-06,1989-07-24,European Democratic Group
1549,2,1986-01-01,1986-10-05,European Democratic Group
1549,2,1986-10-06,1987-07-05,European Democratic Group
1549,2,1987-07-06,1989-07-24,European Democratic Group
1688,10,1984-07-24,1988-05-09,Socialist Group
1688,1,1979-07-17,1984-07-23,Socialist Group
1688,2,1984-07-24,1988-05-09,Socialist Group
96784,10,2014-07-01,2019-07-01,Group of the Progressive Alliance of Socialists and Democrats in the European Parliament
96784,7,2009-07-14,2014-06-30,Group of the Progressive Alliance of Socialists and Democrats in the European Parliament
96784,8,2014-07-01,2019-07-01,Group of the Progressive Alliance of Socialists and Democrats in the European Parliament
197781,10,2024-07-16,,Renew Europe Group
197781,9,2019-07-02,2024-07-15,Renew Europe Group
197492,10,2024-07-16,,Group of the European People's Party (Christian Democrats)
197492,9,2019-07-02,2023-10-18,Group of the European People's Party (Christian Democrats)
96639,10,2009-07-14,2014-06-30,Group of the Greens/European Free Alliance
96639,7,2009-07-14,2014-06-30,Group of the Greens/European Free Alliance
756,10,1979-07-17,1984-07-23,Group of the European People's Party (Christian-Democratic Group)
756,1,1979-07-17,1984-07-23,Group of the European People's Party (Christian-Democratic Group)
1035,10,1989-07-25,1993-04-15,Liberal and Democratic Reformist Group
1035,2,1986-12-12,1989-07-24,Liberal and Democratic Reformist Group
1035,3,1989-07-25,1993-04-15,Liberal and Democratic Reformist Group
28224,10,2019-07-02,2024-07-15,Group of the European People's Party (Christian Democrats)
28224,6,2004-07-20,2009-07-13,Group of the European People's Party (Christian Democrats) and European Democrats
28224,7,2009-07-14,2014-06-30,Group of the European People's Party (Christian Democrats)
28224,8,2014-07-01,2019-07-01,Group of the European People's Party (Christian Democrats)
28224,9,2019-07-02,2024-07-15,Group of the European People's Party (Christian Democrats)
197798,10,2019-07-02,2021-06-03,Identity and Democracy Group
197798,10,2021-06-04,2021-09-09,Non-attached Members
197798,10,2021-09-10,2024-07-15,Group of the European People's Party (Christian Democrats)
197798,9,2019-07-02,2021-06-03,Identity and Democracy Group
197798,9,2021-06-04,2021-09-09,Non-attached Members
197798,9,2021-09-10,2024-07-15,Group of the European People's Party (Christian Democrats)
251859,10,2024-01-12,2024-07-15,Renew Europe Group
251859,9,2024-01-12,2024-07-15,Renew Europe Group
850,10,1979-07-17,1984-07-23,Socialist Group
850,1,1979-07-17,1984-07-23,Socialist Group
124876,10,2014-07-01,2018-02-20,European Conservatives and Reformists Group
124876,10,2018-02-21,2019-07-01,Non-attached Members
124876,8,2014-07-01,2018-02-20,European Conservatives and Reformists Group
124876,8,2018-02-21,2019-07-01,Non-attached Members
4528,10,2004-07-20,2007-02-14,Group of the European People's Party (Christian Democrats) and European Democrats
4528,10,2007-02-15,2009-07-13,Group of the European People's Party (Christian Democrats) and European Democrats
4528,5,1999-07-20,2004-07-19,Group of the European People's Party (Christian Democrats) and European Democrats
4528,6,2004-07-20,2007-02-14,Group of the European People's Party (Christian Democrats) and European Democrats
4528,6,2007-02-15,2009-07-13,Group of the European People's Party (Christian Democrats) and European Democrats
1961,10,1994-07-19,1994-08-01,"Group of the European Liberal, Democrat and Reform Party"
1961,10,1994-08-02,1995-02-28,"Group of the European Liberal, Democrat and Reform Party"
1961,10,1995-03-01,1995-09-18,"Group of the European Liberal, Democrat and Reform Party"
1961,4,1994-07-19,1994-08-01,"Group of the European Liberal, Democrat and Reform Party"
1961,4,1994-08-02,1995-02-28,"Group of the European Liberal, Democrat and Reform Party"
1961,4,1995-03-01,1995-09-18,"Group of the European Liberal, Democrat and Reform Party"
188622,10,2017-06-29,2019-07-01,European Conservatives and Reformists Group
188622,8,2017-06-29,2019-07-01,European Conservatives and Reformists Group
28381,10,2004-07-20,2004-11-13,Group of the European People's Party (Christian Democrats) and European Democrats
28381,10,2004-11-14,2005-03-08,Group of the European People's Party (Christian Democrats) and European Democrats
28381,10,2005-03-09,2007-02-14,Group of the European People's Party (Christian Democrats) and European Democrats
28381,10,2007-02-15,2009-07-13,Group of the European People's Party (Christian Democrats) and European Democrats
28381,6,2004-07-20,2004-11-13,Group of the European People's Party (Christian Democrats) and European Democrats
28381,6,2004-11-14,2005-03-08,Group of the European People's Party (Christian Democrats) and European Democrats
28381,6,2005-03-09,2007-02-14,Group of the European People's Party (Christian Democrats) and European Democrats
28381,6,2007-02-15,2009-07-13,Group of the European People's Party (Christian Democrats) and European Democrats
125024,10,2014-07-01,2015-06-14,Non-attached Members
125024,10,2015-06-15,2019-07-01,Europe of Nations and Freedom Group
125024,8,2014-07-01,2015-06-14,Non-attached Members
125024,8,2015-06-15,2019-07-01,Europe of Nations and Freedom Group
1647,10,1984-07-24,1989-07-24,Group of the European People's Party (Christian-Democratic Group)
1647,1,1979-07-17,1984-07-23,Group of the European People's Party (Christian-Democratic Group)
1647,2,1984-07-24,1989-07-24,Group of the European People's Party (Christian-Democratic Group)
97004,10,2009-07-14,2009-07-19,Group of the Alliance of Liberals and Democrats for Europe
97004,10,2009-07-20,2014-06-30,Group of the Alliance of Liberals and Democrats for Europe
97004,7,2009-07-14,2009-07-19,Group of the Alliance of Liberals and Democrats for Europe
97004,7,2009-07-20,2014-06-30,Group of the Alliance of Liberals and Democrats for Europe
652,10,1979-07-17,1979-11-22,Socialist Group
652,1,1979-07-17,1979-11-22,Socialist Group
2296,10,1996-11-11,1999-03-30,"Group of the European Liberal, Democrat and Reform Party"
2296,4,1996-11-11,1999-03-30,"Group of the European Liberal, Democrat and Reform Party"
2172,10,1994-07-19,1999-07-19,Group of the Party of European Socialists
2172,4,1994-07-19,1999-07-19,Group of the Party of European Socialists
28194,10,2004-07-20,2009-07-13,Group of the European People's Party (Christian Democrats) and European Democrats
28194,6,2004-07-20,2009-07-13,Group of the European People's Party (Christian Democrats) and European Democrats
1105,10,1989-07-25,1993-04-20,Socialist Group
1105,10,1993-04-21,1994-07-18,Group of the Party of European Socialists
1105,3,1989-07-25,1993-04-20,Socialist Group
1105,3,1993-04-21,1994-07-18,Group of the Party of European Socialists
204418,10,2024-07-16,,Group of the Progressive Alliance of Socialists and Democrats in the European Parliament
204418,9,2020-02-01,2024-07-15,Group of the Progressive Alliance of Socialists and Democrats in the European Parliament
707,10,1979-07-17,1983-12-30,Group of the European People's Party (Christian-Democratic Group)
707,1,1979-07-17,1983-12-30,Group of the European People's Party (Christian-Democratic Group)
96950,10,2009-07-14,2014-06-30,Group of the Progressive Alliance of Socialists and Democrats in the European Parliament
96950,7,2009-07-14,2014-06-30,Group of the Progressive Alliance of Socialists and Democrats in the European Parliament
124784,10,2024-07-16,,Group of the Progressive Alliance of Socialists and Democrats in the European Parliament
124784,8,2014-07-01,2019-07-01,Group of the Progressive Alliance of Socialists and Democrats in the European Parliament
124784,9,2019-07-02,2024-07-15,Group of the Progressive Alliance of Socialists and Democrats in the European Parliament
2325,10,1998-05-06,1999-07-19,Non-attached
2325,4,1998-05-06,1999-07-19,Non-attached
96815,10,2014-07-01,2019-07-01,Group of the Greens/European Free Alliance
96815,7,2009-07-14,2014-06-30,Group of the Greens/European Free Alliance
96815,8,2014-07-01,2019-07-01,Group of the Greens/European Free Alliance
125035,10,2014-07-01,2019-07-01,Confederal Group of the European United Left
125035,8,2014-07-01,2019-07-01,Confederal Group of the European United Left
761,10,1979-07-17,1984-07-23,European Democratic Group
761,1,1979-07-17,1984-07-23,European Democratic Group
23746,10,2009-07-14,2014-06-30,Group of the European People's Party (Christian Democrats)
23746,5,2003-04-28,2004-04-30,Group of the European People's Party (Christian Democrats) and European Democrats
23746,5,2004-05-01,2004-07-19,Group of the European People's Party (Christian Democrats) and European Democrats
23746,6,2004-07-20,2004-08-30,Group of the European People's Party (Christian Democrats) and European Democrats
23746,6,2004-08-31,2009-07-13,Group of the European People's Party (Christian Democrats) and European Democrats
23746,7,2009-07-14,2014-06-30,Group of the European People's Party (Christian Democrats)
197675,10,2019-07-02,2024-07-15,Group of the Greens/European Free Alliance
197675,9,2019-07-02,2024-07-15,Group of the Greens/European Free Alliance
26621,10,2004-02-19,2004-06-28,"Group of the European Liberal, Democrat and Reform Party"
26621,5,2004-02-19,2004-06-28,"Group of the European Liberal, Democrat and Reform Party"
5689,10,1999-11-27,2004-07-19,Group of the European People's Party (Christian Democrats) and European Democrats
5689,5,1999-11-27,2004-07-19,Group of the European People's Party (Christian Democrats) and European Democrats
96931,10,2014-07-01,2019-07-01,Group of the European People's Party (Christian Democrats)
96931,7,2009-07-14,2014-06-30,Group of the European People's Party (Christian Democrats)
96931,8,2014-07-01,2019-07-01,Group of the European People's Party (Christian Democrats)
1421,10,1989-07-25,1992-04-30,European Democratic Group
1421,10,1992-05-01,1994-07-18,Group of the European People's Party (Christian-Democratic Group)
1421,1,1979-07-17,1982-03-08,European Democratic Group
1421,1,1982-03-09,1983-04-10,European Democratic Group
1421,1,1983-04-11,1984-07-23,European Democratic Group
1421,2,1984-07-24,1989-07-24,European Democratic Group
1421,3,1989-07-25,1992-04-30,European Democratic Group
1421,3,1992-05-01,1994-07-18,Group of the European People's Party (Christian-Democratic Group)
2082,10,1999-07-20,2004-07-19,Group of the Party of European Socialists
2082,4,1994-07-19,1999-07-19,Group of the Party of European Socialists
2082,5,1999-07-20,2004-07-19,Group of the Party of European Socialists
2229,10,2009-07-14,2014-06-30,Group of the European People's Party (Christian Democrats)
2229,4,1994-07-19,1999-07-19,Group of the European People's Party (Christian-Democratic Group)
2229,5,1999-07-20,2004-07-19,Group of the European People's Party (Christian Democrats) and European Democrats
2229,6,2004-07-20,2009-07-13,Group of the European People's Party (Christian Democrats) and European Democrats
2229,7,2009-07-14,2014-06-30,Group of the European People's Party (Christian Democrats)
96802,10,2009-07-14,2011-12-28,European Conservatives and Reformists Group
96802,10,2011-12-29,2014-06-30,Europe of freedom and democracy Group
96802,7,2009-07-14,2011-12-28,European Conservatives and Reformists Group
96802,7,2011-12-29,2014-06-30,Europe of freedom and democracy Group
97078,10,2014-07-01,2019-07-01,Group of the Progressive Alliance of Socialists and Democrats in the European Parliament
97078,7,2009-07-14,2010-10-20,Group of the Progressive Alliance of Socialists and Democrats in the European Parliament
97078,8,2014-07-01,2019-07-01,Group of the Progressive Alliance of Socialists and Democrats in the European Parliament
1147,10,1989-07-25,1989-11-16,Liberal and Democratic Reformist Group
1147,3,1989-07-25,1989-11-16,Liberal and Democratic Reformist Group
28422,10,2009-07-14,2014-06-30,Group of the European People's Party (Christian Democrats)
28422,6,2004-07-20,2009-07-13,Group of the European People's Party (Christian Democrats) and European Democrats
28422,7,2009-07-14,2014-06-30,Group of the European People's Party (Christian Democrats)
1146,10,1994-07-19,1999-07-19,Group of the European People's Party (Christian-Democratic Group)
1146,3,1989-07-25,1992-04-30,European Democratic Group
1146,3,1992-05-01,1994-07-18,Group of the European People's Party (Christian-Democratic Group)
1146,4,1994-07-19,1999-07-19,Group of the European People's Party (Christian-Democratic Group)
197441,10,2024-07-16,2024-08-23,Group of the Progressive Alliance of Socialists and Democrats in the European Parliament
197441,9,2019-07-02,2024-07-15,Group of the Progressive Alliance of Socialists and Democrats in the European Parliament
197441,1,2024-07-16,2024-08-23,Group of the Progressive Alliance of Socialists and Democrats in the European Parliament
1336,10,1989-07-25,1989-11-15,Liberal and Democratic Reformist Group
1336,10,1989-11-16,1992-01-26,Liberal and Democratic Reformist Group
1336,10,1992-01-27,1994-07-18,Liberal and Democratic Reformist Group
1336,2,1987-07-06,1987-09-16,Non-attached
1336,2,1987-09-17,1987-11-17,Technical Coordination and Defence of Independent Groups and Members
1336,2,1987-11-18,1989-07-24,Non-attached
1336,3,1989-07-25,1989-11-15,Liberal and Democratic Reformist Group
1336,3,1989-11-16,1992-01-26,Liberal and Democratic Reformist Group
1336,3,1992-01-27,1994-07-18,Liberal and Democratic Reformist Group
28862,10,2004-07-20,2009-07-13,Group of the Alliance of Liberals and Democrats for Europe
28862,2,1985-10-09,1985-12-12,Liberal and Democratic Group
28862,2,1985-12-13,1988-05-13,Liberal and Democratic Reformist Group
28862,2,1988-05-14,1989-07-24,Liberal and Democratic Reformist Group
28862,3,1990-06-12,1991-01-19,Liberal and Democratic Reformist Group
28862,3,1991-01-30,1994-07-18,Liberal and Democratic Reformist Group
28862,4,1994-07-19,1994-08-01,"Group of the European Liberal, Democrat and Reform Party"
28862,4,1994-08-02,1994-10-16,"Group of the European Liberal, Democrat and Reform Party"
28862,6,2004-07-20,2009-07-13,Group of the Alliance of Liberals and Democrats for Europe
4324,10,1999-07-20,2002-06-16,Group of the European People's Party (Christian Democrats) and European Democrats
4324,5,1999-07-20,2002-06-16,Group of the European People's Party (Christian Democrats) and European Democrats
1623,10,1984-07-24,1985-02-10,European Democratic Group
1623,10,1985-02-11,1986-10-05,European Democratic Group
1623,10,1986-10-06,1987-04-05,European Democratic Group
1623,10,1987-04-06,1988-11-05,European Democratic Group
1623,2,1984-07-24,1985-02-10,European Democratic Group
1623,2,1985-02-11,1986-10-05,European Democratic Group
1623,2,1986-10-06,1987-04-05,European Democratic Group
1623,2,1987-04-06,1988-11-05,European Democratic Group
28129,10,2004-07-20,2009-07-13,Socialist Group in the European Parliament
28129,6,2004-07-20,2009-07-13,Socialist Group in the European Parliament
24942,10,2024-07-16,,Group of the Greens/European Free Alliance
24942,7,2012-01-01,2013-07-09,Group of the Greens/European Free Alliance
24942,8,2018-02-28,2018-03-01,Confederal Group of the European United Left
24942,8,2018-03-02,2019-07-01,Group of the Greens/European Free Alliance
24942,9,2022-09-05,2024-07-15,Group of the Greens/European Free Alliance
23785,10,2014-07-01,2019-07-01,Group of the European People's Party (Christian Democrats)
23785,5,2003-04-23,2004-04-30,Group of the European People's Party (Christian Democrats) and European Democrats
23785,5,2004-05-01,2004-07-19,Group of the European People's Party (Christian Democrats) and European Democrats
23785,7,2009-07-14,2009-09-15,Group of the European People's Party (Christian Democrats)
23785,7,2009-09-16,2014-06-30,Group of the European People's Party (Christian Democrats)
23785,8,2014-07-01,2019-07-01,Group of the European People's Party (Christian Democrats)
96805,10,2014-07-01,2014-10-15,Europe of Freedom and Direct Democracy Group
96805,10,2014-10-16,2014-10-19,Non-attached Members
96805,10,2014-10-20,2019-07-01,Europe of Freedom and Direct Democracy Group
96805,7,2009-07-14,2014-06-30,Europe of freedom and democracy Group
96805,8,2014-07-01,2014-10-15,Europe of Freedom and Direct Democracy Group
96805,8,2014-10-16,2014-10-19,Non-attached Members
96805,8,2014-10-20,2019-07-01,Europe of Freedom and Direct Democracy Group
110984,10,2011-12-01,2014-06-30,Group of the Progressive Alliance of Socialists and Democrats in the European Parliament
110984,7,2011-12-01,2014-06-30,Group of the Progressive Alliance of Socialists and Democrats in the European Parliament
1796,10,1988-05-16,1989-07-24,Socialist Group
1796,2,1988-05-16,1989-07-24,Socialist Group
956,10,1994-07-19,1999-07-19,Group of the European People's Party (Christian-Democratic Group)
956,1,1979-07-17,1981-12-16,Group of the European People's Party (Christian-Democratic Group)
956,3,1989-07-25,1992-01-20,Group of the European People's Party (Christian-Democratic Group)
956,3,1992-01-21,1994-07-18,Group of the European People's Party (Christian-Democratic Group)
956,4,1994-07-19,1999-07-19,Group of the European People's Party (Christian-Democratic Group)
899,10,1981-01-01,1981-10-18,Socialist Group
899,1,1981-01-01,1981-10-18,Socialist Group
1195,10,1989-07-25,1993-04-17,Group of the European Democratic Alliance
1195,2,1984-07-24,1989-07-24,Group of the European Democratic Alliance
1195,3,1989-07-25,1993-04-17,Group of the European Democratic Alliance
28170,10,2009-07-14,2009-09-15,Group of the European People's Party (Christian Democrats)
28170,10,2009-09-16,2014-06-30,Group of the European People's Party (Christian Democrats)
28170,6,2004-07-20,2004-11-13,Group of the European People's Party (Christian Democrats) and European Democrats
28170,6,2004-11-14,2009-07-13,Group of the European People's Party (Christian Democrats) and European Democrats
28170,7,2009-07-14,2009-09-15,Group of the European People's Party (Christian Democrats)
28170,7,2009-09-16,2014-06-30,Group of the European People's Party (Christian Democrats)
23778,10,2003-04-23,2004-04-30,Group of the European People's Party (Christian Democrats) and European Democrats
23778,10,2004-05-01,2004-07-19,Group of the European People's Party (Christian Democrats) and European Democrats
23778,5,2003-04-23,2004-04-30,Group of the European People's Party (Christian Democrats) and European Democrats
23778,5,2004-05-01,2004-07-19,Group of the European People's Party (Christian Democrats) and European Democrats
1359,10,1989-07-25,1993-04-20,Socialist Group
1359,10,1993-04-21,1994-07-18,Group of the Party of European Socialists
1359,2,1986-01-01,1987-07-05,Socialist Group
1359,2,1987-07-06,1989-07-24,Socialist Group
1359,3,1989-07-25,1993-04-20,Socialist Group
1359,3,1993-04-21,1994-07-18,Group of the Party of European Socialists
197749,10,2019-07-02,2020-01-31,Renew Europe Group
197749,9,2019-07-02,2020-01-31,Renew Europe Group
2265,10,1995-10-09,1999-07-19,The Green Group in the European Parliament
2265,4,1995-10-09,1999-07-19,The Green Group in the European Parliament
132366,10,2023-04-12,2024-07-15,European Conservatives and Reformists Group
132366,8,2015-04-27,2019-07-01,European Conservatives and Reformists Group
132366,9,2023-04-12,2024-07-15,European Conservatives and Reformists Group
185619,10,2024-07-16,,Group of the Progressive Alliance of Socialists and Democrats in the European Parliament
185619,8,2016-11-14,2019-07-01,Group of the Progressive Alliance of Socialists and Democrats in the European Parliament
185619,9,2019-07-02,2024-07-15,Group of the Progressive Alliance of Socialists and Democrats in the European Parliament
936,10,1979-07-17,1981-09-27,Communist and Allies Group
936,1,1979-07-17,1981-09-27,Communist and Allies Group
739,10,1980-10-09,1984-07-23,Socialist Group
739,1,1980-10-09,1984-07-23,Socialist Group
1057,10,1994-07-19,1997-01-28,The Green Group in the European Parliament
1057,10,1997-01-29,1998-11-18,The Green Group in the European Parliament
1057,3,1989-07-25,1991-05-31,The Green Group in the European Parliament
1057,3,1991-06-01,1994-07-18,The Green Group in the European Parliament
1057,4,1994-07-19,1997-01-28,The Green Group in the European Parliament
1057,4,1997-01-29,1998-11-18,The Green Group in the European Parliament
96884,10,2014-07-01,2019-07-01,Group of the European People's Party (Christian Democrats)
96884,7,2009-07-14,2014-06-30,Group of the European People's Party (Christian Democrats)
96884,8,2014-07-01,2019-07-01,Group of the European People's Party (Christian Democrats)
197681,10,2019-07-02,2019-07-17,Group of the European United Left
197681,10,2019-07-18,2020-12-17,Group of the European United Left
197681,10,2020-12-18,2023-11-20,The Left group in the European Parliament
197681,9,2019-07-02,2019-07-17,Group of the European United Left
197681,9,2019-07-18,2020-12-17,Group of the European United Left
197681,9,2020-12-18,2023-11-20,The Left group in the European Parliament
197490,10,2024-07-16,,Group of the European People's Party (Christian Democrats)
197490,9,2019-07-02,2024-07-15,Group of the European People's Party (Christian Democrats)
96999,10,2009-07-14,2014-06-30,Group of the Progressive Alliance of Socialists and Democrats in the European Parliament
96999,7,2009-07-14,2014-06-30,Group of the Progressive Alliance of Socialists and Democrats in the European Parliament
26829,10,2009-07-14,2009-07-19,Group of the Alliance of Liberals and Democrats for Europe
26829,10,2009-07-20,2014-06-30,Group of the Alliance of Liberals and Democrats for Europe
26829,5,2004-05-01,2004-07-19,"Group of the European Liberal, Democrat and Reform Party"
26829,6,2004-07-20,2009-07-13,Group of the Alliance of Liberals and Democrats for Europe
26829,7,2009-07-14,2009-07-19,Group of the Alliance of Liberals and Democrats for Europe
26829,7,2009-07-20,2014-06-30,Group of the Alliance of Liberals and Democrats for Europe
28329,10,2004-07-20,2006-04-27,Socialist Group in the European Parliament
28329,6,2004-07-20,2006-04-27,Socialist Group in the European Parliament
951,10,1981-09-01,1984-07-23,Socialist Group
951,1,1981-09-01,1984-07-23,Socialist Group
38847,10,2007-07-04,2009-07-13,Socialist Group in the European Parliament
38847,6,2007-07-04,2009-07-13,Socialist Group in the European Parliament
28116,10,2014-07-01,2019-07-01,Group of the Alliance of Liberals and Democrats for Europe
28116,6,2004-07-20,2009-07-13,Group of the Alliance of Liberals and Democrats for Europe
28116,7,2009-07-14,2009-07-19,Group of the Alliance of Liberals and Democrats for Europe
28116,7,2009-07-20,2014-06-30,Group of the Alliance of Liberals and Democrats for Europe
28116,8,2014-07-01,2019-07-01,Group of the Alliance of Liberals and Democrats for Europe
111018,10,2011-12-01,2014-06-30,Group of the European People's Party (Christian Democrats)
111018,7,2011-12-01,2014-06-30,Group of the European People's Party (Christian Democrats)
1329,10,1999-04-09,1999-07-19,Group of the Party of European Socialists
1329,2,1986-01-01,1987-07-05,Socialist Group
1329,2,1987-07-06,1989-07-24,Socialist Group
1329,3,1989-07-25,1993-04-20,Socialist Group
1329,3,1993-04-21,1994-07-18,Group of the Party of European Socialists
1329,4,1999-04-09,1999-07-19,Group of the Party of European Socialists
1506,10,1984-07-24,1989-07-24,European Democratic Group
1506,1,1979-07-17,1984-07-23,European Democratic Group
1506,2,1984-07-24,1989-07-24,European Democratic Group
23690,10,2003-04-23,2004-04-30,Group of the European People's Party (Christian Democrats) and European Democrats
23690,10,2004-05-01,2004-07-19,Group of the European People's Party (Christian Democrats) and European Democrats
23690,5,2003-04-23,2004-04-30,Group of the European People's Party (Christian Democrats) and European Democrats
23690,5,2004-05-01,2004-07-19,Group of the European People's Party (Christian Democrats) and European Democrats
753,10,1979-07-17,1979-10-31,Socialist Group
753,1,1979-07-17,1979-10-31,Socialist Group
4341,10,1999-07-20,2004-07-19,Group of the European People's Party (Christian Democrats) and European Democrats
4341,5,1999-07-20,2004-07-19,Group of the European People's Party (Christian Democrats) and European Democrats
2160,10,1994-07-19,1994-09-05,Group of the Party of European Socialists
2160,10,1994-09-06,1995-10-15,Group of the Party of European Socialists
2160,4,1994-07-19,1994-09-05,Group of the Party of European Socialists
2160,4,1994-09-06,1995-10-15,Group of the Party of European Socialists
5956,10,2009-07-14,2014-06-30,Group of the European People's Party (Christian Democrats)
5956,5,2000-09-01,2004-07-19,Group of the European People's Party (Christian Democrats) and European Democrats
5956,7,2009-07-14,2014-06-30,Group of the European People's Party (Christian Democrats)
124851,10,2014-07-01,2019-07-01,Group of the Progressive Alliance of Socialists and Democrats in the European Parliament
124851,8,2014-07-01,2019-07-01,Group of the Progressive Alliance of Socialists and Democrats in the European Parliament
1085,10,1994-07-19,1999-07-19,Group of the Party of European Socialists
1085,3,1989-07-25,1993-04-20,Socialist Group
1085,3,1993-04-21,1994-07-18,Group of the Party of European Socialists
1085,4,1994-07-19,1999-07-19,Group of the Party of European Socialists
23740,10,2003-04-28,2004-04-30,Group of the Party of European Socialists
23740,10,2004-05-01,2004-07-19,Group of the Party of European Socialists
23740,5,2003-04-28,2004-04-30,Group of the Party of European Socialists
23740,5,2004-05-01,2004-07-19,Group of the Party of European Socialists
197589,10,2024-07-16,,Renew Europe Group
197589,9,2019-07-02,2024-07-15,Renew Europe Group
28148,10,2009-07-14,2014-06-30,Group of the Progressive Alliance of Socialists and Democrats in the European Parliament
28148,6,2004-07-20,2009-07-13,Socialist Group in the European Parliament
28148,7,2009-07-14,2014-06-30,Group of the Progressive Alliance of Socialists and Democrats in the European Parliament
33995,10,2005-09-26,2006-12-31,Group of the Alliance of Liberals and Democrats for Europe
33995,10,2007-01-01,2007-02-26,Group of the Alliance of Liberals and Democrats for Europe
33995,10,2007-02-27,2007-12-09,Group of the Alliance of Liberals and Democrats for Europe
33995,6,2005-09-26,2006-12-31,Group of the Alliance of Liberals and Democrats for Europe
33995,6,2007-01-01,2007-02-26,Group of the Alliance of Liberals and Democrats for Europe
33995,6,2007-02-27,2007-12-09,Group of the Alliance of Liberals and Democrats for Europe
23759,10,2003-04-23,2004-04-30,Group of the Party of European Socialists
23759,10,2004-05-01,2004-07-19,Group of the Party of European Socialists
23759,5,2003-04-23,2004-04-30,Group of the Party of European Socialists
23759,5,2004-05-01,2004-07-19,Group of the Party of European Socialists
197667,10,2019-07-02,2024-07-15,Group of the European People's Party (Christian Democrats)
197667,9,2019-07-02,2024-07-15,Group of the European People's Party (Christian Democrats)
937,10,1979-07-17,1984-07-23,Group of European Progressive Democrats
937,1,1979-07-17,1984-07-23,Group of European Progressive Democrats
2126,10,1995-01-01,1996-11-10,Group of the European People's Party (Christian-Democratic Group)
2126,4,1995-01-01,1996-11-10,Group of the European People's Party (Christian-Democratic Group)
38542,10,2024-07-16,,Group of the Progressive Alliance of Socialists and Democrats in the European Parliament
38542,9,2019-07-02,2021-11-29,Group of the Progressive Alliance of Socialists and Democrats in the European Parliament
945,10,2004-07-20,2009-07-13,Group of the European People's Party (Christian Democrats) and European Democrats
945,2,1984-07-24,1987-10-25,Group of the European People's Party (Christian-Democratic Group)
945,2,1987-10-26,1989-07-24,Group of the European People's Party (Christian-Democratic Group)
945,3,1989-07-25,1994-07-18,Group of the European People's Party (Christian-Democratic Group)
945,4,1994-07-19,1994-07-27,Group of the European People's Party (Christian-Democratic Group)
945,4,1994-07-28,1999-07-19,Group of the European People's Party (Christian-Democratic Group)
945,5,1999-07-20,1999-10-11,Group of the European People's Party (Christian Democrats) and European Democrats
945,5,1999-10-12,2002-03-07,Group of the European People's Party (Christian Democrats) and European Democrats
945,5,2002-03-08,2002-06-16,Group of the European People's Party (Christian Democrats) and European Democrats
945,6,2004-07-20,2009-07-13,Group of the European People's Party (Christian Democrats) and European Democrats
859,10,1979-07-17,1984-07-23,Group of the European People's Party (Christian-Democratic Group)
859,1,1979-07-17,1984-07-23,Group of the European People's Party (Christian-Democratic Group)
96707,10,2009-07-14,2014-06-30,Group of the European People's Party (Christian Democrats)
96707,7,2009-07-14,2014-06-30,Group of the European People's Party (Christian Democrats)
97236,10,2024-07-16,2024-11-12,Group of the Greens/European Free Alliance
97236,10,2024-11-13,,Group of the Greens/European Free Alliance
97236,9,2019-07-02,2022-01-10,Group of the Greens/European Free Alliance
97236,9,2022-01-11,2024-07-15,Group of the Greens/European Free Alliance
96654,10,2009-07-14,2010-02-15,Europe of freedom and democracy Group
96654,10,2010-02-16,2014-06-30,Europe of freedom and democracy Group
96654,7,2009-07-14,2010-02-15,Europe of freedom and democracy Group
96654,7,2010-02-16,2014-06-30,Europe of freedom and democracy Group
4283,10,2009-07-14,2012-03-16,Group of the European People's Party (Christian Democrats)
4283,5,1999-07-20,2004-07-19,Group of the European People's Party (Christian Democrats) and European Democrats
4283,6,2004-07-20,2009-07-13,Group of the European People's Party (Christian Democrats) and European Democrats
4283,7,2009-07-14,2012-03-16,Group of the European People's Party (Christian Democrats)
124586,10,2019-07-02,2021-03-04,Group of the European People's Party (Christian Democrats)
124586,10,2021-03-05,2024-07-15,Non-attached Members
124586,7,2014-05-15,2014-06-30,Group of the European People's Party (Christian Democrats)
124586,9,2019-07-02,2021-03-04,Group of the European People's Party (Christian Democrats)
124586,9,2021-03-05,2024-07-15,Non-attached Members
96777,10,2009-07-14,2014-06-30,Group of the European People's Party (Christian Democrats)
96777,7,2009-07-14,2014-06-30,Group of the European People's Party (Christian Democrats)
4431,10,1999-07-20,2004-07-19,"Group of the European Liberal, Democrat and Reform Party"
4431,5,1999-07-20,2004-07-19,"Group of the European Liberal, Democrat and Reform Party"
2122,10,1995-01-01,1996-11-10,"Group of the European Liberal, Democrat and Reform Party"
2122,10,1996-11-11,1999-07-19,"Group of the European Liberal, Democrat and Reform Party"
2122,4,1995-01-01,1996-11-10,"Group of the European Liberal, Democrat and Reform Party"
2122,4,1996-11-11,1999-07-19,"Group of the European Liberal, Democrat and Reform Party"
1484,10,1984-07-24,1989-07-24,Socialist Group
1484,1,1979-11-29,1984-07-23,Socialist Group
1484,2,1984-07-24,1989-07-24,Socialist Group
96799,10,2009-07-14,2014-06-30,Group of the European People's Party (Christian Democrats)
96799,7,2009-07-14,2014-06-30,Group of the European People's Party (Christian Democrats)
28334,10,2016-06-24,2019-07-01,European Conservatives and Reformists Group
28334,6,2004-07-20,2007-02-12,Independence/Democracy Group
28334,6,2007-02-13,2009-07-13,Independence/Democracy Group
28334,8,2016-06-24,2019-07-01,European Conservatives and Reformists Group
1190,10,1999-07-20,2004-07-19,Group of the Party of European Socialists
1190,3,1989-07-25,1993-04-20,Socialist Group
1190,3,1993-04-21,1994-07-18,Group of the Party of European Socialists
1190,4,1994-07-19,1999-07-19,Group of the Party of European Socialists
1190,5,1999-07-20,2004-07-19,Group of the Party of European Socialists
23843,10,2003-04-23,2004-04-30,Group of the European People's Party (Christian Democrats) and European Democrats
23843,10,2004-05-01,2004-07-19,Group of the European People's Party (Christian Democrats) and European Democrats
23843,5,2003-04-23,2004-04-30,Group of the European People's Party (Christian Democrats) and European Democrats
23843,5,2004-05-01,2004-07-19,Group of the European People's Party (Christian Democrats) and European Democrats
96676,10,2009-07-14,2014-06-30,Group of the Greens/European Free Alliance
96676,7,2009-07-14,2014-06-30,Group of the Greens/European Free Alliance
124994,10,2014-07-01,2019-07-01,Group of the Greens/European Free Alliance
124994,8,2014-07-01,2019-07-01,Group of the Greens/European Free Alliance
2230,10,1999-07-20,2004-07-19,Group of the Greens/European Free Alliance
2230,4,1994-07-19,1999-07-19,The Green Group in the European Parliament
2230,5,1999-07-20,2004-07-19,Group of the Greens/European Free Alliance
838,10,1979-07-19,1981-02-08,Liberal and Democratic Group
838,10,1981-02-09,1982-01-14,Liberal and Democratic Group
838,1,1979-07-19,1981-02-08,Liberal and Democratic Group
838,1,1981-02-09,1982-01-14,Liberal and Democratic Group
124776,10,2014-07-01,2019-07-01,Group of the Progressive Alliance of Socialists and Democrats in the European Parliament
124776,8,2014-07-01,2019-07-01,Group of the Progressive Alliance of Socialists and Democrats in the European Parliament
1467,10,1994-07-19,1994-11-28,Group of the European People's Party (Christian-Democratic Group)
1467,10,1994-11-29,1999-07-19,Group of the European People's Party (Christian-Democratic Group)
1467,1,1979-07-17,1984-07-23,Group of the European People's Party (Christian-Democratic Group)
1467,2,1984-07-24,1985-02-10,Group of the European People's Party (Christian-Democratic Group)
1467,2,1985-02-11,1989-07-24,Group of the European People's Party (Christian-Democratic Group)
1467,3,1989-07-25,1992-01-20,Group of the European People's Party (Christian-Democratic Group)
1467,3,1992-01-21,1994-07-18,Group of the European People's Party (Christian-Democratic Group)
1467,4,1994-07-19,1994-11-28,Group of the European People's Party (Christian-Democratic Group)
1467,4,1994-11-29,1999-07-19,Group of the European People's Party (Christian-Democratic Group)
1964,10,1999-07-20,1999-09-12,"Group of the European Liberal, Democrat and Reform Party"
1964,10,1999-09-13,2001-10-07,"Group of the European Liberal, Democrat and Reform Party"
1964,4,1994-07-19,1997-01-27,"Group of the European Liberal, Democrat and Reform Party"
1964,4,1997-01-28,1999-07-19,"Group of the European Liberal, Democrat and Reform Party"
1964,5,1999-07-20,1999-09-12,"Group of the European Liberal, Democrat and Reform Party"
1964,5,1999-09-13,2001-10-07,"Group of the European Liberal, Democrat and Reform Party"
667,10,1980-10-13,1981-02-08,Group of European Progressive Democrats
667,10,1981-02-09,1984-07-23,Group of European Progressive Democrats
667,1,1980-10-13,1981-02-08,Group of European Progressive Democrats
667,1,1981-02-09,1984-07-23,Group of European Progressive Democrats
23844,10,2003-04-22,2004-04-30,Group of the European People's Party (Christian Democrats) and European Democrats
23844,10,2004-05-01,2004-07-19,Group of the European People's Party (Christian Democrats) and European Democrats
23844,5,2003-04-22,2004-04-30,Group of the European People's Party (Christian Democrats) and European Democrats
23844,5,2004-05-01,2004-07-19,Group of the European People's Party (Christian Democrats) and European Democrats
834,10,1979-07-17,1980-01-14,Socialist Group
834,1,1979-07-17,1980-01-14,Socialist Group
821,10,1979-07-17,1980-09-18,Socialist Group
821,1,1979-07-17,1980-09-18,Socialist Group
96827,10,2009-07-14,2014-06-30,Group of the European People's Party (Christian Democrats)
96827,7,2009-07-14,2014-06-30,Group of the European People's Party (Christian Democrats)
124951,10,2014-07-01,2014-10-15,Europe of Freedom and Direct Democracy Group
124951,10,2014-10-16,2014-10-19,Non-attached Members
124951,10,2014-10-20,2019-07-01,Europe of Freedom and Direct Democracy Group
124951,8,2014-07-01,2014-10-15,Europe of Freedom and Direct Democracy Group
124951,8,2014-10-16,2014-10-19,Non-attached Members
124951,8,2014-10-20,2019-07-01,Europe of Freedom and Direct Democracy Group
1349,10,1999-07-20,2000-03-07,Group of the Party of European Socialists
1349,10,2000-03-08,2002-01-16,Group of the Party of European Socialists
1349,10,2002-01-17,2004-02-25,Group of the Party of European Socialists
1349,2,1986-01-01,1987-07-05,Socialist Group
1349,2,1987-07-06,1989-07-24,Socialist Group
1349,3,1989-07-25,1993-04-20,Socialist Group
1349,3,1993-04-21,1994-07-18,Group of the Party of European Socialists
1349,4,1994-07-19,1999-07-19,Group of the Party of European Socialists
1349,5,1999-07-20,2000-03-07,Group of the Party of European Socialists
1349,5,2000-03-08,2002-01-16,Group of the Party of European Socialists
1349,5,2002-01-17,2004-02-25,Group of the Party of European Socialists
2083,10,1994-07-19,1994-11-30,Confederal Group of the European United Left
2083,10,1994-12-01,1995-01-05,Confederal Group of the European United Left
2083,10,1995-01-06,1995-01-19,Confederal Group of the European United Left/Nordic Green Left
2083,10,1995-01-20,1997-02-13,Confederal Group of the European United Left/Nordic Green Left
2083,10,1997-02-14,1999-07-19,Confederal Group of the European United Left/Nordic Green Left
2083,4,1994-07-19,1994-11-30,Confederal Group of the European United Left
2083,4,1994-12-01,1995-01-05,Confederal Group of the European United Left
2083,4,1995-01-06,1995-01-19,Confederal Group of the European United Left/Nordic Green Left
2083,4,1995-01-20,1997-02-13,Confederal Group of the European United Left/Nordic Green Left
2083,4,1997-02-14,1999-07-19,Confederal Group of the European United Left/Nordic Green Left
4421,10,1999-07-20,2001-06-11,Group of the European People's Party (Christian Democrats) and European Democrats
4421,5,1999-07-20,2001-06-11,Group of the European People's Party (Christian Democrats) and European Democrats
940,10,1989-11-16,1993-04-20,Socialist Group
940,10,1993-04-21,1994-07-18,Group of the Party of European Socialists
940,3,1989-11-16,1993-04-20,Socialist Group
940,3,1993-04-21,1994-07-18,Group of the Party of European Socialists
1308,10,1999-07-20,1999-12-30,Group of the Party of European Socialists
1308,3,1989-07-25,1991-06-04,Socialist Group
1308,3,1991-06-05,1993-04-20,Socialist Group
1308,3,1993-04-21,1993-07-13,Group of the Party of European Socialists
1308,3,1993-07-14,1994-07-18,Group of the Party of European Socialists
1308,4,1994-07-19,1999-07-19,Group of the Party of European Socialists
1308,5,1999-07-20,1999-12-30,Group of the Party of European Socialists
25703,10,2003-10-01,2004-07-19,Group of the European People's Party (Christian Democrats) and European Democrats
25703,5,2003-10-01,2004-07-19,Group of the European People's Party (Christian Democrats) and European Democrats
28121,10,2004-07-20,2008-09-30,Socialist Group in the European Parliament
28121,6,2004-07-20,2008-09-30,Socialist Group in the European Parliament
28581,10,2004-07-20,2009-07-13,Socialist Group in the European Parliament
28581,6,2004-07-20,2009-07-13,Socialist Group in the European Parliament
124795,10,2024-07-16,,Group of the European People's Party (Christian Democrats)
124795,8,2014-07-01,2014-07-08,Non-attached Members
23787,10,2014-07-01,2019-07-01,Group of the European People's Party (Christian Democrats)
23787,5,2003-04-23,2004-04-30,Group of the European People's Party (Christian Democrats) and European Democrats
23787,5,2004-05-01,2004-07-19,Group of the European People's Party (Christian Democrats) and European Democrats
23787,6,2004-07-20,2009-07-13,Group of the European People's Party (Christian Democrats) and European Democrats
23787,7,2009-07-14,2014-06-30,Group of the European People's Party (Christian Democrats)
23787,8,2014-07-01,2019-07-01,Group of the European People's Party (Christian Democrats)
4282,10,2014-07-01,2019-07-01,Group of the European People's Party (Christian Democrats)
4282,5,1999-07-20,2004-07-19,Group of the European People's Party (Christian Democrats) and European Democrats
4282,6,2004-07-20,2009-07-13,Group of the European People's Party (Christian Democrats) and European Democrats
4282,7,2009-07-14,2009-09-15,Group of the European People's Party (Christian Democrats)
4282,7,2009-09-16,2014-06-30,Group of the European People's Party (Christian Democrats)
4282,8,2014-07-01,2019-07-01,Group of the European People's Party (Christian Democrats)
197835,10,2019-07-02,2024-07-15,Group of the European People's Party (Christian Democrats)
197835,9,2019-07-02,2024-07-15,Group of the European People's Party (Christian Democrats)
4333,10,1999-07-20,2004-07-19,Group of the Party of European Socialists
4333,5,1999-07-20,2004-07-19,Group of the Party of European Socialists
2135,10,1999-07-20,2004-07-19,Group of the Party of European Socialists
2135,4,1994-07-19,1999-07-19,Group of the Party of European Socialists
2135,5,1999-07-20,2004-07-19,Group of the Party of European Socialists
2250,10,1994-07-19,1995-07-04,Forza Europa Group
2250,10,1995-07-05,1996-12-09,Group Union for Europe
2250,10,1996-12-10,1998-06-14,Group Union for Europe
2250,10,1998-06-15,1999-07-19,Group of the European People's Party (Christian-Democratic Group)
2250,4,1994-07-19,1995-07-04,Forza Europa Group
2250,4,1995-07-05,1996-12-09,Group Union for Europe
2250,4,1996-12-10,1998-06-14,Group Union for Europe
2250,4,1998-06-15,1999-07-19,Group of the European People's Party (Christian-Democratic Group)
2064,10,1999-07-20,2004-07-19,Group of the Party of European Socialists
2064,4,1994-07-19,1998-07-08,Group of the Party of European Socialists
2064,4,1998-07-09,1999-07-19,Group of the Party of European Socialists
2064,5,1999-07-20,2004-07-19,Group of the Party of European Socialists
132191,10,2019-07-02,2024-05-22,Identity and Democracy Group
132191,10,2024-05-23,2024-07-15,Non-attached Members
132191,9,2019-07-02,2024-05-22,Identity and Democracy Group
132191,9,2024-05-23,2024-07-15,Non-attached Members
647,10,1979-07-17,1983-05-26,Group of European Progressive Democrats
647,1,1979-07-17,1983-05-26,Group of European Progressive Democrats
40601,10,2008-04-07,2009-07-13,Socialist Group in the European Parliament
40601,6,2008-04-07,2009-07-13,Socialist Group in the European Parliament
25919,10,2009-07-14,2014-06-30,Group of the European People's Party (Christian Democrats)
25919,5,2003-11-14,2004-07-19,Group of the European People's Party (Christian Democrats) and European Democrats
25919,6,2008-12-04,2009-07-13,Group of the European People's Party (Christian Democrats) and European Democrats
25919,7,2009-07-14,2014-06-30,Group of the European People's Party (Christian Democrats)
34230,10,2005-09-26,2006-12-31,Socialist Group in the European Parliament
34230,10,2007-01-01,2007-06-05,Socialist Group in the European Parliament
34230,6,2005-09-26,2006-12-31,Socialist Group in the European Parliament
34230,6,2007-01-01,2007-06-05,Socialist Group in the European Parliament
1985,10,2014-07-01,2019-07-01,Group of the Progressive Alliance of Socialists and Democrats in the European Parliament
1985,4,1994-07-19,1994-09-05,Group of the Party of European Socialists
1985,4,1994-09-06,1997-09-30,Group of the Party of European Socialists
1985,4,1997-10-01,1999-07-19,Group of the Party of European Socialists
1985,5,1999-07-20,2004-07-19,Group of the Party of European Socialists
1985,6,2004-07-20,2009-07-13,Socialist Group in the European Parliament
1985,7,2009-07-14,2014-06-30,Group of the Progressive Alliance of Socialists and Democrats in the European Parliament
1985,8,2014-07-01,2019-07-01,Group of the Progressive Alliance of Socialists and Democrats in the European Parliament
96876,10,2014-07-01,2019-07-01,Group of the European People's Party (Christian Democrats)
96876,7,2009-07-14,2009-09-15,Group of the European People's Party (Christian Democrats)
96876,7,2009-09-16,2014-06-30,Group of the European People's Party (Christian Democrats)
96876,8,2014-07-01,2019-07-01,Group of the European People's Party (Christian Democrats)
1963,10,2003-06-11,2004-07-19,Group of the European People's Party (Christian Democrats) and European Democrats
1963,4,1994-07-19,1997-01-19,Group of the European People's Party (Christian-Democratic Group)
1963,4,1997-01-20,1999-07-19,Group of the European People's Party (Christian-Democratic Group)
1963,5,2003-06-11,2004-07-19,Group of the European People's Party (Christian Democrats) and European Democrats
1727,10,1984-07-24,1988-05-22,Group of the European Right
1727,1,1979-07-17,1984-07-23,Non-attached
1727,2,1984-07-24,1988-05-22,Group of the European Right
28134,10,2009-07-14,2011-08-31,Confederal Group of the European United Left
28134,6,2004-07-20,2009-07-13,Confederal Group of the European United Left
28134,7,2009-07-14,2011-08-31,Confederal Group of the European United Left
197519,10,2019-07-02,2024-07-15,European Conservatives and Reformists Group
197519,9,2019-07-02,2024-07-15,European Conservatives and Reformists Group
1219,10,1999-07-20,1999-10-11,Group of the European People's Party (Christian Democrats) and European Democrats
1219,10,1999-10-12,2002-03-07,Group of the European People's Party (Christian Democrats) and European Democrats
1219,10,2002-03-08,2004-07-19,Group of the European People's Party (Christian Democrats) and European Democrats
1219,3,1989-07-25,1990-11-18,Group of the European People's Party (Christian-Democratic Group)
1219,3,1990-11-19,1992-01-20,Group of the European People's Party (Christian-Democratic Group)
1219,3,1992-01-21,1993-07-13,Group of the European People's Party (Christian-Democratic Group)
1219,3,1993-07-14,1994-07-18,Group of the European People's Party (Christian-Democratic Group)
1219,4,1994-07-19,1994-07-27,Group of the European People's Party (Christian-Democratic Group)
1219,4,1994-07-28,1999-07-19,Group of the European People's Party (Christian-Democratic Group)
1219,5,1999-07-20,1999-10-11,Group of the European People's Party (Christian Democrats) and European Democrats
1219,5,1999-10-12,2002-03-07,Group of the European People's Party (Christian Democrats) and European Democrats
1219,5,2002-03-08,2004-07-19,Group of the European People's Party (Christian Democrats) and European Democrats
1010,10,1994-07-19,1994-08-01,"Group of the European Liberal, Democrat and Reform Party"
1010,10,1994-08-02,1995-02-28,"Group of the European Liberal, Democrat and Reform Party"
1010,10,1995-03-01,1999-07-19,"Group of the European Liberal, Democrat and Reform Party"
1010,3,1989-07-25,1992-03-13,Liberal and Democratic Reformist Group
1010,4,1994-07-19,1994-08-01,"Group of the European Liberal, Democrat and Reform Party"
1010,4,1994-08-02,1995-02-28,"Group of the European Liberal, Democrat and Reform Party"
1010,4,1995-03-01,1999-07-19,"Group of the European Liberal, Democrat and Reform Party"
1397,10,1989-07-25,1991-02-12,European Democratic Group
1397,10,1991-02-13,1992-04-30,European Democratic Group
1397,10,1992-05-01,1992-05-13,Group of the European People's Party (Christian-Democratic Group)
1397,10,1992-05-14,1994-07-18,Group of the European People's Party (Christian-Democratic Group)
1397,1,1979-07-17,1984-07-23,European Democratic Group
1397,2,1984-07-24,1989-07-24,European Democratic Group
1397,3,1989-07-25,1991-02-12,European Democratic Group
1397,3,1991-02-13,1992-04-30,European Democratic Group
1397,3,1992-05-01,1992-05-13,Group of the European People's Party (Christian-Democratic Group)
1397,3,1992-05-14,1994-07-18,Group of the European People's Party (Christian-Democratic Group)
2185,10,2004-07-20,2006-02-05,Group of the European People's Party (Christian Democrats) and European Democrats
2185,10,2006-02-06,2007-02-14,Group of the European People's Party (Christian Democrats) and European Democrats
2185,10,2007-02-15,2009-07-13,Group of the European People's Party (Christian Democrats) and European Democrats
2185,4,1994-07-19,1999-07-19,Group of the European People's Party (Christian-Democratic Group)
2185,5,1999-07-20,1999-10-11,Group of the European People's Party (Christian Democrats) and European Democrats
2185,5,1999-10-12,2000-04-02,Group of the European People's Party (Christian Democrats) and European Democrats
2185,5,2000-04-03,2002-03-07,Group of the European People's Party (Christian Democrats) and European Democrats
2185,5,2002-03-08,2004-07-19,Group of the European People's Party (Christian Democrats) and European Democrats
2185,6,2004-07-20,2006-02-05,Group of the European People's Party (Christian Democrats) and European Democrats
2185,6,2006-02-06,2007-02-14,Group of the European People's Party (Christian Democrats) and European Democrats
2185,6,2007-02-15,2009-07-13,Group of the European People's Party (Christian Democrats) and European Democrats
34757,10,2005-10-27,2009-07-13,Group of the European People's Party (Christian Democrats) and European Democrats
34757,6,2005-10-27,2009-07-13,Group of the European People's Party (Christian Democrats) and European Democrats
4314,10,2004-07-20,2009-07-13,Socialist Group in the European Parliament
4314,5,1999-07-20,2004-07-19,Group of the Party of European Socialists
4314,6,2004-07-20,2009-07-13,Socialist Group in the European Parliament
1820,10,1987-09-09,1989-07-24,Liberal and Democratic Reformist Group
1820,2,1987-09-09,1989-07-24,Liberal and Democratic Reformist Group
183916,10,2024-07-16,,Group of the Greens/European Free Alliance
183916,9,2019-07-02,2022-11-09,Group of the Greens/European Free Alliance
183916,9,2022-11-10,2024-07-15,Group of the Greens/European Free Alliance
28514,10,2009-07-14,2014-06-30,Confederal Group of the European United Left
28514,6,2004-07-20,2009-07-13,Confederal Group of the European United Left
28514,7,2009-07-14,2014-06-30,Confederal Group of the European United Left
197529,10,2024-07-16,,The Left group in the European Parliament
197529,9,2019-07-02,2020-12-17,Group of the European United Left
197529,9,2020-12-18,2024-07-15,The Left group in the European Parliament
28117,10,2009-07-14,2010-02-24,Group of the European People's Party (Christian Democrats)
28117,10,2010-02-25,2014-06-30,Group of the European People's Party (Christian Democrats)
28117,6,2004-07-20,2009-07-13,Group of the European People's Party (Christian Democrats) and European Democrats
28117,7,2009-07-14,2010-02-24,Group of the European People's Party (Christian Democrats)
28117,7,2010-02-25,2014-06-30,Group of the European People's Party (Christian Democrats)
1409,10,1989-07-25,1992-01-20,European Democratic Group
1409,10,1992-01-21,1992-04-30,European Democratic Group
1409,10,1992-05-01,1994-07-18,Group of the European People's Party (Christian-Democratic Group)
1409,1,1979-07-17,1984-07-23,European Democratic Group
1409,2,1984-07-24,1985-02-10,European Democratic Group
1409,2,1985-02-11,1989-07-24,European Democratic Group
1409,3,1989-07-25,1992-01-20,European Democratic Group
1409,3,1992-01-21,1992-04-30,European Democratic Group
1409,3,1992-05-01,1994-07-18,Group of the European People's Party (Christian-Democratic Group)
1503,10,1984-07-24,1989-07-24,Socialist Group
1503,1,1979-07-17,1984-07-23,Socialist Group
1503,2,1984-07-24,1989-07-24,Socialist Group
28511,10,2009-07-14,2012-05-02,Confederal Group of the European United Left
28511,6,2004-07-20,2009-07-13,Confederal Group of the European United Left
28511,7,2009-07-14,2012-05-02,Confederal Group of the European United Left
1505,10,1984-07-24,1987-04-05,Group of the European People's Party (Christian-Democratic Group)
1505,10,1987-04-06,1989-07-24,Group of the European People's Party (Christian-Democratic Group)
1505,1,1979-07-17,1984-07-23,Group of the European People's Party (Christian-Democratic Group)
1505,2,1984-07-24,1987-04-05,Group of the European People's Party (Christian-Democratic Group)
1505,2,1987-04-06,1989-07-24,Group of the European People's Party (Christian-Democratic Group)
1104,10,1989-07-25,1991-02-25,Group of the European People's Party (Christian-Democratic Group)
1104,10,1991-02-26,1991-04-13,Group of the European People's Party (Christian-Democratic Group)
1104,3,1989-07-25,1991-02-25,Group of the European People's Party (Christian-Democratic Group)
1104,3,1991-02-26,1991-04-13,Group of the European People's Party (Christian-Democratic Group)
2092,10,1994-07-19,1999-07-19,Group of the European People's Party (Christian-Democratic Group)
2092,4,1994-07-19,1999-07-19,Group of the European People's Party (Christian-Democratic Group)
1391,10,1989-07-25,1992-02-04,European Democratic Group
1391,10,1992-02-05,1992-04-30,European Democratic Group
1391,10,1992-05-01,1992-06-10,Group of the European People's Party (Christian-Democratic Group)
1391,10,1992-06-11,1993-02-03,Group of the European People's Party (Christian-Democratic Group)
1391,10,1993-02-04,1994-07-18,Group of the European People's Party (Christian-Democratic Group)
1391,1,1979-07-17,1984-07-23,European Democratic Group
1391,2,1984-07-24,1989-07-24,European Democratic Group
1391,3,1989-07-25,1992-02-04,European Democratic Group
1391,3,1992-02-05,1992-04-30,European Democratic Group
1391,3,1992-05-01,1992-06-10,Group of the European People's Party (Christian-Democratic Group)
1391,3,1992-06-11,1993-02-03,Group of the European People's Party (Christian-Democratic Group)
1391,3,1993-02-04,1994-07-18,Group of the European People's Party (Christian-Democratic Group)
124899,10,2014-07-01,2015-05-25,European Conservatives and Reformists Group
124899,8,2014-07-01,2015-05-25,European Conservatives and Reformists Group
23867,10,2003-04-30,2004-04-30,Group of the European People's Party (Christian Democrats) and European Democrats
23867,10,2004-05-01,2004-07-19,Group of the European People's Party (Christian Democrats) and European Democrats
23867,5,2003-04-30,2004-04-30,Group of the European People's Party (Christian Democrats) and European Democrats
23867,5,2004-05-01,2004-07-19,Group of the European People's Party (Christian Democrats) and European Democrats
28264,10,2004-07-20,2009-07-13,Group of the Greens/European Free Alliance
28264,6,2004-07-20,2009-07-13,Group of the Greens/European Free Alliance
124816,10,2014-07-01,2016-12-18,Group of the Greens/European Free Alliance
124816,10,2016-12-19,2019-07-01,Group of the Greens/European Free Alliance
124816,8,2014-07-01,2016-12-18,Group of the Greens/European Free Alliance
124816,8,2016-12-19,2019-07-01,Group of the Greens/European Free Alliance
1833,10,2004-07-20,2009-07-13,Group of the Greens/European Free Alliance
1833,3,1991-12-11,1994-07-18,The Green Group in the European Parliament
1833,5,1999-07-20,2004-07-19,Group of the Greens/European Free Alliance
1833,6,2004-07-20,2009-07-13,Group of the Greens/European Free Alliance
1218,10,1994-07-19,1999-07-19,Group of the Party of European Socialists
1218,3,1989-07-25,1993-04-20,Socialist Group
1218,3,1993-04-21,1994-07-18,Group of the Party of European Socialists
1218,4,1994-07-19,1999-07-19,Group of the Party of European Socialists
2086,10,1995-01-01,1996-11-10,Group of the Party of European Socialists
2086,4,1995-01-01,1996-11-10,Group of the Party of European Socialists
696,10,1983-03-11,1984-07-23,Group of European Progressive Democrats
696,1,1983-03-11,1984-07-23,Group of European Progressive Democrats
4329,10,1999-07-20,2004-07-19,Group of the Party of European Socialists
4329,5,1999-07-20,2004-07-19,Group of the Party of European Socialists
1896,10,1994-03-01,1994-07-18,Group of the European People's Party (Christian-Democratic Group)
1896,3,1994-03-01,1994-07-18,Group of the European People's Party (Christian-Democratic Group)
34720,10,2005-10-26,2005-12-14,Independence/Democracy Group
34720,10,2005-12-15,2007-03-28,Non-attached Members
34720,10,2007-03-29,2007-05-15,Independence/Democracy Group
34720,10,2007-05-16,2007-07-19,Independence/Democracy Group
34720,10,2007-07-20,2008-01-29,Independence/Democracy Group
34720,10,2008-01-30,2009-07-13,Independence/Democracy Group
34720,6,2005-10-26,2005-12-14,Independence/Democracy Group
34720,6,2005-12-15,2007-03-28,Non-attached Members
34720,6,2007-03-29,2007-05-15,Independence/Democracy Group
34720,6,2007-05-16,2007-07-19,Independence/Democracy Group
34720,6,2007-07-20,2008-01-29,Independence/Democracy Group
34720,6,2008-01-30,2009-07-13,Independence/Democracy Group
23845,10,2003-04-23,2004-04-30,Group of the European People's Party (Christian Democrats) and European Democrats
23845,10,2004-05-01,2004-07-19,Group of the European People's Party (Christian Democrats) and European Democrats
23845,5,2003-04-23,2004-04-30,Group of the European People's Party (Christian Democrats) and European Democrats
23845,5,2004-05-01,2004-07-19,Group of the European People's Party (Christian Democrats) and European Democrats
39712,10,2007-12-10,2009-07-13,Group of the European People's Party (Christian Democrats) and European Democrats
39712,6,2007-12-10,2009-07-13,Group of the European People's Party (Christian Democrats) and European Democrats
813,10,1979-07-17,1981-07-15,Socialist Group
813,1,1979-07-17,1981-07-15,Socialist Group
28144,10,2004-07-20,2006-09-25,Independence/Democracy Group
28144,10,2006-09-26,2009-07-13,Group of the European People's Party (Christian Democrats) and European Democrats
28144,6,2004-07-20,2006-09-25,Independence/Democracy Group
28144,6,2006-09-26,2009-07-13,Group of the European People's Party (Christian Democrats) and European Democrats
96670,10,2014-07-01,2019-07-01,Group of the Alliance of Liberals and Democrats for Europe
96670,7,2009-07-14,2009-07-19,Group of the Alliance of Liberals and Democrats for Europe
96670,7,2009-07-20,2014-06-30,Group of the Alliance of Liberals and Democrats for Europe
96670,8,2014-07-01,2019-07-01,Group of the Alliance of Liberals and Democrats for Europe
731,10,1981-01-01,1981-10-18,Non-attached
731,10,1981-11-02,1982-03-08,Group of the European People's Party (Christian-Democratic Group)
731,10,1982-03-09,1984-07-23,Group of the European People's Party (Christian-Democratic Group)
731,1,1981-01-01,1981-10-18,Non-attached
731,1,1981-11-02,1982-03-08,Group of the European People's Party (Christian-Democratic Group)
731,1,1982-03-09,1984-07-23,Group of the European People's Party (Christian-Democratic Group)
197615,10,2019-07-02,2022-01-24,Identity and Democracy Group
197615,10,2022-01-25,2024-07-15,Non-attached Members
197615,9,2019-07-02,2022-01-24,Identity and Democracy Group
197615,9,2022-01-25,2024-07-15,Non-attached Members
2027,10,1999-07-21,1999-07-21,Non-attached
2027,10,1999-07-22,2004-07-19,Union for Europe of the Nations Group
2027,4,1994-07-19,1995-09-15,Group of the European People's Party (Christian-Democratic Group)
2027,5,1999-07-21,1999-07-21,Non-attached
2027,5,1999-07-22,2004-07-19,Union for Europe of the Nations Group
1139,10,1989-07-25,1990-10-21,Left Unity
1139,3,1989-07-25,1990-10-21,Left Unity
33982,10,2019-07-02,2024-07-15,Group of the European People's Party (Christian Democrats)
33982,6,2005-09-26,2006-12-31,Group of the European People's Party (Christian Democrats) and European Democrats
33982,6,2007-01-01,2007-02-14,Group of the European People's Party (Christian Democrats) and European Democrats
33982,6,2007-02-15,2007-12-09,Group of the European People's Party (Christian Democrats) and European Democrats
33982,6,2007-12-10,2008-01-07,Group of the European People's Party (Christian Democrats) and European Democrats
33982,6,2008-01-08,2009-07-13,Group of the European People's Party (Christian Democrats) and European Democrats
33982,7,2009-07-14,2009-11-24,Group of the European People's Party (Christian Democrats)
33982,7,2009-11-25,2012-02-02,Group of the European People's Party (Christian Democrats)
33982,7,2012-02-03,2014-06-30,Group of the European People's Party (Christian Democrats)
33982,8,2014-07-01,2019-07-01,Group of the European People's Party (Christian Democrats)
33982,9,2019-07-02,2024-07-15,Group of the European People's Party (Christian Democrats)
197766,10,2019-07-02,2021-05-19,European Conservatives and Reformists Group
197766,10,2021-05-20,2024-07-15,Renew Europe Group
197766,9,2019-07-02,2021-05-19,European Conservatives and Reformists Group
197766,9,2021-05-20,2024-07-15,Renew Europe Group
4535,10,2004-07-20,2007-02-14,Group of the European People's Party (Christian Democrats) and European Democrats
4535,10,2007-02-15,2009-07-13,Group of the European People's Party (Christian Democrats) and European Democrats
4535,5,1999-07-20,2004-07-19,Group of the European People's Party (Christian Democrats) and European Democrats
4535,6,2004-07-20,2007-02-14,Group of the European People's Party (Christian Democrats) and European Democrats
4535,6,2007-02-15,2009-07-13,Group of the European People's Party (Christian Democrats) and European Democrats
28403,10,2004-07-20,2009-07-13,Group of the European People's Party (Christian Democrats) and European Democrats
28403,6,2004-07-20,2009-07-13,Group of the European People's Party (Christian Democrats) and European Democrats
1986,10,1994-07-19,1999-07-19,Group of the Party of European Socialists
1986,4,1994-07-19,1999-07-19,Group of the Party of European Socialists
28143,10,2004-07-20,2008-09-30,Socialist Group in the European Parliament
28143,6,2004-07-20,2008-09-30,Socialist Group in the European Parliament
124765,10,2019-07-02,2022-07-28,Identity and Democracy Group
124765,8,2014-07-01,2015-06-14,Non-attached Members
124765,8,2015-06-15,2019-07-01,Europe of Nations and Freedom Group
124765,9,2019-07-02,2022-07-28,Identity and Democracy Group
4470,10,2004-07-20,2004-12-08,Group of the Alliance of Liberals and Democrats for Europe
4470,10,2004-12-09,2009-07-13,Group of the Alliance of Liberals and Democrats for Europe
4470,5,1999-07-20,1999-10-11,Group of the European People's Party (Christian Democrats) and European Democrats
4470,5,1999-10-12,2002-03-07,Group of the European People's Party (Christian Democrats) and European Democrats
4470,5,2002-03-08,2004-07-19,Group of the European People's Party (Christian Democrats) and European Democrats
4470,6,2004-07-20,2004-12-08,Group of the Alliance of Liberals and Democrats for Europe
4470,6,2004-12-09,2009-07-13,Group of the Alliance of Liberals and Democrats for Europe
1612,10,1986-01-01,1987-01-01,Group of the European People's Party (Christian-Democratic Group)
1612,2,1986-01-01,1987-01-01,Group of the European People's Party (Christian-Democratic Group)
256134,10,2024-05-14,2024-07-15,European Conservatives and Reformists Group
256134,9,2024-05-14,2024-07-15,European Conservatives and Reformists Group
124867,10,2024-07-16,,Group of the Progressive Alliance of Socialists and Democrats in the European Parliament
124867,8,2014-07-01,2019-07-01,Group of the Progressive Alliance of Socialists and Democrats in the European Parliament
124867,9,2019-07-02,2024-07-15,Group of the Progressive Alliance of Socialists and Democrats in the European Parliament
96738,10,2009-07-14,2014-06-30,Group of the Greens/European Free Alliance
96738,7,2009-07-14,2014-06-30,Group of the Greens/European Free Alliance
124880,10,2014-07-01,2016-02-29,Group of the Alliance of Liberals and Democrats for Europe
124880,8,2014-07-01,2016-02-29,Group of the Alliance of Liberals and Democrats for Europe
2039,10,1994-07-19,1997-02-18,"Group of the European Liberal, Democrat and Reform Party"
2039,10,1997-02-19,1999-07-19,Non-attached
2039,3,1994-05-19,1994-07-18,Non-attached
2039,4,1994-07-19,1997-02-18,"Group of the European Liberal, Democrat and Reform Party"
2039,4,1997-02-19,1999-07-19,Non-attached
1887,10,1993-10-21,1994-07-18,Group of the Party of European Socialists
1887,3,1993-10-21,1994-07-18,Group of the Party of European Socialists
2158,10,1999-07-20,2002-04-08,Group of the European People's Party (Christian Democrats) and European Democrats
2158,4,1994-07-19,1996-11-05,"Group of the European Liberal, Democrat and Reform Party"
2158,4,1996-11-06,1999-07-19,Group of the European People's Party (Christian-Democratic Group)
2158,5,1999-07-20,2002-04-08,Group of the European People's Party (Christian Democrats) and European Democrats
1302,10,1999-07-20,2004-07-19,Group of the Party of European Socialists
1302,3,1989-07-25,1992-01-14,Socialist Group
1302,3,1992-01-15,1993-04-20,Socialist Group
1302,3,1993-04-21,1994-07-18,Group of the Party of European Socialists
1302,4,1994-07-19,1999-07-19,Group of the Party of European Socialists
1302,5,1999-07-20,2004-07-19,Group of the Party of European Socialists
1288,10,1999-07-20,2004-07-19,Group of the European People's Party (Christian Democrats) and European Democrats
1288,3,1989-07-25,1994-07-18,Group of the European People's Party (Christian-Democratic Group)
1288,4,1994-07-19,1999-07-19,Group of the European People's Party (Christian-Democratic Group)
1288,5,1999-07-20,2004-07-19,Group of the European People's Party (Christian Democrats) and European Democrats
2155,10,2009-07-14,2009-07-19,Group of the Alliance of Liberals and Democrats for Europe
2155,10,2009-07-20,2014-06-30,Group of the Alliance of Liberals and Democrats for Europe
2155,4,1994-07-19,1994-08-01,"Group of the European Liberal, Democrat and Reform Party"
2155,4,1994-08-02,1997-01-27,"Group of the European Liberal, Democrat and Reform Party"
2155,4,1997-01-28,1999-07-19,"Group of the European Liberal, Democrat and Reform Party"
2155,5,1999-07-20,2002-01-15,"Group of the European Liberal, Democrat and Reform Party"
2155,5,2002-01-16,2004-07-19,"Group of the European Liberal, Democrat and Reform Party"
2155,6,2004-07-20,2009-07-13,Group of the Alliance of Liberals and Democrats for Europe
2155,7,2009-07-14,2009-07-19,Group of the Alliance of Liberals and Democrats for Europe
2155,7,2009-07-20,2014-06-30,Group of the Alliance of Liberals and Democrats for Europe
41005,10,2008-05-16,2009-07-13,Group of the Alliance of Liberals and Democrats for Europe
41005,6,2008-05-16,2009-07-13,Group of the Alliance of Liberals and Democrats for Europe
4744,10,1999-07-21,1999-07-21,Non-attached
4744,10,1999-07-22,2000-09-20,Union for Europe of the Nations Group
4744,10,2000-09-21,2004-07-19,Union for Europe of the Nations Group
4744,5,1999-07-21,1999-07-21,Non-attached
4744,5,1999-07-22,2000-09-20,Union for Europe of the Nations Group
4744,5,2000-09-21,2004-07-19,Union for Europe of the Nations Group
5969,10,2004-07-20,2005-10-17,Socialist Group in the European Parliament
5969,5,2000-10-02,2004-07-19,Group of the Party of European Socialists
5969,6,2004-07-20,2005-10-17,Socialist Group in the European Parliament
28276,10,2016-05-30,2019-07-01,Group of the European People's Party (Christian Democrats)
28276,6,2004-07-20,2007-10-08,Group of the European People's Party (Christian Democrats) and European Democrats
28276,6,2007-10-09,2009-07-13,Group of the European People's Party (Christian Democrats) and European Democrats
28276,7,2009-07-14,2014-06-30,Group of the European People's Party (Christian Democrats)
28276,8,2016-05-30,2019-07-01,Group of the European People's Party (Christian Democrats)
942,10,1989-07-25,1994-07-18,Liberal and Democratic Reformist Group
942,1,1979-07-17,1984-07-23,Liberal and Democratic Group
942,3,1989-07-25,1994-07-18,Liberal and Democratic Reformist Group
185637,10,2016-11-15,2019-07-01,Group of the Progressive Alliance of Socialists and Democrats in the European Parliament
185637,8,2016-11-15,2019-07-01,Group of the Progressive Alliance of Socialists and Democrats in the European Parliament
26836,10,2004-05-01,2004-07-19,"Group of the European Liberal, Democrat and Reform Party"
26836,5,2004-05-01,2004-07-19,"Group of the European Liberal, Democrat and Reform Party"
1262,10,1989-07-25,1990-11-19,Group of the European People's Party (Christian-Democratic Group)
1262,2,1984-07-24,1989-07-24,Group of the European People's Party (Christian-Democratic Group)
1262,3,1989-07-25,1990-11-19,Group of the European People's Party (Christian-Democratic Group)
1667,10,1986-04-16,1989-07-24,Group of the European Right
1667,2,1986-04-16,1989-07-24,Group of the European Right
197588,10,2019-07-02,2024-07-15,Renew Europe Group
197588,9,2019-07-02,2024-07-15,Renew Europe Group
95074,10,2024-07-16,,Group of the European People's Party (Christian Democrats)
95074,8,2014-07-01,2019-07-01,Group of the European People's Party (Christian Democrats)
95074,9,2019-07-02,2024-02-20,Group of the European People's Party (Christian Democrats)
95074,9,2024-02-21,2024-07-15,Group of the European People's Party (Christian Democrats)
4418,10,1999-07-20,2004-07-19,Group of the Party of European Socialists
4418,5,1999-07-20,2004-07-19,Group of the Party of European Socialists
1369,10,1994-07-19,1999-07-19,Group of the European Radical Alliance
1369,1,1979-07-17,1984-07-23,Group of European Progressive Democrats
1369,2,1984-07-24,1989-07-24,Group of the European Democratic Alliance
1369,3,1989-07-25,1994-07-18,Rainbow Group in the European Parliament
1369,4,1994-07-19,1999-07-19,Group of the European Radical Alliance
25571,10,2003-09-09,2004-04-30,"Group of the European Liberal, Democrat and Reform Party"
25571,10,2004-05-01,2004-07-19,"Group of the European Liberal, Democrat and Reform Party"
25571,5,2003-09-09,2004-04-30,"Group of the European Liberal, Democrat and Reform Party"
25571,5,2004-05-01,2004-07-19,"Group of the European Liberal, Democrat and Reform Party"
4320,10,1999-07-20,2004-07-19,Group of the European People's Party (Christian Democrats) and European Democrats
4320,5,1999-07-20,2004-07-19,Group of the European People's Party (Christian Democrats) and European Democrats
197457,10,2019-07-02,2024-07-15,Group of the Greens/European Free Alliance
197457,9,2019-07-02,2024-07-15,Group of the Greens/European Free Alliance
197844,10,2019-07-02,2024-07-15,Group of the Progressive Alliance of Socialists and Democrats in the European Parliament
197844,9,2019-07-02,2024-07-15,Group of the Progressive Alliance of Socialists and Democrats in the European Parliament
1689,10,1987-07-06,1989-07-24,European Democratic Group
1689,2,1987-07-06,1989-07-24,European Democratic Group
237224,10,2022-09-13,2024-07-15,Group of the Progressive Alliance of Socialists and Democrats in the European Parliament
237224,9,2022-09-13,2024-07-15,Group of the Progressive Alliance of Socialists and Democrats in the European Parliament
22687,10,2002-04-24,2004-07-19,Group of the European People's Party (Christian Democrats) and European Democrats
22687,5,2002-04-24,2004-07-19,Group of the European People's Party (Christian Democrats) and European Democrats
1100,10,1989-07-25,1994-07-18,Rainbow Group in the European Parliament
1100,3,1989-07-25,1994-07-18,Rainbow Group in the European Parliament
197488,10,2019-07-02,2024-05-22,Identity and Democracy Group
197488,10,2024-05-23,2024-07-15,Non-attached Members
197488,9,2019-07-02,2024-05-22,Identity and Democracy Group
197488,9,2024-05-23,2024-07-15,Non-attached Members
28385,10,2004-07-20,2008-03-31,Group of the European People's Party (Christian Democrats) and European Democrats
28385,6,2004-07-20,2008-03-31,Group of the European People's Party (Christian Democrats) and European Democrats
28245,10,2004-07-20,2009-07-13,Group of the Alliance of Liberals and Democrats for Europe
28245,6,2004-07-20,2009-07-13,Group of the Alliance of Liberals and Democrats for Europe
962,10,1989-11-04,1994-07-18,Group of the European Democratic Alliance
962,3,1989-11-04,1994-07-18,Group of the European Democratic Alliance
197663,10,2019-07-02,2024-07-15,Renew Europe Group
197663,9,2019-07-02,2024-07-15,Renew Europe Group
927,10,1979-07-17,1984-07-23,Socialist Group
927,1,1979-07-17,1984-07-23,Socialist Group
827,10,1979-07-17,1984-07-23,European Democratic Group
827,1,1979-07-17,1984-07-23,European Democratic Group
680,10,1979-07-17,1981-08-31,European Democratic Group
680,10,1981-09-01,1982-03-08,European Democratic Group
680,10,1982-03-09,1983-04-10,European Democratic Group
680,10,1983-04-11,1984-07-23,European Democratic Group
680,1,1979-07-17,1981-08-31,European Democratic Group
680,1,1981-09-01,1982-03-08,European Democratic Group
680,1,1982-03-09,1983-04-10,European Democratic Group
680,1,1983-04-11,1984-07-23,European Democratic Group
1305,10,1994-07-19,1999-07-19,Group of the Party of European Socialists
1305,2,1986-01-01,1987-07-05,Socialist Group
1305,2,1987-07-06,1989-07-24,Socialist Group
1305,3,1989-07-25,1993-04-20,Socialist Group
1305,3,1993-04-21,1994-07-18,Group of the Party of European Socialists
1305,4,1994-07-19,1999-07-19,Group of the Party of European Socialists
691,10,1979-07-17,1982-03-08,Group for the Technical Coordination and Defence of Independent Groups and Members
691,10,1982-03-09,1984-02-10,Group for the Technical Coordination and Defence of Independent Groups and Members
691,10,1984-02-11,1984-07-23,Group for the Technical Coordination and Defence of Independent Groups and Members
691,1,1979-07-17,1982-03-08,Group for the Technical Coordination and Defence of Independent Groups and Members
691,1,1982-03-09,1984-02-10,Group for the Technical Coordination and Defence of Independent Groups and Members
691,1,1984-02-11,1984-07-23,Group for the Technical Coordination and Defence of Independent Groups and Members
2003,10,1994-07-19,1999-07-19,Group of the European People's Party (Christian-Democratic Group)
2003,4,1994-07-19,1999-07-19,Group of the European People's Party (Christian-Democratic Group)
108329,10,2011-07-19,2014-03-12,Group of the Alliance of Liberals and Democrats for Europe
108329,10,2014-03-13,2014-06-30,Group of the Progressive Alliance of Socialists and Democrats in the European Parliament
108329,7,2011-07-19,2014-03-12,Group of the Alliance of Liberals and Democrats for Europe
108329,7,2014-03-13,2014-06-30,Group of the Progressive Alliance of Socialists and Democrats in the European Parliament
197828,10,2019-07-02,2020-12-17,Group of the European United Left
197828,10,2020-12-18,2024-07-15,The Left group in the European Parliament
197828,9,2019-07-02,2020-12-17,Group of the European United Left
197828,9,2020-12-18,2024-07-15,The Left group in the European Parliament
125065,10,2024-07-16,,Group of the European People's Party (Christian Democrats)
125065,8,2014-07-01,2019-07-01,Group of the European People's Party (Christian Democrats)
125065,9,2019-07-02,2024-07-15,Group of the European People's Party (Christian Democrats)
96661,10,2014-07-01,2019-07-01,Non-attached Members
96661,7,2009-07-14,2014-06-30,Non-attached Members
96661,8,2014-07-01,2019-07-01,Non-attached Members
1988,10,1994-07-19,1994-07-27,Group of the European People's Party (Christian-Democratic Group)
1988,10,1994-07-28,1996-05-06,Group of the European People's Party (Christian-Democratic Group)
1988,4,1994-07-19,1994-07-27,Group of the European People's Party (Christian-Democratic Group)
1988,4,1994-07-28,1996-05-06,Group of the European People's Party (Christian-Democratic Group)
798,10,1981-11-23,1984-07-23,Socialist Group
798,1,1981-11-23,1984-07-23,Socialist Group
124896,10,2014-07-01,2019-07-01,Group of the European People's Party (Christian Democrats)
124896,8,2014-07-01,2019-07-01,Group of the European People's Party (Christian Democrats)
197500,10,2024-07-16,,Group of the Greens/European Free Alliance
197500,9,2019-07-02,2024-07-15,Group of the Greens/European Free Alliance
4388,10,1999-07-20,2004-07-19,Group of the Greens/European Free Alliance
4388,5,1999-07-20,2004-07-19,Group of the Greens/European Free Alliance
1049,10,1989-07-25,1993-04-20,Socialist Group
1049,10,1993-04-21,1993-11-22,Group of the Party of European Socialists
1049,3,1989-07-25,1993-04-20,Socialist Group
1049,3,1993-04-21,1993-11-22,Group of the Party of European Socialists
1498,10,1984-07-24,1989-07-24,Group of the European Democratic Alliance
1498,2,1984-07-24,1989-07-24,Group of the European Democratic Alliance
197746,10,2019-07-02,2023-07-06,Group of the European People's Party (Christian Democrats)
197746,9,2019-07-02,2023-07-06,Group of the European People's Party (Christian Democrats)
4307,10,1999-07-20,1999-09-15,Group of the European People's Party (Christian Democrats) and European Democrats
4307,5,1999-07-20,1999-09-15,Group of the European People's Party (Christian Democrats) and European Democrats
1000,10,1989-07-25,1993-01-11,Group for the European United Left
1000,10,1993-01-12,1994-07-18,Non-attached
1000,3,1989-07-25,1993-01-11,Group for the European United Left
1000,3,1993-01-12,1994-07-18,Non-attached
1771,10,1984-07-24,1987-04-05,Socialist Group
1771,10,1987-04-06,1987-07-29,Socialist Group
1771,2,1984-07-24,1987-04-05,Socialist Group
1771,2,1987-04-06,1987-07-29,Socialist Group
1356,10,1999-07-20,1999-10-12,Confederal Group of the European United Left/Nordic Green Left
1356,10,1999-10-13,2002-03-05,Confederal Group of the European United Left/Nordic Green Left
1356,10,2002-03-06,2004-01-31,Confederal Group of the European United Left/Nordic Green Left
1356,2,1986-01-01,1986-05-23,Communist and Allies Group
1356,2,1986-05-24,1987-09-13,Communist and Allies Group
1356,2,1987-09-14,1988-02-16,Communist and Allies Group
1356,2,1988-02-17,1989-07-24,Communist and Allies Group
1356,3,1989-07-25,1991-01-30,Left Unity
1356,3,1991-01-31,1993-02-10,Left Unity
1356,3,1993-02-11,1994-07-18,Left Unity
1356,4,1994-07-19,1995-01-05,Confederal Group of the European United Left
1356,4,1995-01-06,1999-07-19,Confederal Group of the European United Left/Nordic Green Left
1356,5,1999-07-20,1999-10-12,Confederal Group of the European United Left/Nordic Green Left
1356,5,1999-10-13,2002-03-05,Confederal Group of the European United Left/Nordic Green Left
1356,5,2002-03-06,2004-01-31,Confederal Group of the European United Left/Nordic Green Left
23842,10,2003-04-23,2004-04-30,Group of the European People's Party (Christian Democrats) and European Democrats
23842,10,2004-05-01,2004-07-19,Group of the European People's Party (Christian Democrats) and European Democrats
23842,5,2003-04-23,2004-04-30,Group of the European People's Party (Christian Democrats) and European Democrats
23842,5,2004-05-01,2004-07-19,Group of the European People's Party (Christian Democrats) and European Democrats
28409,10,2009-07-14,2012-01-31,Group of the Greens/European Free Alliance
28409,10,2012-02-01,2013-03-20,Group of the Greens/European Free Alliance
28409,10,2013-03-21,2014-06-30,Group of the Greens/European Free Alliance
28409,6,2004-07-20,2009-07-13,Group of the Greens/European Free Alliance
28409,7,2009-07-14,2012-01-31,Group of the Greens/European Free Alliance
28409,7,2012-02-01,2013-03-20,Group of the Greens/European Free Alliance
28409,7,2013-03-21,2014-06-30,Group of the Greens/European Free Alliance
985,10,1989-07-25,1989-09-11,Non-attached
985,10,1989-09-12,1994-07-18,Group of the European Democratic Alliance
985,3,1989-07-25,1989-09-11,Non-attached
985,3,1989-09-12,1994-07-18,Group of the European Democratic Alliance
1544,10,1984-07-24,1985-12-12,Liberal and Democratic Group
1544,10,1985-12-13,1988-07-01,Liberal and Democratic Reformist Group
1544,1,1979-07-17,1984-07-23,Liberal and Democratic Group
1544,2,1984-07-24,1985-12-12,Liberal and Democratic Group
1544,2,1985-12-13,1988-07-01,Liberal and Democratic Reformist Group
2231,10,1999-07-20,2004-07-19,Group of the Greens/European Free Alliance
2231,4,1994-07-19,1997-01-28,The Green Group in the European Parliament
2231,4,1997-01-29,1999-07-19,The Green Group in the European Parliament
2231,5,1999-07-20,2004-07-19,Group of the Greens/European Free Alliance
125045,10,2019-07-02,2024-07-15,Group of the Progressive Alliance of Socialists and Democrats in the European Parliament
125045,8,2014-07-01,2019-07-01,Group of the Progressive Alliance of Socialists and Democrats in the European Parliament
125045,9,2019-07-02,2024-07-15,Group of the Progressive Alliance of Socialists and Democrats in the European Parliament
2207,10,1995-01-01,1996-01-14,Non-attached
2207,4,1995-01-01,1996-01-14,Non-attached
39710,10,2007-12-10,2008-12-18,Group of the European People's Party (Christian Democrats) and European Democrats
39710,6,2007-12-10,2008-12-18,Group of the European People's Party (Christian Democrats) and European Democrats
254876,10,2024-04-05,2024-07-15,Group of the European People's Party (Christian Democrats)
254876,9,2024-04-05,2024-07-15,Group of the European People's Party (Christian Democrats)
1554,10,1984-07-24,1985-12-27,Socialist Group
1554,1,1981-11-02,1984-07-23,Socialist Group
1554,2,1984-07-24,1985-12-27,Socialist Group
4291,10,2004-07-20,2005-12-18,Group of the European People's Party (Christian Democrats) and European Democrats
4291,5,1999-07-20,2004-07-19,Group of the European People's Party (Christian Democrats) and European Democrats
4291,6,2004-07-20,2005-12-18,Group of the European People's Party (Christian Democrats) and European Democrats
1444,10,1994-07-19,1995-07-04,Group of the European Democratic Alliance
1444,10,1995-07-05,1996-10-23,Group Union for Europe
1444,10,1996-10-24,1999-07-19,Group Union for Europe
1444,2,1987-03-24,1989-07-24,Group of the European Democratic Alliance
1444,3,1989-07-25,1994-07-18,Group of the European Democratic Alliance
1444,4,1994-07-19,1995-07-04,Group of the European Democratic Alliance
1444,4,1995-07-05,1996-10-23,Group Union for Europe
1444,4,1996-10-24,1999-07-19,Group Union for Europe
1134,10,1989-07-25,1994-07-18,The Green Group in the European Parliament
1134,3,1989-07-25,1994-07-18,The Green Group in the European Parliament
1744,10,1986-01-01,1987-07-05,Group of the European People's Party (Christian-Democratic Group)
1744,2,1986-01-01,1987-07-05,Group of the European People's Party (Christian-Democratic Group)
932,10,1983-03-25,1984-07-23,Socialist Group
932,1,1983-03-25,1984-07-23,Socialist Group
114873,10,2012-07-23,2014-06-30,Group of the Progressive Alliance of Socialists and Democrats in the European Parliament
114873,7,2012-07-23,2014-06-30,Group of the Progressive Alliance of Socialists and Democrats in the European Parliament
1454,10,1994-07-19,1998-08-02,"Group of the European Liberal, Democrat and Reform Party"
1454,2,1984-07-24,1985-12-12,Liberal and Democratic Group
1454,2,1985-12-13,1989-07-24,Liberal and Democratic Reformist Group
1454,3,1989-07-25,1992-01-15,Liberal and Democratic Reformist Group
1454,3,1992-01-16,1994-07-18,Liberal and Democratic Reformist Group
1454,4,1994-07-19,1998-08-02,"Group of the European Liberal, Democrat and Reform Party"
96912,10,2014-07-01,2019-07-01,European Conservatives and Reformists Group
96912,7,2009-07-14,2011-05-23,Europe of freedom and democracy Group
96912,7,2011-05-24,2014-06-30,European Conservatives and Reformists Group
96912,8,2014-07-01,2019-07-01,European Conservatives and Reformists Group
1900,10,1994-07-19,1999-07-19,Group of the Party of European Socialists
1900,4,1994-07-19,1999-07-19,Group of the Party of European Socialists
1464,10,1994-07-19,1994-07-27,Group of the European People's Party (Christian-Democratic Group)
1464,10,1994-07-28,1999-07-19,Group of the European People's Party (Christian-Democratic Group)
1464,2,1984-07-24,1986-03-09,Group of the European People's Party (Christian-Democratic Group)
1464,2,1986-03-10,1989-07-24,Group of the European People's Party (Christian-Democratic Group)
1464,3,1989-07-25,1990-04-11,Group of the European People's Party (Christian-Democratic Group)
1464,4,1994-07-19,1994-07-27,Group of the European People's Party (Christian-Democratic Group)
1464,4,1994-07-28,1999-07-19,Group of the European People's Party (Christian-Democratic Group)
1508,10,1984-07-24,1985-09-08,Group of the European People's Party (Christian-Democratic Group)
1508,10,1985-09-09,1986-03-09,Group of the European People's Party (Christian-Democratic Group)
1508,10,1986-03-10,1989-07-24,Group of the European People's Party (Christian-Democratic Group)
1508,2,1984-07-24,1985-09-08,Group of the European People's Party (Christian-Democratic Group)
1508,2,1985-09-09,1986-03-09,Group of the European People's Party (Christian-Democratic Group)
1508,2,1986-03-10,1989-07-24,Group of the European People's Party (Christian-Democratic Group)
4531,10,2014-07-01,2019-07-01,Group of the Greens/European Free Alliance
4531,5,1999-07-20,2002-01-07,Group of the Greens/European Free Alliance
4531,5,2002-01-08,2004-07-19,Group of the Greens/European Free Alliance
4531,6,2004-07-20,2004-11-13,Group of the Greens/European Free Alliance
4531,6,2004-11-14,2005-05-23,Group of the Greens/European Free Alliance
4531,6,2005-05-24,2007-02-26,Group of the Greens/European Free Alliance
4531,6,2007-02-27,2009-07-13,Group of the Greens/European Free Alliance
4531,7,2009-07-14,2014-06-30,Group of the Greens/European Free Alliance
4531,8,2014-07-01,2019-07-01,Group of the Greens/European Free Alliance
2116,10,1995-01-01,1995-01-19,Confederal Group of the European United Left
2116,10,1995-01-20,1995-10-08,Confederal Group of the European United Left/Nordic Green Left
2116,4,1995-01-01,1995-01-19,Confederal Group of the European United Left
2116,4,1995-01-20,1995-10-08,Confederal Group of the European United Left/Nordic Green Left
23722,10,2003-04-17,2004-04-30,Group of the European People's Party (Christian Democrats) and European Democrats
23722,10,2004-05-01,2004-07-19,Group of the European People's Party (Christian Democrats) and European Democrats
23722,5,2003-04-17,2004-04-30,Group of the European People's Party (Christian Democrats) and European Democrats
23722,5,2004-05-01,2004-07-19,Group of the European People's Party (Christian Democrats) and European Democrats
197590,10,2019-07-02,2024-07-15,Group of the Progressive Alliance of Socialists and Democrats in the European Parliament
197590,9,2019-07-02,2024-07-15,Group of the Progressive Alliance of Socialists and Democrats in the European Parliament
124797,10,2014-07-01,2014-10-15,Europe of Freedom and Direct Democracy Group
124797,10,2014-10-16,2014-10-19,Non-attached Members
124797,10,2014-10-20,2017-01-10,Europe of Freedom and Direct Democracy Group
124797,10,2017-01-11,2019-07-01,Group of the Greens/European Free Alliance
124797,8,2014-07-01,2014-10-15,Europe of Freedom and Direct Democracy Group
124797,8,2014-10-16,2014-10-19,Non-attached Members
124797,8,2014-10-20,2017-01-10,Europe of Freedom and Direct Democracy Group
124797,8,2017-01-11,2019-07-01,Group of the Greens/European Free Alliance
4503,10,1999-07-20,1999-09-12,"Group of the European Liberal, Democrat and Reform Party"
4503,10,1999-09-13,2003-01-29,"Group of the European Liberal, Democrat and Reform Party"
4503,5,1999-07-20,1999-09-12,"Group of the European Liberal, Democrat and Reform Party"
4503,5,1999-09-13,2003-01-29,"Group of the European Liberal, Democrat and Reform Party"
124786,10,2014-07-01,2019-07-01,Group of the Progressive Alliance of Socialists and Democrats in the European Parliament
124786,8,2014-07-01,2019-07-01,Group of the Progressive Alliance of Socialists and Democrats in the European Parliament
4383,10,2004-07-20,2009-07-13,Independence/Democracy Group
4383,5,1999-07-20,2001-03-14,Union for Europe of the Nations Group
4383,5,2001-03-15,2001-05-03,Group for a Europe of Democracies and Diversities
4383,5,2001-05-04,2001-12-10,Group for a Europe of Democracies and Diversities
4383,5,2001-12-11,2004-07-19,Group for a Europe of Democracies and Diversities
4383,6,2004-07-20,2009-07-13,Independence/Democracy Group
1181,10,1989-07-25,1993-04-20,Socialist Group
1181,10,1993-04-21,1994-07-18,Group of the Party of European Socialists
1181,2,1988-07-01,1989-07-24,Socialist Group
1181,3,1989-07-25,1993-04-20,Socialist Group
1181,3,1993-04-21,1994-07-18,Group of the Party of European Socialists
1586,10,1984-07-24,1989-07-24,European Democratic Group
1586,1,1979-07-17,1984-07-23,European Democratic Group
1586,2,1984-07-24,1989-07-24,European Democratic Group
2138,10,1994-07-19,1997-01-27,"Group of the European Liberal, Democrat and Reform Party"
2138,10,1997-01-28,1999-07-19,"Group of the European Liberal, Democrat and Reform Party"
2138,4,1994-07-19,1997-01-27,"Group of the European Liberal, Democrat and Reform Party"
2138,4,1997-01-28,1999-07-19,"Group of the European Liberal, Democrat and Reform Party"
28157,10,2004-07-20,2009-07-13,Socialist Group in the European Parliament
28157,6,2004-07-20,2009-07-13,Socialist Group in the European Parliament
1559,10,1984-07-24,1989-07-24,Group of the European People's Party (Christian-Democratic Group)
1559,2,1984-07-24,1989-07-24,Group of the European People's Party (Christian-Democratic Group)
1158,10,1994-07-19,1999-07-19,Group of the European Radical Alliance
1158,3,1989-07-25,1993-04-20,Socialist Group
1158,3,1993-04-21,1994-07-18,Group of the Party of European Socialists
1158,4,1994-07-19,1999-07-19,Group of the European Radical Alliance
312,10,1979-07-17,1982-03-08,Socialist Group
312,10,1982-03-09,1984-07-23,Socialist Group
312,1,1979-07-17,1982-03-08,Socialist Group
312,1,1982-03-09,1984-07-23,Socialist Group
197717,10,2019-07-02,2024-07-15,Group of the Progressive Alliance of Socialists and Democrats in the European Parliament
197717,9,2019-07-02,2024-07-15,Group of the Progressive Alliance of Socialists and Democrats in the European Parliament
4319,10,2014-07-01,2019-07-01,Group of the European People's Party (Christian Democrats)
4319,5,1999-07-20,2004-07-19,Group of the European People's Party (Christian Democrats) and European Democrats
4319,6,2004-07-20,2009-07-13,Group of the European People's Party (Christian Democrats) and European Democrats
4319,7,2009-07-14,2014-06-30,Group of the European People's Party (Christian Democrats)
4319,8,2014-07-01,2019-07-01,Group of the European People's Party (Christian Democrats)
2222,10,1994-07-19,1996-11-10,Europe of Nations Group (Coordination Group)
2222,10,1996-11-11,1997-01-12,Non-attached
2222,10,1997-01-13,1999-07-19,Group of Independents for a Europe of Nations
2222,4,1994-07-19,1996-11-10,Europe of Nations Group (Coordination Group)
2222,4,1996-11-11,1997-01-12,Non-attached
2222,4,1997-01-13,1999-07-19,Group of Independents for a Europe of Nations
236051,10,2022-07-29,2024-07-15,Identity and Democracy Group
236051,9,2022-07-29,2024-07-15,Identity and Democracy Group
1163,10,1989-07-25,1993-04-20,Socialist Group
1163,10,1993-04-21,1994-07-18,Group of the Party of European Socialists
1163,3,1989-07-25,1993-04-20,Socialist Group
1163,3,1993-04-21,1994-07-18,Group of the Party of European Socialists
96919,10,2014-07-01,2016-12-12,European Conservatives and Reformists Group
96919,10,2016-12-13,2019-07-01,European Conservatives and Reformists Group
96919,7,2009-07-14,2011-12-12,European Conservatives and Reformists Group
96919,7,2011-12-13,2014-06-30,European Conservatives and Reformists Group
96919,8,2014-07-01,2016-12-12,European Conservatives and Reformists Group
96919,8,2016-12-13,2019-07-01,European Conservatives and Reformists Group
38595,10,2019-07-02,2024-07-15,Group of the Progressive Alliance of Socialists and Democrats in the European Parliament
38595,6,2007-05-02,2007-12-09,Socialist Group in the European Parliament
38595,6,2007-12-10,2009-07-13,Socialist Group in the European Parliament
38595,7,2009-07-14,2011-05-25,Group of the Progressive Alliance of Socialists and Democrats in the European Parliament
38595,7,2011-05-26,2012-01-18,Group of the Progressive Alliance of Socialists and Democrats in the European Parliament
38595,7,2012-01-19,2012-05-06,Group of the Progressive Alliance of Socialists and Democrats in the European Parliament
38595,9,2019-07-02,2024-07-15,Group of the Progressive Alliance of Socialists and Democrats in the European Parliament
1604,10,1984-07-24,1989-07-24,Group of the European People's Party (Christian-Democratic Group)
1604,2,1984-07-24,1989-07-24,Group of the European People's Party (Christian-Democratic Group)
125106,10,2024-07-16,,European Conservatives and Reformists Group
125106,8,2014-07-01,2014-07-07,European Conservatives and Reformists Group
125106,8,2014-07-08,2014-10-10,European Conservatives and Reformists Group
125106,9,2019-07-02,2024-07-15,European Conservatives and Reformists Group
39916,10,2011-12-08,2014-06-30,Group of the European People's Party (Christian Democrats)
39916,7,2011-12-08,2014-06-30,Group of the European People's Party (Christian Democrats)
1591,10,1984-07-24,1985-02-10,Group of the European People's Party (Christian-Democratic Group)
1591,10,1985-02-11,1986-03-09,Group of the European People's Party (Christian-Democratic Group)
1591,10,1986-03-10,1989-07-24,Group of the European People's Party (Christian-Democratic Group)
1591,2,1984-07-24,1985-02-10,Group of the European People's Party (Christian-Democratic Group)
1591,2,1985-02-11,1986-03-09,Group of the European People's Party (Christian-Democratic Group)
1591,2,1986-03-10,1989-07-24,Group of the European People's Party (Christian-Democratic Group)
1259,10,1989-07-25,1994-07-18,Group of the European People's Party (Christian-Democratic Group)
1259,1,1979-07-17,1984-07-23,Group of the European People's Party (Christian-Democratic Group)
1259,2,1984-07-24,1989-07-24,Group of the European People's Party (Christian-Democratic Group)
1259,3,1989-07-25,1994-07-18,Group of the European People's Party (Christian-Democratic Group)
191510,10,2018-02-02,2019-07-01,Europe of Nations and Freedom Group
191510,8,2018-02-02,2019-07-01,Europe of Nations and Freedom Group
1904,10,2004-07-20,2009-07-13,Socialist Group in the European Parliament
1904,4,1994-07-19,1999-07-19,Group of the Party of European Socialists
1904,5,1999-07-20,2004-07-19,Group of the Party of European Socialists
1904,6,2004-07-20,2009-07-13,Socialist Group in the European Parliament
124839,10,2014-07-01,2019-07-01,Group of the Progressive Alliance of Socialists and Democrats in the European Parliament
124839,8,2014-07-01,2019-07-01,Group of the Progressive Alliance of Socialists and Democrats in the European Parliament
4325,10,1999-07-20,2004-04-01,Group of the European People's Party (Christian Democrats) and European Democrats
4325,5,1999-07-20,2004-04-01,Group of the European People's Party (Christian Democrats) and European Democrats
711,10,1979-07-17,1984-07-23,Socialist Group
711,1,1979-07-17,1984-07-23,Socialist Group
97016,10,2009-07-14,2012-07-03,Non-attached Members
97016,10,2012-07-04,2014-04-07,Group of the Alliance of Liberals and Democrats for Europe
97016,10,2014-04-08,2014-06-30,Non-attached Members
97016,7,2009-07-14,2012-07-03,Non-attached Members
97016,7,2012-07-04,2014-04-07,Group of the Alliance of Liberals and Democrats for Europe
97016,7,2014-04-08,2014-06-30,Non-attached Members
254720,10,2024-04-02,2024-07-15,Group of the European People's Party (Christian Democrats)
254720,9,2024-04-02,2024-07-15,Group of the European People's Party (Christian Democrats)
197699,10,2024-07-16,,The Left group in the European Parliament
197699,9,2019-07-02,2020-12-17,Group of the European United Left
197699,9,2020-12-18,2024-07-15,The Left group in the European Parliament
124958,10,2014-07-01,2014-10-15,Europe of Freedom and Direct Democracy Group
124958,10,2014-10-16,2014-10-19,Non-attached Members
124958,10,2014-10-20,2019-07-01,Europe of Freedom and Direct Democracy Group
124958,8,2014-07-01,2014-10-15,Europe of Freedom and Direct Democracy Group
124958,8,2014-10-16,2014-10-19,Non-attached Members
124958,8,2014-10-20,2019-07-01,Europe of Freedom and Direct Democracy Group
1275,10,2004-07-20,2004-12-05,Independence/Democracy Group
1275,10,2004-12-06,2008-05-08,Independence/Democracy Group
1275,1,1979-07-17,1982-03-08,Group for the Technical Coordination and Defence of Independent Groups and Members
1275,1,1982-03-09,1984-07-23,Group for the Technical Coordination and Defence of Independent Groups and Members
1275,2,1984-07-24,1989-07-24,Rainbow Group
1275,3,1989-07-25,1994-07-18,Rainbow Group in the European Parliament
1275,4,1994-07-19,1996-11-10,Europe of Nations Group (Coordination Group)
1275,4,1996-11-11,1997-01-12,Non-attached
1275,4,1997-01-13,1997-05-12,Group of Independents for a Europe of Nations
1275,4,1997-05-13,1999-07-19,Group of Independents for a Europe of Nations
1275,5,1999-07-20,2001-01-29,Group for a Europe of Democracies and Diversities
1275,5,2001-01-30,2004-07-19,Group for a Europe of Democracies and Diversities
1275,6,2004-07-20,2004-12-05,Independence/Democracy Group
1275,6,2004-12-06,2008-05-08,Independence/Democracy Group
124992,10,2019-07-02,2020-12-17,Group of the European United Left
124992,10,2020-12-18,2024-07-15,The Left group in the European Parliament
124992,8,2014-07-01,2017-01-11,Confederal Group of the European United Left
124992,8,2017-01-12,2019-07-01,Confederal Group of the European United Left
124992,9,2019-07-02,2020-12-17,Group of the European United Left
124992,9,2020-12-18,2024-07-15,The Left group in the European Parliament
2101,10,1994-05-19,1994-05-24,Non-attached
2101,10,1994-05-25,1994-07-18,Group of the Party of European Socialists
2101,3,1994-05-19,1994-05-24,Non-attached
2101,3,1994-05-25,1994-07-18,Group of the Party of European Socialists
1393,10,1989-07-25,1990-02-11,European Democratic Group
1393,10,1990-02-12,1992-04-30,European Democratic Group
1393,10,1992-05-01,1992-05-13,Group of the European People's Party (Christian-Democratic Group)
1393,10,1992-05-14,1994-07-18,Group of the European People's Party (Christian-Democratic Group)
1393,1,1979-07-17,1982-03-08,European Democratic Group
1393,1,1982-03-09,1984-07-23,European Democratic Group
1393,2,1984-07-24,1985-02-10,European Democratic Group
1393,2,1985-02-11,1986-10-05,European Democratic Group
1393,2,1986-10-06,1989-07-24,European Democratic Group
1393,3,1989-07-25,1990-02-11,European Democratic Group
1393,3,1990-02-12,1992-04-30,European Democratic Group
1393,3,1992-05-01,1992-05-13,Group of the European People's Party (Christian-Democratic Group)
1393,3,1992-05-14,1994-07-18,Group of the European People's Party (Christian-Democratic Group)
24029,10,2004-07-20,2007-01-14,Non-attached Members
24029,10,2007-01-15,2007-11-13,"Identity, Tradition and Sovereignty Group"
24029,10,2007-11-14,2009-07-13,Non-attached Members
24029,5,2003-06-16,2004-07-19,Non-attached
24029,6,2004-07-20,2007-01-14,Non-attached Members
24029,6,2007-01-15,2007-11-13,"Identity, Tradition and Sovereignty Group"
24029,6,2007-11-14,2009-07-13,Non-attached Members
197607,10,2024-07-16,,European Conservatives and Reformists Group
197607,9,2019-07-02,2024-07-15,European Conservatives and Reformists Group
229839,10,2024-07-16,,Group of the Progressive Alliance of Socialists and Democrats in the European Parliament
229839,9,2022-02-02,2024-07-15,Group of the Progressive Alliance of Socialists and Democrats in the European Parliament
1236,10,1994-07-19,1994-07-27,Group of the European People's Party (Christian-Democratic Group)
1236,10,1994-07-28,1997-01-19,Group of the European People's Party (Christian-Democratic Group)
1236,10,1997-01-20,1999-07-19,Group of the European People's Party (Christian-Democratic Group)
1236,1,1979-07-17,1984-07-23,Group of the European People's Party (Christian-Democratic Group)
1236,2,1984-07-24,1987-04-05,Group of the European People's Party (Christian-Democratic Group)
1236,2,1987-04-06,1989-07-24,Group of the European People's Party (Christian-Democratic Group)
1236,3,1989-07-25,1994-07-18,Group of the European People's Party (Christian-Democratic Group)
1236,4,1994-07-19,1994-07-27,Group of the European People's Party (Christian-Democratic Group)
1236,4,1994-07-28,1997-01-19,Group of the European People's Party (Christian-Democratic Group)
1236,4,1997-01-20,1999-07-19,Group of the European People's Party (Christian-Democratic Group)
28386,10,2004-07-20,2009-07-13,Group of the Alliance of Liberals and Democrats for Europe
28386,6,2004-07-20,2009-07-13,Group of the Alliance of Liberals and Democrats for Europe
863,10,1979-07-17,1984-07-23,Group of European Progressive Democrats
863,1,1979-07-17,1984-07-23,Group of European Progressive Democrats
4550,10,2019-07-02,2020-01-31,Group of the Greens/European Free Alliance
4550,5,1999-07-20,2004-07-19,Group of the Greens/European Free Alliance
4550,6,2004-07-20,2009-07-13,Group of the Greens/European Free Alliance
4550,7,2009-07-14,2014-06-30,Group of the Greens/European Free Alliance
4550,8,2014-07-01,2019-07-01,Group of the Greens/European Free Alliance
4550,9,2019-07-02,2020-01-31,Group of the Greens/European Free Alliance
124785,10,2024-07-16,,Group of the Progressive Alliance of Socialists and Democrats in the European Parliament
124785,8,2014-07-01,2019-07-01,Group of the Progressive Alliance of Socialists and Democrats in the European Parliament
124785,9,2019-07-02,2024-07-15,Group of the Progressive Alliance of Socialists and Democrats in the European Parliament
854,10,1981-06-17,1981-09-10,Socialist Group
854,1,1981-06-17,1981-09-10,Socialist Group
2166,10,1994-07-19,1995-07-04,Group of the European Democratic Alliance
2166,10,1995-07-05,1995-11-13,Group Union for Europe
2166,10,1995-11-14,1996-12-09,Group Union for Europe
2166,10,1996-12-10,1999-07-19,Group Union for Europe
2166,4,1994-07-19,1995-07-04,Group of the European Democratic Alliance
2166,4,1995-07-05,1995-11-13,Group Union for Europe
2166,4,1995-11-14,1996-12-09,Group Union for Europe
2166,4,1996-12-10,1999-07-19,Group Union for Europe
1332,10,1994-07-19,1999-07-19,Group of the Party of European Socialists
1332,2,1986-01-01,1987-07-05,Socialist Group
1332,2,1987-07-06,1989-07-24,Socialist Group
1332,3,1989-07-25,1993-04-20,Socialist Group
1332,3,1993-04-21,1994-07-18,Group of the Party of European Socialists
1332,4,1994-07-19,1999-07-19,Group of the Party of European Socialists
1216,10,1989-07-25,1990-08-01,Socialist Group
1216,3,1989-07-25,1990-08-01,Socialist Group
2087,10,1995-01-01,1996-01-24,Group of the European People's Party (Christian-Democratic Group)
2087,4,1995-01-01,1996-01-24,Group of the European People's Party (Christian-Democratic Group)
1981,10,1994-07-19,1997-07-31,Group of the Party of European Socialists
1981,4,1994-07-19,1997-07-31,Group of the Party of European Socialists
2162,10,1999-07-20,2004-07-19,Group of the Party of European Socialists
2162,4,1994-07-19,1999-07-19,Group of the Party of European Socialists
2162,5,1999-07-20,2004-07-19,Group of the Party of European Socialists
1362,10,1989-07-25,1993-04-20,Socialist Group
1362,10,1993-04-21,1994-07-18,Group of the Party of European Socialists
1362,2,1988-03-01,1989-07-24,Socialist Group
1362,3,1989-07-25,1993-04-20,Socialist Group
1362,3,1993-04-21,1994-07-18,Group of the Party of European Socialists
1926,10,2004-07-20,2007-02-26,Group of the Alliance of Liberals and Democrats for Europe
1926,10,2007-02-27,2009-07-13,Group of the Alliance of Liberals and Democrats for Europe
1926,4,1994-07-19,1999-07-19,"Group of the European Liberal, Democrat and Reform Party"
1926,5,1999-07-20,2002-03-06,"Group of the European Liberal, Democrat and Reform Party"
1926,5,2002-03-07,2004-07-19,"Group of the European Liberal, Democrat and Reform Party"
1926,6,2004-07-20,2007-02-26,Group of the Alliance of Liberals and Democrats for Europe
1926,6,2007-02-27,2009-07-13,Group of the Alliance of Liberals and Democrats for Europe
1625,10,1985-01-28,1989-07-24,Socialist Group
1625,2,1985-01-28,1989-07-24,Socialist Group
4285,10,1999-07-20,1999-12-17,Group of the Party of European Socialists
4285,5,1999-07-20,1999-12-17,Group of the Party of European Socialists
1863,10,1992-03-17,1994-07-18,Group of the European People's Party (Christian-Democratic Group)
1863,3,1992-03-17,1994-07-18,Group of the European People's Party (Christian-Democratic Group)
1486,10,1984-07-24,1989-07-24,Socialist Group
1486,1,1979-07-17,1984-07-23,Socialist Group
1486,2,1984-07-24,1989-07-24,Socialist Group
106936,10,2024-07-16,,Group of the Greens/European Free Alliance
106936,9,2019-07-02,2024-07-15,Group of the Greens/European Free Alliance
95020,10,2008-12-22,2009-07-13,Group of the European People's Party (Christian Democrats) and European Democrats
95020,6,2008-12-22,2009-07-13,Group of the European People's Party (Christian Democrats) and European Democrats
2255,10,1994-07-19,1995-07-04,Forza Europa Group
2255,10,1995-07-05,1998-06-14,Group Union for Europe
2255,10,1998-06-15,1999-07-19,Group of the European People's Party (Christian-Democratic Group)
2255,4,1994-07-19,1995-07-04,Forza Europa Group
2255,4,1995-07-05,1998-06-14,Group Union for Europe
2255,4,1998-06-15,1999-07-19,Group of the European People's Party (Christian-Democratic Group)
124527,10,2014-05-01,2014-06-30,Group of the European People's Party (Christian Democrats)
124527,7,2014-05-01,2014-06-30,Group of the European People's Party (Christian Democrats)
898,10,1979-07-17,1984-05-23,Group of European Progressive Democrats
898,1,1979-07-17,1984-05-23,Group of European Progressive Democrats
1568,10,1994-07-19,1999-07-19,Group of the Party of European Socialists
1568,2,1985-12-31,1989-07-24,Socialist Group
1568,4,1994-07-19,1999-07-19,Group of the Party of European Socialists
981,10,1994-07-19,1999-07-19,Group of the Party of European Socialists
981,3,1989-07-25,1993-04-20,Socialist Group
981,3,1993-04-21,1994-07-18,Group of the Party of European Socialists
981,4,1994-07-19,1999-07-19,Group of the Party of European Socialists
28251,10,2014-07-01,2015-06-23,Group of the Progressive Alliance of Socialists and Democrats in the European Parliament
28251,6,2004-07-20,2009-07-13,Socialist Group in the European Parliament
28251,7,2009-07-14,2014-06-30,Group of the Progressive Alliance of Socialists and Democrats in the European Parliament
28251,8,2014-07-01,2015-06-23,Group of the Progressive Alliance of Socialists and Democrats in the European Parliament
1716,10,1984-07-24,1985-02-10,European Democratic Group
1716,10,1985-02-11,1987-04-05,European Democratic Group
1716,10,1987-04-06,1989-07-24,European Democratic Group
1716,1,1979-07-17,1984-07-23,European Democratic Group
1716,2,1984-07-24,1985-02-10,European Democratic Group
1716,2,1985-02-11,1987-04-05,European Democratic Group
1716,2,1987-04-06,1989-07-24,European Democratic Group
983,10,1989-07-25,1990-02-11,Group of the European People's Party (Christian-Democratic Group)
983,10,1990-02-12,1992-01-20,Group of the European People's Party (Christian-Democratic Group)
983,10,1992-01-21,1994-07-18,Group of the European People's Party (Christian-Democratic Group)
983,2,1984-07-24,1989-07-24,Group of the European People's Party (Christian-Democratic Group)
983,3,1989-07-25,1990-02-11,Group of the European People's Party (Christian-Democratic Group)
983,3,1990-02-12,1992-01-20,Group of the European People's Party (Christian-Democratic Group)
983,3,1992-01-21,1994-07-18,Group of the European People's Party (Christian-Democratic Group)
96710,10,2014-07-01,2019-07-01,Group of the Alliance of Liberals and Democrats for Europe
96710,7,2009-07-14,2009-07-19,Group of the Alliance of Liberals and Democrats for Europe
96710,7,2009-07-20,2014-06-30,Group of the Alliance of Liberals and Democrats for Europe
96710,8,2014-07-01,2019-07-01,Group of the Alliance of Liberals and Democrats for Europe
124836,10,2024-07-16,,Group of the Progressive Alliance of Socialists and Democrats in the European Parliament
124836,8,2014-07-01,2019-07-01,Group of the Progressive Alliance of Socialists and Democrats in the European Parliament
124836,9,2019-07-02,2024-07-15,Group of the Progressive Alliance of Socialists and Democrats in the European Parliament
23895,10,2003-04-30,2004-04-30,Non-attached
23895,10,2004-05-01,2004-07-19,Non-attached
23895,5,2003-04-30,2004-04-30,Non-attached
23895,5,2004-05-01,2004-07-19,Non-attached
197807,10,2019-07-02,2020-01-09,Non-attached Members
197807,10,2020-01-10,2020-01-31,European Conservatives and Reformists Group
197807,9,2019-07-02,2020-01-09,Non-attached Members
197807,9,2020-01-10,2020-01-31,European Conservatives and Reformists Group
208722,10,2024-07-16,,Group of the Greens/European Free Alliance
208722,9,2020-10-08,2024-07-15,Group of the Greens/European Free Alliance
1618,10,1984-07-24,1986-10-30,Group of the European People's Party (Christian-Democratic Group)
1618,2,1984-07-24,1986-10-30,Group of the European People's Party (Christian-Democratic Group)
96775,10,2022-11-02,2024-07-15,Group of the European People's Party (Christian Democrats)
96775,7,2009-07-14,2014-06-30,Group of the European People's Party (Christian Democrats)
96775,8,2014-07-01,2019-07-01,Group of the European People's Party (Christian Democrats)
96775,9,2022-11-02,2024-07-15,Group of the European People's Party (Christian Democrats)
197543,10,2024-07-16,,Renew Europe Group
197543,9,2019-07-02,2024-07-15,Renew Europe Group
1691,10,1984-07-24,1989-07-24,Communist and Allies Group
1691,1,1979-07-17,1984-07-23,Communist and Allies Group
1691,2,1984-07-24,1989-07-24,Communist and Allies Group
197572,10,2024-07-16,,European Conservatives and Reformists Group
197572,9,2019-07-02,2024-07-15,European Conservatives and Reformists Group
1239,10,1999-07-20,2000-03-07,Group of the Party of European Socialists
1239,10,2000-03-08,2002-01-16,Group of the Party of European Socialists
1239,10,2002-01-17,2004-07-19,Group of the Party of European Socialists
1239,1,1979-07-17,1984-07-23,Socialist Group
1239,2,1984-07-24,1989-07-24,Socialist Group
1239,3,1989-07-25,1991-05-14,Socialist Group
1239,3,1991-05-15,1993-04-20,Socialist Group
1239,3,1993-04-21,1994-07-18,Group of the Party of European Socialists
1239,4,1994-07-19,1995-03-26,Group of the Party of European Socialists
1239,4,1995-03-27,1999-07-19,Group of the Party of European Socialists
1239,5,1999-07-20,2000-03-07,Group of the Party of European Socialists
1239,5,2000-03-08,2002-01-16,Group of the Party of European Socialists
1239,5,2002-01-17,2004-07-19,Group of the Party of European Socialists
96817,10,2009-07-14,2009-07-20,Group of the European People's Party (Christian Democrats)
96817,10,2009-07-21,2014-06-30,Group of the European People's Party (Christian Democrats)
96817,7,2009-07-14,2009-07-20,Group of the European People's Party (Christian Democrats)
96817,7,2009-07-21,2014-06-30,Group of the European People's Party (Christian Democrats)
1564,10,1984-07-24,1989-07-24,Group of the European People's Party (Christian-Democratic Group)
1564,2,1984-07-24,1989-07-24,Group of the European People's Party (Christian-Democratic Group)
96836,10,2014-07-01,2019-07-01,Group of the Progressive Alliance of Socialists and Democrats in the European Parliament
96836,7,2009-07-14,2014-06-30,Group of the Progressive Alliance of Socialists and Democrats in the European Parliament
96836,8,2014-07-01,2019-07-01,Group of the Progressive Alliance of Socialists and Democrats in the European Parliament
23890,10,2003-04-23,2004-04-30,Group of the Party of European Socialists
23890,10,2004-05-01,2004-07-19,Group of the Party of European Socialists
23890,5,2003-04-23,2004-04-30,Group of the Party of European Socialists
23890,5,2004-05-01,2004-07-19,Group of the Party of European Socialists
39320,10,2007-10-01,2007-10-09,Independence/Democracy Group
39320,10,2007-10-10,2009-07-06,Independence/Democracy Group
39320,6,2007-10-01,2007-10-09,Independence/Democracy Group
39320,6,2007-10-10,2009-07-06,Independence/Democracy Group
1273,10,1989-07-25,1994-07-18,Group of the European People's Party (Christian-Democratic Group)
1273,3,1989-07-25,1994-07-18,Group of the European People's Party (Christian-Democratic Group)
848,10,1979-07-17,1984-07-23,Non-attached
848,1,1979-07-17,1984-07-23,Non-attached
197792,10,2019-07-02,2023-01-24,Non-attached Members
197792,10,2023-01-25,2024-07-15,Group of the Progressive Alliance of Socialists and Democrats in the European Parliament
197792,9,2019-07-02,2023-01-24,Non-attached Members
197792,9,2023-01-25,2024-07-15,Group of the Progressive Alliance of Socialists and Democrats in the European Parliament
4327,10,2004-07-20,2007-08-28,Socialist Group in the European Parliament
4327,5,1999-07-20,2000-10-17,Group of the Party of European Socialists
4327,5,2000-10-18,2004-07-19,Group of the Party of European Socialists
4327,6,2004-07-20,2007-08-28,Socialist Group in the European Parliament
1787,10,1986-04-30,1989-07-24,Communist and Allies Group
1787,1,1979-07-17,1984-07-23,Communist and Allies Group
1787,2,1986-04-30,1989-07-24,Communist and Allies Group
33994,10,2005-09-26,2006-12-31,Socialist Group in the European Parliament
33994,10,2007-01-01,2007-12-09,Socialist Group in the European Parliament
33994,6,2005-09-26,2006-12-31,Socialist Group in the European Parliament
33994,6,2007-01-01,2007-12-09,Socialist Group in the European Parliament
125043,10,2019-07-02,2024-07-15,Group of the Progressive Alliance of Socialists and Democrats in the European Parliament
125043,8,2014-07-01,2019-07-01,Group of the Progressive Alliance of Socialists and Democrats in the European Parliament
125043,9,2019-07-02,2024-07-15,Group of the Progressive Alliance of Socialists and Democrats in the European Parliament
1118,10,1989-07-25,1992-04-30,Socialist Group
1118,1,1979-07-17,1983-08-04,Socialist Group
1118,3,1989-07-25,1992-04-30,Socialist Group
743,10,1983-04-25,1984-07-23,Group of European Progressive Democrats
743,1,1983-04-25,1984-07-23,Group of European Progressive Democrats
197624,10,2024-07-16,,Renew Europe Group
197624,9,2019-07-02,2024-07-15,Renew Europe Group
1751,10,1986-07-01,1987-10-28,Group of the European Democratic Alliance
1751,2,1986-07-01,1987-10-28,Group of the European Democratic Alliance
984,10,1989-07-25,1994-07-18,Liberal and Democratic Reformist Group
984,3,1989-07-25,1994-07-18,Liberal and Democratic Reformist Group
95281,10,2014-07-01,2018-01-28,Group of the Progressive Alliance of Socialists and Democrats in the European Parliament
95281,6,2009-01-21,2009-07-13,Socialist Group in the European Parliament
95281,7,2009-07-14,2014-06-30,Group of the Progressive Alliance of Socialists and Democrats in the European Parliament
95281,8,2014-07-01,2018-01-28,Group of the Progressive Alliance of Socialists and Democrats in the European Parliament
2048,10,2004-07-20,2009-07-13,Socialist Group in the European Parliament
2048,4,1995-01-01,1996-11-10,Group of the Party of European Socialists
2048,4,1996-11-11,1999-07-19,Group of the Party of European Socialists
2048,5,1999-07-20,2004-07-19,Group of the Party of European Socialists
2048,6,2004-07-20,2009-07-13,Socialist Group in the European Parliament
96977,10,2009-07-14,2014-06-30,Group of the European People's Party (Christian Democrats)
96977,7,2009-07-14,2014-06-30,Group of the European People's Party (Christian Democrats)
23758,10,2003-04-23,2004-04-30,Group of the Party of European Socialists
23758,10,2004-05-01,2004-07-19,Group of the Party of European Socialists
23758,5,2003-04-23,2004-04-30,Group of the Party of European Socialists
23758,5,2004-05-01,2004-07-19,Group of the Party of European Socialists
1578,10,1987-07-03,1989-07-24,Socialist Group
1578,2,1987-07-03,1989-07-24,Socialist Group
113891,10,2012-05-16,2014-05-02,Group of the Greens/European Free Alliance
113891,7,2012-05-16,2014-05-02,Group of the Greens/European Free Alliance
1067,10,1999-07-20,2004-07-19,Group for a Europe of Democracies and Diversities
1067,3,1989-07-25,1994-07-18,Rainbow Group in the European Parliament
1067,4,1994-07-19,1996-11-10,Europe of Nations Group (Coordination Group)
1067,4,1996-11-11,1997-01-12,Non-attached
1067,4,1997-01-13,1999-07-19,Group of Independents for a Europe of Nations
1067,5,1999-07-20,2004-07-19,Group for a Europe of Democracies and Diversities
969,10,1989-07-25,1990-06-14,Group of the European People's Party (Christian-Democratic Group)
969,10,1990-06-15,1994-07-18,Group of the European People's Party (Christian-Democratic Group)
969,2,1984-07-24,1985-09-08,Group of the European People's Party (Christian-Democratic Group)
969,2,1985-09-09,1986-03-09,Group of the European People's Party (Christian-Democratic Group)
969,2,1986-03-10,1989-07-24,Group of the European People's Party (Christian-Democratic Group)
969,3,1989-07-25,1990-06-14,Group of the European People's Party (Christian-Democratic Group)
969,3,1990-06-15,1994-07-18,Group of the European People's Party (Christian-Democratic Group)
28377,10,2014-07-01,2019-07-01,Group of the Progressive Alliance of Socialists and Democrats in the European Parliament
28377,6,2004-07-20,2009-07-13,Socialist Group in the European Parliament
28377,7,2009-07-14,2014-06-30,Group of the Progressive Alliance of Socialists and Democrats in the European Parliament
28377,8,2014-07-01,2019-07-01,Group of the Progressive Alliance of Socialists and Democrats in the European Parliament
26190,10,2004-02-11,2004-07-19,Group of the Greens/European Free Alliance
26190,5,2004-02-11,2004-07-19,Group of the Greens/European Free Alliance
2189,10,1999-07-20,2000-04-02,Group of the European People's Party (Christian Democrats) and European Democrats
2189,10,2000-04-03,2001-07-02,Group of the European People's Party (Christian Democrats) and European Democrats
2189,4,1994-07-19,1995-07-04,Forza Europa Group
2189,4,1995-07-05,1995-09-19,Group Union for Europe
2189,4,1995-09-20,1999-07-19,Group of the European People's Party (Christian-Democratic Group)
2189,5,1999-07-20,2000-04-02,Group of the European People's Party (Christian Democrats) and European Democrats
2189,5,2000-04-03,2001-07-02,Group of the European People's Party (Christian Democrats) and European Democrats
1799,10,1984-07-24,1989-07-24,Rainbow Group
1799,2,1984-07-24,1989-07-24,Rainbow Group
28979,10,2004-07-20,2009-07-13,Confederal Group of the European United Left
28979,6,2004-07-20,2009-07-13,Confederal Group of the European United Left
968,10,1989-07-25,1992-06-10,Group of the European People's Party (Christian-Democratic Group)
968,10,1992-06-11,1992-08-01,Group of the European People's Party (Christian-Democratic Group)
968,1,1979-07-17,1980-04-14,Group of the European People's Party (Christian-Democratic Group)
968,3,1989-07-25,1992-06-10,Group of the European People's Party (Christian-Democratic Group)
968,3,1992-06-11,1992-08-01,Group of the European People's Party (Christian-Democratic Group)
23709,10,2003-04-23,2004-04-30,Group of the Party of European Socialists
23709,10,2004-05-01,2004-07-19,Group of the Party of European Socialists
23709,5,2003-04-23,2004-04-30,Group of the Party of European Socialists
23709,5,2004-05-01,2004-07-19,Group of the Party of European Socialists
4491,10,1999-07-20,2004-07-19,Group of the Party of European Socialists
4491,5,1999-07-20,2004-07-19,Group of the Party of European Socialists
96818,10,2009-07-14,2014-06-30,Group of the European People's Party (Christian Democrats)
96818,7,2009-07-14,2014-06-30,Group of the European People's Party (Christian Democrats)
4554,10,2019-07-02,2020-01-31,Renew Europe Group
4554,5,1999-07-20,2004-07-19,"Group of the European Liberal, Democrat and Reform Party"
4554,6,2004-07-20,2007-02-26,Group of the Alliance of Liberals and Democrats for Europe
4554,6,2007-02-27,2009-07-13,Group of the Alliance of Liberals and Democrats for Europe
4554,7,2009-07-14,2014-06-30,Group of the Alliance of Liberals and Democrats for Europe
4554,9,2019-07-02,2020-01-31,Renew Europe Group
1633,10,1984-07-24,1989-07-24,Group of the European People's Party (Christian-Democratic Group)
1633,1,1979-07-17,1984-07-23,Group of the European People's Party (Christian-Democratic Group)
1633,2,1984-07-24,1989-07-24,Group of the European People's Party (Christian-Democratic Group)
28208,10,2014-07-01,2019-07-01,Group of the Alliance of Liberals and Democrats for Europe
28208,6,2004-07-20,2009-07-13,Group of the Alliance of Liberals and Democrats for Europe
28208,7,2009-07-14,2014-06-30,Group of the Alliance of Liberals and Democrats for Europe
28208,8,2014-07-01,2019-07-01,Group of the Alliance of Liberals and Democrats for Europe
4409,10,1999-07-20,2004-07-19,Confederal Group of the European United Left/Nordic Green Left
4409,5,1999-07-20,2004-07-19,Confederal Group of the European United Left/Nordic Green Left
134605,10,2019-07-02,2024-07-15,Renew Europe Group
134605,9,2019-07-02,2024-07-15,Renew Europe Group
124948,10,2014-07-01,2019-07-01,Group of the Progressive Alliance of Socialists and Democrats in the European Parliament
124948,8,2014-07-01,2019-07-01,Group of the Progressive Alliance of Socialists and Democrats in the European Parliament
28322,10,2004-07-20,2008-03-31,Socialist Group in the European Parliament
28322,6,2004-07-20,2008-03-31,Socialist Group in the European Parliament
197789,10,2019-07-02,2023-04-02,Identity and Democracy Group
197789,9,2019-07-02,2023-04-02,Identity and Democracy Group
2088,10,1995-01-01,1996-11-10,Group of the Party of European Socialists
2088,10,1996-11-11,1999-07-19,Group of the Party of European Socialists
2088,4,1995-01-01,1996-11-10,Group of the Party of European Socialists
2088,4,1996-11-11,1999-07-19,Group of the Party of European Socialists
1992,10,2019-07-02,2024-07-15,Group of the European People's Party (Christian Democrats)
1992,4,1994-07-19,1999-07-19,Group of the European People's Party (Christian-Democratic Group)
1992,5,1999-07-20,2004-07-19,Group of the European People's Party (Christian Democrats) and European Democrats
1992,6,2004-07-20,2009-07-13,Group of the European People's Party (Christian Democrats) and European Democrats
1992,7,2009-07-14,2009-09-15,Group of the European People's Party (Christian Democrats)
1992,7,2009-09-16,2011-12-20,Group of the European People's Party (Christian Democrats)
1992,9,2019-07-02,2024-07-15,Group of the European People's Party (Christian Democrats)
28123,10,2009-07-14,2013-03-12,Group of the Progressive Alliance of Socialists and Democrats in the European Parliament
28123,6,2004-07-20,2009-07-13,Socialist Group in the European Parliament
28123,7,2009-07-14,2013-03-12,Group of the Progressive Alliance of Socialists and Democrats in the European Parliament
1663,10,1984-07-24,1989-07-24,Socialist Group
1663,2,1984-07-24,1989-07-24,Socialist Group
709,10,1983-11-19,1984-07-23,Group of European Progressive Democrats
709,1,1983-11-19,1984-07-23,Group of European Progressive Democrats
188624,10,2017-06-29,2019-07-01,Group of the Progressive Alliance of Socialists and Democrats in the European Parliament
188624,8,2017-06-29,2019-07-01,Group of the Progressive Alliance of Socialists and Democrats in the European Parliament
96925,10,2009-07-14,2014-06-30,Group of the Progressive Alliance of Socialists and Democrats in the European Parliament
96925,7,2009-07-14,2014-06-30,Group of the Progressive Alliance of Socialists and Democrats in the European Parliament
2169,10,1994-07-19,1999-07-19,Group of the Party of European Socialists
2169,4,1994-07-19,1999-07-19,Group of the Party of European Socialists
197483,10,2019-07-02,2024-05-22,Identity and Democracy Group
197483,10,2024-05-23,2024-07-15,Non-attached Members
197483,9,2019-07-02,2024-05-22,Identity and Democracy Group
197483,9,2024-05-23,2024-07-15,Non-attached Members
37488,10,2006-12-01,2006-12-31,Group of the European People's Party (Christian Democrats) and European Democrats
37488,10,2007-01-01,2007-06-05,Group of the European People's Party (Christian Democrats) and European Democrats
37488,6,2006-12-01,2006-12-31,Group of the European People's Party (Christian Democrats) and European Democrats
37488,6,2007-01-01,2007-06-05,Group of the European People's Party (Christian Democrats) and European Democrats
777,10,1979-07-17,1984-07-23,Group of the European People's Party (Christian-Democratic Group)
777,1,1979-07-17,1984-07-23,Group of the European People's Party (Christian-Democratic Group)
124767,10,2014-07-01,2015-06-14,Non-attached Members
124767,10,2015-06-15,2015-06-23,Europe of Nations and Freedom Group
124767,10,2015-06-24,2018-02-01,Europe of Nations and Freedom Group
124767,8,2014-07-01,2015-06-14,Non-attached Members
124767,8,2015-06-15,2015-06-23,Europe of Nations and Freedom Group
124767,8,2015-06-24,2018-02-01,Europe of Nations and Freedom Group
99461,10,2019-07-02,2020-01-31,Non-attached Members
99461,9,2019-07-02,2020-01-31,Non-attached Members
1282,10,1999-07-20,2004-07-19,Group of the European People's Party (Christian Democrats) and European Democrats
1282,3,1989-07-25,1994-07-18,Group of the European People's Party (Christian-Democratic Group)
1282,4,1994-07-19,1999-07-19,Group of the European People's Party (Christian-Democratic Group)
1282,5,1999-07-20,2004-07-19,Group of the European People's Party (Christian Democrats) and European Democrats
125019,10,2014-07-01,2017-10-25,Group of the Alliance of Liberals and Democrats for Europe
125019,8,2014-07-01,2017-10-25,Group of the Alliance of Liberals and Democrats for Europe
5565,10,2019-07-02,2024-07-15,Group of the European People's Party (Christian Democrats)
5565,5,1999-09-15,2004-07-19,Group of the European People's Party (Christian Democrats) and European Democrats
5565,6,2004-07-20,2005-06-02,Group of the European People's Party (Christian Democrats) and European Democrats
5565,7,2011-03-24,2014-06-30,Group of the European People's Party (Christian Democrats)
5565,8,2014-07-01,2019-07-01,Group of the European People's Party (Christian Democrats)
5565,9,2019-07-02,2024-07-15,Group of the European People's Party (Christian Democrats)
2068,10,1999-07-20,2004-07-19,"Group of the European Liberal, Democrat and Reform Party"
2068,4,1995-01-01,1995-02-28,"Group of the European Liberal, Democrat and Reform Party"
2068,4,1995-03-01,1995-10-08,"Group of the European Liberal, Democrat and Reform Party"
2068,4,1995-10-09,1999-07-19,"Group of the European Liberal, Democrat and Reform Party"
2068,5,1999-07-20,2004-07-19,"Group of the European Liberal, Democrat and Reform Party"
23729,10,2003-04-17,2004-04-30,Confederal Group of the European United Left/Nordic Green Left
23729,10,2004-05-01,2004-07-19,Confederal Group of the European United Left/Nordic Green Left
23729,5,2003-04-17,2004-04-30,Confederal Group of the European United Left/Nordic Green Left
23729,5,2004-05-01,2004-07-19,Confederal Group of the European United Left/Nordic Green Left
96988,10,2009-07-14,2014-06-30,Confederal Group of the European United Left
96988,7,2009-07-14,2014-06-30,Confederal Group of the European United Left
96719,10,2009-07-14,2014-06-30,European Conservatives and Reformists Group
96719,7,2009-07-14,2014-06-30,European Conservatives and Reformists Group
21817,10,2014-07-01,2015-06-14,Non-attached Members
21817,10,2015-06-15,2019-07-01,Europe of Nations and Freedom Group
21817,5,2001-06-14,2001-10-02,Technical Group of Independent Members
21817,5,2001-10-03,2004-07-19,Non-attached
21817,6,2004-07-21,2004-07-25,Independence/Democracy Group
21817,6,2004-07-26,2006-04-26,Independence/Democracy Group
21817,6,2006-04-27,2006-12-12,Non-attached Members
21817,6,2006-12-13,2009-07-13,Union for Europe of the Nations Group
21817,7,2009-07-14,2013-06-02,Europe of freedom and democracy Group
21817,7,2013-06-03,2014-06-30,Non-attached Members
21817,8,2014-07-01,2015-06-14,Non-attached Members
21817,8,2015-06-15,2019-07-01,Europe of Nations and Freedom Group
29073,10,2004-07-20,2009-07-13,Union for Europe of the Nations Group
29073,6,2004-07-20,2009-07-13,Union for Europe of the Nations Group
28174,10,2009-07-14,2014-06-30,Group of the Progressive Alliance of Socialists and Democrats in the European Parliament
28174,6,2004-07-20,2009-07-13,Socialist Group in the European Parliament
28174,7,2009-07-14,2014-06-30,Group of the Progressive Alliance of Socialists and Democrats in the European Parliament
28313,10,2009-07-14,2012-02-29,Group of the European People's Party (Christian Democrats)
28313,6,2004-07-20,2007-02-14,Group of the European People's Party (Christian Democrats) and European Democrats
28313,6,2007-02-15,2008-11-18,Group of the European People's Party (Christian Democrats) and European Democrats
28313,6,2008-11-19,2009-07-13,Group of the European People's Party (Christian Democrats) and European Democrats
28313,7,2009-07-14,2012-02-29,Group of the European People's Party (Christian Democrats)
197427,10,2019-07-02,2024-07-15,Group of the European People's Party (Christian Democrats)
197427,9,2019-07-02,2024-07-15,Group of the European People's Party (Christian Democrats)
837,10,1984-03-02,1984-07-23,Socialist Group
837,1,1984-03-02,1984-07-23,Socialist Group
247709,10,2023-09-05,2023-09-13,Non-attached Members
247709,10,2023-09-14,2024-07-15,Group of the European People's Party (Christian Democrats)
247709,9,2023-09-05,2023-09-13,Non-attached Members
247709,9,2023-09-14,2024-07-15,Group of the European People's Party (Christian Democrats)
97137,10,2014-07-01,2017-05-17,Group of the Alliance of Liberals and Democrats for Europe
97137,7,2009-07-14,2014-06-30,Group of the Alliance of Liberals and Democrats for Europe
97137,8,2014-07-01,2017-05-17,Group of the Alliance of Liberals and Democrats for Europe
28330,10,2009-07-14,2013-12-15,Confederal Group of the European United Left
28330,6,2004-07-20,2009-07-13,Confederal Group of the European United Left
28330,7,2009-07-14,2013-12-15,Confederal Group of the European United Left
4415,10,1999-07-20,2004-07-19,Group of the Party of European Socialists
4415,5,1999-07-20,2004-07-19,Group of the Party of European Socialists
930,10,1979-07-17,1980-12-31,Liberal and Democratic Group
930,10,1981-01-01,1984-07-23,Group of the European People's Party (Christian-Democratic Group)
930,1,1979-07-17,1980-12-31,Liberal and Democratic Group
930,1,1981-01-01,1984-07-23,Group of the European People's Party (Christian-Democratic Group)
96686,10,2009-07-14,2014-06-30,Group of the Progressive Alliance of Socialists and Democrats in the European Parliament
96686,7,2009-07-14,2014-06-30,Group of the Progressive Alliance of Socialists and Democrats in the European Parliament
1438,10,1989-04-12,1989-07-24,Group of the European Democratic Alliance
1438,2,1989-04-12,1989-07-24,Group of the European Democratic Alliance
2049,10,1995-01-01,1996-11-10,Group of the Party of European Socialists
2049,4,1995-01-01,1996-11-10,Group of the Party of European Socialists
197614,10,2019-07-02,2022-10-12,Identity and Democracy Group
197614,9,2019-07-02,2022-10-12,Identity and Democracy Group
28268,10,2004-07-20,2009-07-13,Group of the Alliance of Liberals and Democrats for Europe
28268,6,2004-07-20,2009-07-13,Group of the Alliance of Liberals and Democrats for Europe
4386,10,1999-07-20,2002-01-07,Group of the Greens/European Free Alliance
4386,10,2002-01-08,2004-07-19,Group of the Greens/European Free Alliance
4386,5,1999-07-20,2002-01-07,Group of the Greens/European Free Alliance
4386,5,2002-01-08,2004-07-19,Group of the Greens/European Free Alliance
239257,10,2022-11-02,2024-07-15,Group of the Progressive Alliance of Socialists and Democrats in the European Parliament
239257,9,2022-11-02,2024-07-15,Group of the Progressive Alliance of Socialists and Democrats in the European Parliament
96652,10,2009-07-14,2014-06-30,Group of the European People's Party (Christian Democrats)
96652,7,2009-07-14,2014-06-30,Group of the European People's Party (Christian Democrats)
2284,10,1996-09-18,1997-01-28,Group of the European Radical Alliance
2284,10,1997-01-29,1998-10-07,Group of the European Radical Alliance
2284,4,1996-09-18,1997-01-28,Group of the European Radical Alliance
2284,4,1997-01-29,1998-10-07,Group of the European Radical Alliance
4271,10,2009-07-14,2014-06-30,Group of the European People's Party (Christian Democrats)
4271,5,1999-07-20,2004-07-19,Group of the European People's Party (Christian Democrats) and European Democrats
4271,6,2004-07-20,2006-02-05,Group of the European People's Party (Christian Democrats) and European Democrats
4271,6,2006-02-06,2009-07-13,Group of the European People's Party (Christian Democrats) and European Democrats
4271,7,2009-07-14,2014-06-30,Group of the European People's Party (Christian Democrats)
96882,10,2014-07-01,2017-11-08,Group of the European People's Party (Christian Democrats)
96882,7,2009-07-14,2012-07-10,Group of the European People's Party (Christian Democrats)
96882,7,2012-07-11,2014-06-30,Group of the European People's Party (Christian Democrats)
96882,8,2014-07-01,2017-11-08,Group of the European People's Party (Christian Democrats)
28842,10,2004-07-20,2009-07-13,Group of the European People's Party (Christian Democrats) and European Democrats
28842,6,2004-07-20,2009-07-13,Group of the European People's Party (Christian Democrats) and European Democrats
124943,10,2014-07-01,2017-06-08,European Conservatives and Reformists Group
124943,8,2014-07-01,2017-06-08,European Conservatives and Reformists Group
125108,10,2014-07-01,2014-12-18,European Conservatives and Reformists Group
125108,8,2014-07-01,2014-12-18,European Conservatives and Reformists Group
96746,10,2009-07-14,2014-06-30,Group of the European People's Party (Christian Democrats)
96746,7,2009-07-14,2014-06-30,Group of the European People's Party (Christian Democrats)
1473,10,2014-07-01,2019-07-01,Group of the Alliance of Liberals and Democrats for Europe
1473,2,1984-07-24,1989-07-24,Group of the European People's Party (Christian-Democratic Group)
1473,3,1989-07-25,1994-07-18,Group of the European People's Party (Christian-Democratic Group)
1473,4,1994-07-19,1999-07-19,Group of the European People's Party (Christian-Democratic Group)
1473,5,1999-07-20,2004-07-19,Group of the European People's Party (Christian Democrats) and European Democrats
1473,6,2004-07-20,2008-02-10,Group of the Alliance of Liberals and Democrats for Europe
1473,6,2008-02-11,2009-07-13,Group of the Alliance of Liberals and Democrats for Europe
1473,8,2014-07-01,2019-07-01,Group of the Alliance of Liberals and Democrats for Europe
1917,10,2024-07-16,,Group of the European People's Party (Christian Democrats)
1917,4,1994-07-19,1999-07-19,Group of the European People's Party (Christian-Democratic Group)
1917,5,1999-07-20,2000-04-02,Group of the European People's Party (Christian Democrats) and European Democrats
1917,5,2000-04-03,2004-07-19,Group of the European People's Party (Christian Democrats) and European Democrats
1917,6,2004-07-20,2004-08-30,Group of the European People's Party (Christian Democrats) and European Democrats
1917,6,2004-08-31,2009-07-13,Group of the European People's Party (Christian Democrats) and European Democrats
1917,7,2009-07-14,2014-06-30,Group of the European People's Party (Christian Democrats)
1917,8,2014-07-01,2019-07-01,Group of the European People's Party (Christian Democrats)
1917,9,2019-07-02,2024-07-15,Group of the European People's Party (Christian Democrats)
4413,10,2004-07-20,2009-07-13,Group of the European People's Party (Christian Democrats) and European Democrats
4413,5,1999-07-20,2004-07-19,Group of the European People's Party (Christian Democrats) and European Democrats
4413,6,2004-07-20,2009-07-13,Group of the European People's Party (Christian Democrats) and European Democrats
1379,10,1994-07-19,1998-03-31,Group of the Party of European Socialists
1379,2,1984-07-24,1989-07-24,Socialist Group
1379,3,1989-07-25,1993-04-20,Socialist Group
1379,3,1993-04-21,1994-07-18,Group of the Party of European Socialists
1379,4,1994-07-19,1998-03-31,Group of the Party of European Socialists
197437,10,2019-07-02,2023-12-31,Renew Europe Group
197437,9,2019-07-02,2023-12-31,Renew Europe Group
23850,10,2003-04-22,2004-04-30,Group of the European People's Party (Christian Democrats) and European Democrats
23850,10,2004-05-01,2004-07-19,Group of the European People's Party (Christian Democrats) and European Democrats
23850,5,2003-04-22,2004-04-30,Group of the European People's Party (Christian Democrats) and European Democrats
23850,5,2004-05-01,2004-07-19,Group of the European People's Party (Christian Democrats) and European Democrats
28263,10,2004-07-20,2009-07-13,Socialist Group in the European Parliament
28263,6,2004-07-20,2009-07-13,Socialist Group in the European Parliament
1432,10,1994-07-19,1995-02-08,Group of the Party of European Socialists
1432,10,1995-02-09,1997-02-03,Group of the Party of European Socialists
1432,10,1997-02-04,1999-07-19,Group of the Party of European Socialists
1432,2,1984-07-24,1989-07-24,Socialist Group
1432,3,1989-07-25,1989-11-07,Socialist Group
1432,4,1994-07-19,1995-02-08,Group of the Party of European Socialists
1432,4,1995-02-09,1997-02-03,Group of the Party of European Socialists
1432,4,1997-02-04,1999-07-19,Group of the Party of European Socialists
4454,10,1999-07-20,2003-10-05,Group of the European People's Party (Christian Democrats) and European Democrats
4454,5,1999-07-20,2003-10-05,Group of the European People's Party (Christian Democrats) and European Democrats
34232,10,2024-07-16,,Group of the Progressive Alliance of Socialists and Democrats in the European Parliament
34232,6,2005-09-26,2006-12-31,Socialist Group in the European Parliament
34232,6,2007-01-01,2007-06-05,Socialist Group in the European Parliament
34232,6,2007-06-06,2007-06-18,Socialist Group in the European Parliament
34232,6,2007-06-19,2009-07-13,Socialist Group in the European Parliament
34232,7,2009-07-14,2013-05-28,Group of the Progressive Alliance of Socialists and Democrats in the European Parliament
1734,10,1988-08-01,1989-02-06,Group of the European Right
1734,2,1988-08-01,1989-02-06,Group of the European Right
28414,10,2004-07-20,2009-07-13,Socialist Group in the European Parliament
28414,6,2004-07-20,2009-07-13,Socialist Group in the European Parliament
1882,10,2004-07-20,2004-08-30,Group of the European People's Party (Christian Democrats) and European Democrats
1882,10,2004-08-31,2007-02-14,Group of the European People's Party (Christian Democrats) and European Democrats
1882,10,2007-02-15,2008-06-04,Group of the European People's Party (Christian Democrats) and European Democrats
1882,10,2008-06-05,2009-07-13,Group of the European People's Party (Christian Democrats) and European Democrats
1882,3,1993-06-30,1994-07-18,Group of the European People's Party (Christian-Democratic Group)
1882,4,1996-05-10,1999-07-19,Group of the European People's Party (Christian-Democratic Group)
1882,5,1999-07-20,2004-07-19,Group of the European People's Party (Christian Democrats) and European Democrats
1882,6,2004-07-20,2004-08-30,Group of the European People's Party (Christian Democrats) and European Democrats
1882,6,2004-08-31,2007-02-14,Group of the European People's Party (Christian Democrats) and European Democrats
1882,6,2007-02-15,2008-06-04,Group of the European People's Party (Christian Democrats) and European Democrats
1882,6,2008-06-05,2009-07-13,Group of the European People's Party (Christian Democrats) and European Democrats
187917,10,2024-07-16,,The Left group in the European Parliament
187917,9,2019-07-02,2020-12-17,Group of the European United Left
187917,9,2020-12-18,2024-07-15,The Left group in the European Parliament
953,10,1999-07-20,2004-07-19,Group of the European People's Party (Christian Democrats) and European Democrats
953,3,1989-11-16,1994-07-18,Group of the European People's Party (Christian-Democratic Group)
953,4,1994-07-19,1999-07-19,Group of the European People's Party (Christian-Democratic Group)
953,5,1999-07-20,2004-07-19,Group of the European People's Party (Christian Democrats) and European Democrats
1287,10,1999-07-20,2002-01-14,"Group of the European Liberal, Democrat and Reform Party"
1287,10,2002-01-15,2002-03-06,"Group of the European Liberal, Democrat and Reform Party"
1287,10,2002-03-07,2004-07-19,"Group of the European Liberal, Democrat and Reform Party"
1287,3,1989-07-25,1992-01-26,Liberal and Democratic Reformist Group
1287,3,1992-01-27,1992-03-25,Liberal and Democratic Reformist Group
1287,3,1992-03-26,1993-10-04,Liberal and Democratic Reformist Group
1287,3,1993-10-05,1994-07-18,Liberal and Democratic Reformist Group
1287,4,1994-07-19,1994-08-01,"Group of the European Liberal, Democrat and Reform Party"
1287,4,1994-08-02,1998-09-08,"Group of the European Liberal, Democrat and Reform Party"
1287,4,1998-09-09,1999-07-19,"Group of the European Liberal, Democrat and Reform Party"
1287,5,1999-07-20,2002-01-14,"Group of the European Liberal, Democrat and Reform Party"
1287,5,2002-01-15,2002-03-06,"Group of the European Liberal, Democrat and Reform Party"
1287,5,2002-03-07,2004-07-19,"Group of the European Liberal, Democrat and Reform Party"
1659,10,1984-07-24,1989-07-24,Socialist Group
1659,1,1979-07-17,1984-07-23,Socialist Group
1659,2,1984-07-24,1989-07-24,Socialist Group
928,10,1979-07-17,1980-06-05,Communist and Allies Group
928,1,1979-07-17,1980-06-05,Communist and Allies Group
28339,10,2004-07-20,2009-07-13,Confederal Group of the European United Left
28339,6,2004-07-20,2009-07-13,Confederal Group of the European United Left
28152,10,2004-07-20,2006-10-14,Socialist Group in the European Parliament
28152,6,2004-07-20,2006-10-14,Socialist Group in the European Parliament
950,10,1982-11-16,1984-07-23,Non-attached
950,1,1982-11-16,1984-07-23,Non-attached
4263,10,1999-07-20,2000-07-31,Group of the Party of European Socialists
4263,5,1999-07-20,2000-07-31,Group of the Party of European Socialists
4459,10,1999-07-20,1999-11-02,Union for Europe of the Nations Group
4459,5,1999-07-20,1999-11-02,Union for Europe of the Nations Group
197494,10,2024-07-16,,Renew Europe Group
197494,9,2019-07-02,2024-07-15,Renew Europe Group
4545,10,2014-07-01,2019-01-31,Group of the Progressive Alliance of Socialists and Democrats in the European Parliament
4545,5,1999-07-20,2004-07-19,Group of the Party of European Socialists
4545,6,2004-07-20,2009-07-13,Socialist Group in the European Parliament
4545,7,2009-07-14,2014-06-30,Group of the Progressive Alliance of Socialists and Democrats in the European Parliament
4545,8,2014-07-01,2019-01-31,Group of the Progressive Alliance of Socialists and Democrats in the European Parliament
28379,10,2014-07-01,2019-07-01,Group of the Progressive Alliance of Socialists and Democrats in the European Parliament
28379,6,2004-07-20,2009-07-13,Socialist Group in the European Parliament
28379,7,2009-07-14,2014-06-30,Group of the Progressive Alliance of Socialists and Democrats in the European Parliament
28379,8,2014-07-01,2019-07-01,Group of the Progressive Alliance of Socialists and Democrats in the European Parliament
194658,10,2018-10-03,2019-07-01,Group of the European People's Party (Christian Democrats)
194658,8,2018-10-03,2019-07-01,Group of the European People's Party (Christian Democrats)
866,10,1979-07-17,1984-07-23,Communist and Allies Group
866,1,1979-07-17,1984-07-23,Communist and Allies Group
244571,10,2024-07-16,,Group of the Progressive Alliance of Socialists and Democrats in the European Parliament
244571,9,2023-05-03,2024-07-15,Group of the Progressive Alliance of Socialists and Democrats in the European Parliament
23761,10,2003-04-23,2004-04-30,Group of the Party of European Socialists
23761,10,2004-05-01,2004-07-19,Group of the Party of European Socialists
23761,5,2003-04-23,2004-04-30,Group of the Party of European Socialists
23761,5,2004-05-01,2004-07-19,Group of the Party of European Socialists
948,10,1989-11-16,1993-04-20,Socialist Group
948,10,1993-04-21,1994-07-18,Group of the Party of European Socialists
948,3,1989-11-16,1993-04-20,Socialist Group
948,3,1993-04-21,1994-07-18,Group of the Party of European Socialists
135491,10,2015-11-25,2019-07-01,Group of the Alliance of Liberals and Democrats for Europe
135491,8,2015-11-25,2019-07-01,Group of the Alliance of Liberals and Democrats for Europe
111026,10,2011-12-07,2014-06-30,Non-attached Members
111026,7,2011-12-07,2014-06-30,Non-attached Members
197426,10,2024-07-16,,Group of the European People's Party (Christian Democrats)
197426,9,2019-07-02,2024-07-15,Group of the European People's Party (Christian Democrats)
1230,10,1989-07-25,1993-04-20,Socialist Group
1230,10,1993-04-21,1994-07-18,Group of the Party of European Socialists
1230,2,1984-07-24,1989-07-24,Socialist Group
1230,3,1989-07-25,1993-04-20,Socialist Group
1230,3,1993-04-21,1994-07-18,Group of the Party of European Socialists
918,10,1979-07-17,1984-07-23,Liberal and Democratic Group
918,1,1979-07-17,1984-07-23,Liberal and Democratic Group
2254,10,1994-07-19,1995-07-04,Forza Europa Group
2254,10,1995-07-05,1996-10-23,Group Union for Europe
2254,10,1996-10-24,1996-12-09,Group Union for Europe
2254,10,1996-12-10,1998-07-13,Group Union for Europe
2254,10,1998-07-14,1998-12-15,Group Union for Europe
2254,10,1998-12-16,1999-07-19,Group of the European People's Party (Christian-Democratic Group)
2254,4,1994-07-19,1995-07-04,Forza Europa Group
2254,4,1995-07-05,1996-10-23,Group Union for Europe
2254,4,1996-10-24,1996-12-09,Group Union for Europe
2254,4,1996-12-10,1998-07-13,Group Union for Europe
2254,4,1998-07-14,1998-12-15,Group Union for Europe
2254,4,1998-12-16,1999-07-19,Group of the European People's Party (Christian-Democratic Group)
1547,10,1987-02-19,1987-09-13,Liberal and Democratic Reformist Group
1547,2,1987-02-19,1987-09-13,Liberal and Democratic Reformist Group
96765,10,2014-07-01,2019-07-01,Group of the European People's Party (Christian Democrats)
96765,7,2009-07-14,2014-06-30,Group of the European People's Party (Christian Democrats)
96765,8,2014-07-01,2019-07-01,Group of the European People's Party (Christian Democrats)
1048,10,1989-07-25,1994-07-18,Rainbow Group in the European Parliament
1048,2,1984-07-24,1989-07-24,Rainbow Group
1048,3,1989-07-25,1994-07-18,Rainbow Group in the European Parliament
1522,10,1984-07-24,1989-07-24,Group of the European People's Party (Christian-Democratic Group)
1522,2,1984-07-24,1989-07-24,Group of the European People's Party (Christian-Democratic Group)
197658,10,2024-07-16,,Group of the Progressive Alliance of Socialists and Democrats in the European Parliament
197658,9,2019-07-02,2024-07-15,Group of the Progressive Alliance of Socialists and Democrats in the European Parliament
197826,10,2019-07-02,2024-07-15,Identity and Democracy Group
197826,9,2019-07-02,2024-07-15,Identity and Democracy Group
1581,10,1984-07-24,1989-07-24,Group of the European Democratic Alliance
1581,1,1982-02-16,1983-09-30,Group of European Progressive Democrats
1581,2,1984-07-24,1989-07-24,Group of the European Democratic Alliance
1399,10,1994-07-19,1999-07-19,Group of the Party of European Socialists
1399,2,1984-07-24,1989-07-24,Socialist Group
1399,3,1989-07-25,1993-04-20,Socialist Group
1399,3,1993-04-21,1994-07-18,Group of the Party of European Socialists
1399,4,1994-07-19,1999-07-19,Group of the Party of European Socialists
1642,10,1984-07-24,1989-07-24,Rainbow Group
1642,2,1984-07-24,1989-07-24,Rainbow Group
1065,10,2004-07-20,2009-07-13,Socialist Group in the European Parliament
1065,3,1989-07-25,1993-01-11,Group for the European United Left
1065,3,1993-01-12,1993-04-20,Socialist Group
1065,3,1993-04-21,1994-07-18,Group of the Party of European Socialists
1065,4,1996-11-11,1999-07-19,Group of the Party of European Socialists
1065,5,1999-07-20,2004-07-19,Group of the Party of European Socialists
1065,6,2004-07-20,2009-07-13,Socialist Group in the European Parliament
96763,10,2014-07-01,2016-11-17,Group of the European People's Party (Christian Democrats)
96763,7,2009-07-14,2014-06-30,Group of the European People's Party (Christian Democrats)
96763,8,2014-07-01,2016-11-17,Group of the European People's Party (Christian Democrats)
1759,10,2009-07-14,2011-06-22,Group of the European People's Party (Christian Democrats)
1759,2,1984-07-24,1988-06-20,Group of the European People's Party (Christian-Democratic Group)
1759,4,1994-07-19,1994-07-27,Group of the European People's Party (Christian-Democratic Group)
1759,4,1994-07-28,1997-09-16,Group of the European People's Party (Christian-Democratic Group)
1759,4,1997-09-17,1997-10-02,Group of the European People's Party (Christian-Democratic Group)
1759,7,2009-07-14,2011-06-22,Group of the European People's Party (Christian Democrats)
96940,10,2024-07-16,,Renew Europe Group
96940,7,2009-07-14,2014-06-30,Group of the Alliance of Liberals and Democrats for Europe
96940,8,2014-07-01,2019-07-01,Group of the Alliance of Liberals and Democrats for Europe
124987,10,2014-07-01,2019-07-01,Confederal Group of the European United Left
124987,8,2014-07-01,2019-07-01,Confederal Group of the European United Left
96890,10,2009-07-14,2014-06-30,Group of the Progressive Alliance of Socialists and Democrats in the European Parliament
96890,7,2009-07-14,2014-06-30,Group of the Progressive Alliance of Socialists and Democrats in the European Parliament
197690,10,2024-07-16,,Patriots for Europe Group
197690,9,2019-07-02,2024-07-15,Identity and Democracy Group
1845,10,2004-07-20,2004-08-30,Group of the European People's Party (Christian Democrats) and European Democrats
1845,10,2004-08-31,2009-07-13,Group of the European People's Party (Christian Democrats) and European Democrats
1845,3,1991-03-11,1994-07-18,Group of the European People's Party (Christian-Democratic Group)
1845,4,1994-07-19,1994-11-28,Group of the European People's Party (Christian-Democratic Group)
1845,4,1994-11-29,1999-07-19,Group of the European People's Party (Christian-Democratic Group)
1845,5,1999-07-20,2004-07-19,Group of the European People's Party (Christian Democrats) and European Democrats
1845,6,2004-07-20,2004-08-30,Group of the European People's Party (Christian Democrats) and European Democrats
1845,6,2004-08-31,2009-07-13,Group of the European People's Party (Christian Democrats) and European Democrats
197567,10,2019-07-02,2024-07-15,Renew Europe Group
197567,9,2019-07-02,2024-07-15,Renew Europe Group
96792,10,2009-07-14,2014-06-30,Group of the European People's Party (Christian Democrats)
96792,7,2009-07-14,2014-06-30,Group of the European People's Party (Christian Democrats)
124803,10,2014-07-01,2019-07-01,Group of the Progressive Alliance of Socialists and Democrats in the European Parliament
124803,8,2014-07-01,2019-07-01,Group of the Progressive Alliance of Socialists and Democrats in the European Parliament
4482,10,2009-07-14,2009-07-20,Group of the European People's Party (Christian Democrats)
4482,10,2009-07-21,2012-02-02,Group of the European People's Party (Christian Democrats)
4482,10,2012-02-03,2014-06-30,Group of the European People's Party (Christian Democrats)
4482,5,1999-07-20,2004-07-19,Group of the European People's Party (Christian Democrats) and European Democrats
4482,6,2004-07-20,2007-02-14,Group of the European People's Party (Christian Democrats) and European Democrats
4482,6,2007-02-15,2009-07-13,Group of the European People's Party (Christian Democrats) and European Democrats
4482,7,2009-07-14,2009-07-20,Group of the European People's Party (Christian Democrats)
4482,7,2009-07-21,2012-02-02,Group of the European People's Party (Christian Democrats)
4482,7,2012-02-03,2014-06-30,Group of the European People's Party (Christian Democrats)
124996,10,2019-07-02,2022-04-04,European Conservatives and Reformists Group
124996,10,2022-04-05,2024-07-15,European Conservatives and Reformists Group
124996,8,2014-07-01,2014-10-15,Europe of Freedom and Direct Democracy Group
124996,8,2014-10-16,2014-10-19,Non-attached Members
124996,8,2014-10-20,2018-07-02,Europe of Freedom and Direct Democracy Group
124996,8,2018-07-03,2018-07-03,European Conservatives and Reformists Group
124996,8,2018-07-04,2019-07-01,European Conservatives and Reformists Group
124996,9,2019-07-02,2022-04-04,European Conservatives and Reformists Group
124996,9,2022-04-05,2024-07-15,European Conservatives and Reformists Group
96729,10,2014-07-01,2019-07-01,Group of the European People's Party (Christian Democrats)
96729,7,2009-07-14,2014-06-30,Group of the European People's Party (Christian Democrats)
96729,8,2014-07-01,2019-07-01,Group of the European People's Party (Christian Democrats)
1592,10,1992-12-04,1993-11-06,Group of the European People's Party (Christian-Democratic Group)
1592,2,1988-04-01,1989-07-24,Group of the European People's Party (Christian-Democratic Group)
1592,3,1992-12-04,1993-11-06,Group of the European People's Party (Christian-Democratic Group)
96758,10,2009-07-14,2014-06-30,Group of the Greens/European Free Alliance
96758,7,2009-07-14,2014-06-30,Group of the Greens/European Free Alliance
1434,10,1994-07-19,1999-07-19,"Group of the European Liberal, Democrat and Reform Party"
1434,2,1984-07-24,1985-12-12,Liberal and Democratic Group
1434,2,1985-12-13,1989-07-24,Liberal and Democratic Reformist Group
1434,3,1989-07-25,1992-01-26,Liberal and Democratic Reformist Group
1434,3,1992-01-27,1994-07-18,Liberal and Democratic Reformist Group
1434,4,1994-07-19,1999-07-19,"Group of the European Liberal, Democrat and Reform Party"
88715,10,2019-07-02,2020-12-17,Group of the European United Left
88715,10,2020-12-18,2024-07-15,The Left group in the European Parliament
88715,9,2019-07-02,2020-12-17,Group of the European United Left
88715,9,2020-12-18,2024-07-15,The Left group in the European Parliament
1962,10,1994-07-19,1994-11-28,Group of the European People's Party (Christian-Democratic Group)
1962,10,1994-11-29,1999-01-05,Group of the European People's Party (Christian-Democratic Group)
1962,4,1994-07-19,1994-11-28,Group of the European People's Party (Christian-Democratic Group)
1962,4,1994-11-29,1999-01-05,Group of the European People's Party (Christian-Democratic Group)
112753,10,2014-07-01,2019-07-01,Group of the Alliance of Liberals and Democrats for Europe
112753,7,2012-04-01,2013-06-30,Group of the Alliance of Liberals and Democrats for Europe
112753,8,2014-07-01,2019-07-01,Group of the Alliance of Liberals and Democrats for Europe
921,10,1979-07-17,1984-07-23,Socialist Group
921,1,1979-07-17,1984-07-23,Socialist Group
1072,10,1989-07-25,1992-06-07,Socialist Group
1072,10,1992-06-08,1993-06-23,Non-attached
1072,10,1993-06-24,1994-07-18,Group of the Party of European Socialists
1072,3,1989-07-25,1992-06-07,Socialist Group
1072,3,1992-06-08,1993-06-23,Non-attached
1072,3,1993-06-24,1994-07-18,Group of the Party of European Socialists
1636,10,1984-07-24,1987-10-03,Group of the European People's Party (Christian-Democratic Group)
1636,1,1979-07-17,1984-07-23,Group of the European People's Party (Christian-Democratic Group)
1636,2,1984-07-24,1987-10-03,Group of the European People's Party (Christian-Democratic Group)
96978,10,2019-07-02,2024-03-25,Group of the European People's Party (Christian Democrats)
96978,7,2009-07-14,2014-06-30,Group of the European People's Party (Christian Democrats)
96978,8,2014-07-01,2019-07-01,Group of the European People's Party (Christian Democrats)
96978,9,2019-07-02,2024-03-25,Group of the European People's Party (Christian Democrats)
28288,10,2019-07-02,2019-09-16,Group of the European People's Party (Christian Democrats)
28288,10,2019-09-17,2024-07-15,Group of the European People's Party (Christian Democrats)
28288,6,2004-07-20,2006-02-05,Group of the European People's Party (Christian Democrats) and European Democrats
28288,6,2006-02-06,2009-07-13,Group of the European People's Party (Christian Democrats) and European Democrats
28288,7,2009-07-14,2009-09-15,Group of the European People's Party (Christian Democrats)
28288,7,2009-09-16,2012-02-02,Group of the European People's Party (Christian Democrats)
28288,7,2012-02-03,2014-06-30,Group of the European People's Party (Christian Democrats)
28288,8,2014-07-01,2019-07-01,Group of the European People's Party (Christian Democrats)
28288,9,2019-07-02,2019-09-16,Group of the European People's Party (Christian Democrats)
28288,9,2019-09-17,2024-07-15,Group of the European People's Party (Christian Democrats)
2141,10,1994-07-19,1995-07-04,Forza Europa Group
2141,10,1995-07-05,1998-07-13,Group Union for Europe
2141,10,1998-07-14,1999-07-19,Group Union for Europe
2141,4,1994-07-19,1995-07-04,Forza Europa Group
2141,4,1995-07-05,1998-07-13,Group Union for Europe
2141,4,1998-07-14,1999-07-19,Group Union for Europe
1022,10,1994-07-19,1999-07-19,Non-attached
1022,2,1984-07-24,1989-07-24,Group of the European Right
1022,3,1989-07-25,1994-07-18,Technical Group of the European Right
1022,4,1994-07-19,1999-07-19,Non-attached
197718,10,2024-07-16,,Group of the Progressive Alliance of Socialists and Democrats in the European Parliament
197718,9,2019-07-02,2024-07-15,Group of the Progressive Alliance of Socialists and Democrats in the European Parliament
96796,10,2019-07-02,2022-10-12,European Conservatives and Reformists Group
96796,10,2022-10-13,2023-02-13,European Conservatives and Reformists Group
96796,10,2023-02-14,2024-07-15,European Conservatives and Reformists Group
96796,7,2009-07-14,2009-07-15,European Conservatives and Reformists Group
96796,7,2009-07-16,2011-03-08,European Conservatives and Reformists Group
96796,7,2011-03-09,2011-07-05,European Conservatives and Reformists Group
96796,7,2011-07-06,2014-06-30,European Conservatives and Reformists Group
96796,8,2014-07-01,2016-12-12,European Conservatives and Reformists Group
96796,8,2016-12-13,2017-07-04,European Conservatives and Reformists Group
96796,8,2017-07-05,2019-07-01,European Conservatives and Reformists Group
96796,9,2019-07-02,2022-10-12,European Conservatives and Reformists Group
96796,9,2022-10-13,2023-02-13,European Conservatives and Reformists Group
96796,9,2023-02-14,2024-07-15,European Conservatives and Reformists Group
822,10,1979-07-17,1984-07-23,European Democratic Group
822,1,1979-07-17,1984-07-23,European Democratic Group
2170,10,1994-07-19,1999-07-19,Group of the Party of European Socialists
2170,4,1994-07-19,1999-07-19,Group of the Party of European Socialists
28309,10,2004-07-20,2007-10-09,Socialist Group in the European Parliament
28309,6,2004-07-20,2007-10-09,Socialist Group in the European Parliament
96880,10,2019-07-02,2023-01-17,Group of the Progressive Alliance of Socialists and Democrats in the European Parliament
96880,10,2023-01-18,2024-07-15,Non-attached Members
96880,7,2009-07-14,2014-06-30,Group of the Progressive Alliance of Socialists and Democrats in the European Parliament
96880,8,2014-07-01,2019-07-01,Group of the Progressive Alliance of Socialists and Democrats in the European Parliament
96880,9,2019-07-02,2023-01-17,Group of the Progressive Alliance of Socialists and Democrats in the European Parliament
96880,9,2023-01-18,2024-07-15,Non-attached Members
4460,10,2005-11-15,2006-04-27,Group of the Alliance of Liberals and Democrats for Europe
4460,5,1999-07-20,2004-07-19,"Group of the European Liberal, Democrat and Reform Party"
4460,6,2005-11-15,2006-04-27,Group of the Alliance of Liberals and Democrats for Europe
28112,10,2009-07-14,2014-06-30,Group of the European People's Party (Christian Democrats)
28112,6,2004-07-20,2009-07-13,Group of the European People's Party (Christian Democrats) and European Democrats
28112,7,2009-07-14,2014-06-30,Group of the European People's Party (Christian Democrats)
235,10,1994-07-19,1999-07-19,Group of the Party of European Socialists
235,3,1990-10-09,1993-04-20,Socialist Group
235,3,1993-04-21,1994-07-18,Group of the Party of European Socialists
235,4,1994-07-19,1999-07-19,Group of the Party of European Socialists
1430,10,1989-07-25,1993-04-20,Socialist Group
1430,10,1993-04-21,1994-07-18,Group of the Party of European Socialists
1430,1,1982-01-31,1984-07-23,Socialist Group
1430,2,1984-07-24,1989-07-24,Socialist Group
1430,3,1989-07-25,1993-04-20,Socialist Group
1430,3,1993-04-21,1994-07-18,Group of the Party of European Socialists
96704,10,2009-07-14,2014-06-30,European Conservatives and Reformists Group
96704,7,2009-07-14,2014-06-30,European Conservatives and Reformists Group
28388,10,2004-07-20,2009-07-13,Group of the Alliance of Liberals and Democrats for Europe
28388,6,2004-07-20,2009-07-13,Group of the Alliance of Liberals and Democrats for Europe
1180,10,1989-07-25,1989-11-03,Group of the European Democratic Alliance
1180,3,1989-07-25,1989-11-03,Group of the European Democratic Alliance
682,10,1988-06-14,1989-07-24,Group of the European People's Party (Christian-Democratic Group)
682,1,1979-07-17,1984-07-23,Group of the European People's Party (Christian-Democratic Group)
682,2,1988-06-14,1989-07-24,Group of the European People's Party (Christian-Democratic Group)
2203,10,1995-01-01,1996-11-10,Non-attached
2203,4,1995-01-01,1996-11-10,Non-attached
1345,10,1994-07-19,1995-01-05,Confederal Group of the European United Left
1345,10,1995-01-06,1999-07-19,Confederal Group of the European United Left/Nordic Green Left
1345,2,1987-07-06,1989-07-24,Communist and Allies Group
1345,3,1989-07-25,1993-01-11,Group for the European United Left
1345,3,1993-01-12,1994-07-18,Non-attached
1345,4,1994-07-19,1995-01-05,Confederal Group of the European United Left
1345,4,1995-01-06,1999-07-19,Confederal Group of the European United Left/Nordic Green Left
23823,10,2003-04-18,2004-04-30,Group of the European People's Party (Christian Democrats) and European Democrats
23823,10,2004-05-01,2004-07-19,Group of the European People's Party (Christian Democrats) and European Democrats
23823,5,2003-04-18,2004-04-30,Group of the European People's Party (Christian Democrats) and European Democrats
23823,5,2004-05-01,2004-07-19,Group of the European People's Party (Christian Democrats) and European Democrats
912,10,1979-07-17,1984-07-23,Group for the Technical Coordination and Defence of Independent Groups and Members
912,1,1979-07-17,1984-07-23,Group for the Technical Coordination and Defence of Independent Groups and Members
1821,10,1984-07-24,1986-03-09,Socialist Group
1821,10,1986-03-10,1989-07-24,Socialist Group
1821,2,1984-07-24,1986-03-09,Socialist Group
1821,2,1986-03-10,1989-07-24,Socialist Group
96717,10,2009-07-14,2014-06-30,Group of the Progressive Alliance of Socialists and Democrats in the European Parliament
96717,7,2009-07-14,2014-06-30,Group of the Progressive Alliance of Socialists and Democrats in the European Parliament
819,10,1980-03-07,1981-09-14,Socialist Group
819,1,1980-03-07,1981-09-14,Socialist Group
1801,10,1984-07-24,1989-07-24,Group of the European Right
1801,2,1984-07-24,1989-07-24,Group of the European Right
2009,10,1994-07-19,1996-07-09,Group of the Party of European Socialists
2009,10,1996-07-10,1996-09-17,Non-attached
2009,10,1996-09-18,1999-07-19,Group of the European Radical Alliance
2009,4,1994-07-19,1996-07-09,Group of the Party of European Socialists
2009,4,1996-07-10,1996-09-17,Non-attached
2009,4,1996-09-18,1999-07-19,Group of the European Radical Alliance
1151,10,1989-07-25,1993-06-29,Group of the European People's Party (Christian-Democratic Group)
1151,3,1989-07-25,1993-06-29,Group of the European People's Party (Christian-Democratic Group)
34003,10,2005-09-26,2006-12-31,Group of the Alliance of Liberals and Democrats for Europe
34003,10,2007-12-10,2007-12-17,Non-attached Members
34003,10,2007-12-18,2009-07-13,Group of the European People's Party (Christian Democrats) and European Democrats
34003,6,2005-09-26,2006-12-31,Group of the Alliance of Liberals and Democrats for Europe
34003,6,2007-12-10,2007-12-17,Non-attached Members
34003,6,2007-12-18,2009-07-13,Group of the European People's Party (Christian Democrats) and European Democrats
1091,10,1994-07-19,1999-07-19,Group of the Party of European Socialists
1091,3,1989-07-25,1992-01-20,Group for the European United Left
1091,3,1992-01-21,1993-01-11,Group for the European United Left
1091,3,1993-01-12,1993-04-20,Socialist Group
1091,3,1993-04-21,1994-07-18,Group of the Party of European Socialists
1091,4,1994-07-19,1999-07-19,Group of the Party of European Socialists
2043,10,1999-07-20,1999-07-21,Technical Group of Independent Members
2043,10,1999-07-22,2001-10-02,Technical Group of Independent Members
2043,10,2001-10-03,2004-07-19,Non-attached
2043,4,1994-07-19,1994-11-30,Group of the European Radical Alliance
2043,4,1994-12-01,1999-07-19,Group of the European Radical Alliance
2043,5,1999-07-20,1999-07-21,Technical Group of Independent Members
2043,5,1999-07-22,2001-10-02,Technical Group of Independent Members
2043,5,2001-10-03,2004-07-19,Non-attached
1915,10,1994-07-19,1994-12-20,The Green Group in the European Parliament
1915,10,1994-12-21,1995-01-05,Confederal Group of the European United Left
1915,10,1995-01-06,1995-01-19,Confederal Group of the European United Left/Nordic Green Left
1915,10,1995-01-20,1996-01-14,Confederal Group of the European United Left/Nordic Green Left
1915,4,1994-07-19,1994-12-20,The Green Group in the European Parliament
1915,4,1994-12-21,1995-01-05,Confederal Group of the European United Left
1915,4,1995-01-06,1995-01-19,Confederal Group of the European United Left/Nordic Green Left
1915,4,1995-01-20,1996-01-14,Confederal Group of the European United Left/Nordic Green Left
2011,10,1994-07-19,1995-07-04,Group of the European Democratic Alliance
2011,10,1995-07-05,1999-07-19,Group Union for Europe
2011,4,1994-07-19,1995-07-04,Group of the European Democratic Alliance
2011,4,1995-07-05,1999-07-19,Group Union for Europe
86793,10,2024-07-16,,Group of the Greens/European Free Alliance
86793,9,2019-07-02,2024-07-15,Group of the Greens/European Free Alliance
96916,10,2009-07-14,2014-06-30,Group of the Progressive Alliance of Socialists and Democrats in the European Parliament
96916,7,2009-07-14,2014-06-30,Group of the Progressive Alliance of Socialists and Democrats in the European Parliament
1784,10,1984-07-24,1987-04-05,European Democratic Group
1784,10,1987-04-06,1989-07-24,European Democratic Group
1784,1,1979-07-17,1984-07-23,European Democratic Group
1784,2,1984-07-24,1987-04-05,European Democratic Group
1784,2,1987-04-06,1989-07-24,European Democratic Group
28481,10,2014-07-01,2019-07-01,European Conservatives and Reformists Group
28481,6,2004-07-20,2007-12-11,Group of the Alliance of Liberals and Democrats for Europe
28481,6,2007-12-12,2009-07-13,Group of the European People's Party (Christian Democrats) and European Democrats
28481,7,2009-07-14,2014-06-30,European Conservatives and Reformists Group
28481,8,2014-07-01,2019-07-01,European Conservatives and Reformists Group
2285,10,2004-07-20,2007-01-10,Socialist Group in the European Parliament
2285,10,2008-12-11,2009-07-13,Socialist Group in the European Parliament
2285,4,1996-11-11,1999-07-19,Group of the Party of European Socialists
2285,5,1999-07-20,2000-03-07,Group of the Party of European Socialists
2285,5,2000-03-08,2002-01-16,Group of the Party of European Socialists
2285,5,2002-01-17,2004-07-19,Group of the Party of European Socialists
2285,6,2004-07-20,2007-01-10,Socialist Group in the European Parliament
2285,6,2008-12-11,2009-07-13,Socialist Group in the European Parliament
4742,10,1999-07-21,1999-07-21,Non-attached
4742,10,1999-07-22,2004-07-19,Union for Europe of the Nations Group
4742,5,1999-07-21,1999-07-21,Non-attached
4742,5,1999-07-22,2004-07-19,Union for Europe of the Nations Group
2249,10,1994-07-19,1995-07-04,Forza Europa Group
2249,10,1995-07-05,1998-06-14,Group Union for Europe
2249,10,1998-06-15,1999-07-19,Group of the European People's Party (Christian-Democratic Group)
2249,4,1994-07-19,1995-07-04,Forza Europa Group
2249,4,1995-07-05,1998-06-14,Group Union for Europe
2249,4,1998-06-15,1999-07-19,Group of the European People's Party (Christian-Democratic Group)
2226,10,1999-07-20,2000-04-02,Group of the European People's Party (Christian Democrats) and European Democrats
2226,10,2000-04-03,2002-03-07,Group of the European People's Party (Christian Democrats) and European Democrats
2226,10,2002-03-08,2004-07-19,Group of the European People's Party (Christian Democrats) and European Democrats
2226,4,1994-07-19,1999-07-19,Group of the European People's Party (Christian-Democratic Group)
2226,5,1999-07-20,2000-04-02,Group of the European People's Party (Christian Democrats) and European Democrats
2226,5,2000-04-03,2002-03-07,Group of the European People's Party (Christian Democrats) and European Democrats
2226,5,2002-03-08,2004-07-19,Group of the European People's Party (Christian Democrats) and European Democrats
1460,10,1989-07-25,1994-07-18,Group of the European People's Party (Christian-Democratic Group)
1460,2,1984-09-03,1985-09-08,Group of the European People's Party (Christian-Democratic Group)
1460,2,1985-09-09,1989-03-12,Group of the European People's Party (Christian-Democratic Group)
1460,2,1989-03-13,1989-07-24,Group of the European People's Party (Christian-Democratic Group)
1460,3,1989-07-25,1994-07-18,Group of the European People's Party (Christian-Democratic Group)
1743,10,1986-01-01,1986-10-05,European Democratic Group
1743,10,1986-10-06,1987-04-05,European Democratic Group
1743,10,1987-04-06,1987-07-05,European Democratic Group
1743,2,1986-01-01,1986-10-05,European Democratic Group
1743,2,1986-10-06,1987-04-05,European Democratic Group
1743,2,1987-04-06,1987-07-05,European Democratic Group
28140,10,2004-07-20,2009-07-13,Socialist Group in the European Parliament
28140,6,2004-07-20,2009-07-13,Socialist Group in the European Parliament
1687,10,1984-07-24,1989-07-24,European Democratic Group
1687,2,1984-07-24,1989-07-24,European Democratic Group
1015,10,1989-07-25,1993-01-11,Group for the European United Left
1015,10,1993-01-12,1993-04-20,Socialist Group
1015,10,1993-04-21,1994-07-18,Group of the Party of European Socialists
1015,3,1989-07-25,1993-01-11,Group for the European United Left
1015,3,1993-01-12,1993-04-20,Socialist Group
1015,3,1993-04-21,1994-07-18,Group of the Party of European Socialists
28172,10,2004-07-20,2009-07-13,Socialist Group in the European Parliament
28172,6,2004-07-20,2009-07-13,Socialist Group in the European Parliament
796,10,1979-07-17,1981-07-07,Socialist Group
796,1,1979-07-17,1981-07-07,Socialist Group
39319,10,2009-07-14,2014-06-30,Group of the Progressive Alliance of Socialists and Democrats in the European Parliament
39319,6,2007-10-01,2009-07-13,Socialist Group in the European Parliament
39319,7,2009-07-14,2014-06-30,Group of the Progressive Alliance of Socialists and Democrats in the European Parliament
1176,10,1989-07-25,1994-02-11,Left Unity
1176,1,1979-07-17,1984-07-23,Communist and Allies Group
1176,2,1984-07-24,1986-04-29,Communist and Allies Group
1176,3,1989-07-25,1994-02-11,Left Unity
1965,10,2010-06-22,2014-06-30,Group of the Alliance of Liberals and Democrats for Europe
1965,4,1994-07-19,1999-07-19,"Group of the European Liberal, Democrat and Reform Party"
1965,5,1999-07-20,2004-07-19,"Group of the European Liberal, Democrat and Reform Party"
1965,6,2004-07-20,2009-07-13,Group of the Alliance of Liberals and Democrats for Europe
1965,7,2010-06-22,2014-06-30,Group of the Alliance of Liberals and Democrats for Europe
4363,10,1999-07-20,2000-09-20,Union for Europe of the Nations Group
4363,10,2000-09-21,2004-07-19,Union for Europe of the Nations Group
4363,5,1999-07-20,2000-09-20,Union for Europe of the Nations Group
4363,5,2000-09-21,2004-07-19,Union for Europe of the Nations Group
1387,10,1989-07-25,1992-02-04,European Democratic Group
1387,10,1992-02-05,1992-04-30,European Democratic Group
1387,10,1992-05-01,1994-07-18,Group of the European People's Party (Christian-Democratic Group)
1387,1,1979-07-17,1984-07-23,European Democratic Group
1387,2,1984-07-24,1989-07-24,European Democratic Group
1387,3,1989-07-25,1992-02-04,European Democratic Group
1387,3,1992-02-05,1992-04-30,European Democratic Group
1387,3,1992-05-01,1994-07-18,Group of the European People's Party (Christian-Democratic Group)
815,10,1979-07-17,1981-09-07,Group of the European People's Party (Christian-Democratic Group)
815,1,1979-07-17,1981-09-07,Group of the European People's Party (Christian-Democratic Group)
197481,10,2024-07-16,2025-03-24,Non-attached Members
197481,9,2019-07-02,2024-05-22,Identity and Democracy Group
197481,9,2024-05-23,2024-07-15,Non-attached Members
197481,1,2024-07-16,2025-03-24,Non-attached Members
1783,10,1986-01-01,1986-10-05,Socialist Group
1783,10,1986-10-06,1987-09-13,Socialist Group
1783,10,1987-09-14,1988-02-20,Socialist Group
1783,2,1986-01-01,1986-10-05,Socialist Group
1783,2,1986-10-06,1987-09-13,Socialist Group
1783,2,1987-09-14,1988-02-20,Socialist Group
4543,10,1999-07-20,2002-03-07,Group of the European People's Party (Christian Democrats) and European Democrats
4543,10,2002-03-08,2004-07-19,Group of the European People's Party (Christian Democrats) and European Democrats
4543,5,1999-07-20,2002-03-07,Group of the European People's Party (Christian Democrats) and European Democrats
4543,5,2002-03-08,2004-07-19,Group of the European People's Party (Christian Democrats) and European Democrats
124858,10,2024-07-16,,Non-attached Members
124858,8,2014-07-01,2017-10-23,Confederal Group of the European United Left
185628,10,2016-11-17,2019-07-01,European Conservatives and Reformists Group
185628,8,2016-11-17,2019-07-01,European Conservatives and Reformists Group
1162,10,1989-07-25,1991-11-12,Group of the European Democratic Alliance
1162,10,1991-11-13,1994-07-18,Group of the European People's Party (Christian-Democratic Group)
1162,3,1989-07-25,1991-11-12,Group of the European Democratic Alliance
1162,3,1991-11-13,1994-07-18,Group of the European People's Party (Christian-Democratic Group)
124701,10,2024-07-16,,Group of the European People's Party (Christian Democrats)
124701,8,2014-07-01,2019-07-01,Group of the European People's Party (Christian Democrats)
124701,9,2019-07-02,2024-07-15,Group of the European People's Party (Christian Democrats)
2105,10,1995-01-01,1995-10-08,Group of the Party of European Socialists
2105,4,1995-01-01,1995-10-08,Group of the Party of European Socialists
124706,10,2014-07-01,2017-01-31,Group of the Alliance of Liberals and Democrats for Europe
124706,10,2017-02-01,2019-07-01,Group of the Alliance of Liberals and Democrats for Europe
124706,8,2014-07-01,2017-01-31,Group of the Alliance of Liberals and Democrats for Europe
124706,8,2017-02-01,2019-07-01,Group of the Alliance of Liberals and Democrats for Europe
111589,10,2014-07-01,2016-01-30,Confederal Group of the European United Left
111589,7,2012-01-18,2014-06-30,Confederal Group of the European United Left
111589,8,2014-07-01,2016-01-30,Confederal Group of the European United Left
253043,10,2024-02-27,2024-07-15,Group of the European People's Party (Christian Democrats)
253043,9,2024-02-27,2024-07-15,Group of the European People's Party (Christian Democrats)
124940,10,2014-07-01,2014-10-15,Europe of Freedom and Direct Democracy Group
124940,10,2014-10-16,2014-10-19,Non-attached Members
124940,10,2014-10-20,2019-07-01,Europe of Freedom and Direct Democracy Group
124940,8,2014-07-01,2014-10-15,Europe of Freedom and Direct Democracy Group
124940,8,2014-10-16,2014-10-19,Non-attached Members
124940,8,2014-10-20,2019-07-01,Europe of Freedom and Direct Democracy Group
23717,10,2004-07-20,2009-07-13,Socialist Group in the European Parliament
23717,5,2003-04-17,2004-04-30,Group of the Party of European Socialists
23717,5,2004-05-01,2004-07-19,Group of the Party of European Socialists
23717,6,2004-07-20,2009-07-13,Socialist Group in the European Parliament
4412,10,2009-07-14,2013-05-21,Group of the European People's Party (Christian Democrats)
4412,10,2013-05-22,2014-06-30,Group of the European People's Party (Christian Democrats)
4412,5,1999-07-20,2001-07-04,Group for a Europe of Democracies and Diversities
4412,5,2001-07-05,2004-07-19,Group for a Europe of Democracies and Diversities
4412,6,2004-07-20,2009-07-13,Group of the European People's Party (Christian Democrats) and European Democrats
4412,7,2009-07-14,2013-05-21,Group of the European People's Party (Christian Democrats)
4412,7,2013-05-22,2014-06-30,Group of the European People's Party (Christian Democrats)
1742,10,1987-09-10,1988-10-31,Group of the European People's Party (Christian-Democratic Group)
1742,2,1987-09-10,1988-10-31,Group of the European People's Party (Christian-Democratic Group)
96668,10,2024-07-16,,Group of the European People's Party (Christian Democrats)
96668,7,2009-07-14,2014-06-30,Group of the European People's Party (Christian Democrats)
96668,8,2014-07-01,2019-07-01,Group of the European People's Party (Christian Democrats)
96668,9,2019-07-02,2024-07-15,Group of the European People's Party (Christian Democrats)
233,10,1994-07-19,1994-08-28,Forza Europa Group
233,10,1994-08-29,1995-07-04,Forza Europa Group
233,10,1995-07-05,1996-10-23,Group Union for Europe
233,10,1996-10-24,1996-12-09,Group Union for Europe
233,10,1996-12-10,1998-06-14,Group Union for Europe
233,10,1998-06-15,1999-07-19,Group of the European People's Party (Christian-Democratic Group)
233,2,1984-07-24,1989-07-24,Group of the European People's Party (Christian-Democratic Group)
233,3,1990-09-27,1994-07-18,Group of the European People's Party (Christian-Democratic Group)
233,4,1994-07-19,1994-08-28,Forza Europa Group
233,4,1994-08-29,1995-07-04,Forza Europa Group
233,4,1995-07-05,1996-10-23,Group Union for Europe
233,4,1996-10-24,1996-12-09,Group Union for Europe
233,4,1996-12-10,1998-06-14,Group Union for Europe
233,4,1998-06-15,1999-07-19,Group of the European People's Party (Christian-Democratic Group)
4288,10,1999-07-20,2004-07-19,Group of the European People's Party (Christian Democrats) and European Democrats
4288,5,1999-07-20,2004-07-19,Group of the European People's Party (Christian Democrats) and European Democrats
41004,10,2008-05-16,2009-07-13,Non-attached Members
41004,6,2008-05-16,2009-07-13,Non-attached Members
1529,10,1984-07-24,1986-12-03,Rainbow Group
1529,10,1986-12-04,1987-02-18,Rainbow Group
1529,2,1984-07-24,1986-12-03,Rainbow Group
1529,2,1986-12-04,1987-02-18,Rainbow Group
4313,10,2004-07-20,2009-07-13,Socialist Group in the European Parliament
4313,5,1999-07-20,2000-03-07,Group of the Party of European Socialists
4313,5,2000-03-08,2002-01-16,Group of the Party of European Socialists
4313,5,2002-01-17,2004-07-19,Group of the Party of European Socialists
4313,6,2004-07-20,2009-07-13,Socialist Group in the European Parliament
249284,10,2023-09-24,2024-07-15,Group of the European People's Party (Christian Democrats)
249284,9,2023-09-24,2024-07-15,Group of the European People's Party (Christian Democrats)
1740,10,1988-07-01,1989-07-24,Liberal and Democratic Reformist Group
1740,2,1988-07-01,1989-07-24,Liberal and Democratic Reformist Group
1690,10,1986-01-01,1987-09-13,Group of the European Democratic Alliance
1690,2,1986-01-01,1987-09-13,Group of the European Democratic Alliance
2190,10,1994-07-19,1995-07-04,Group of the European Democratic Alliance
2190,10,1995-07-05,1999-07-19,Group Union for Europe
2190,4,1994-07-19,1995-07-04,Group of the European Democratic Alliance
2190,4,1995-07-05,1999-07-19,Group Union for Europe
94649,10,2024-07-16,,Patriots for Europe Group
94649,9,2019-07-02,2024-07-15,Identity and Democracy Group
1165,10,1989-07-25,1993-06-17,Group of the European Democratic Alliance
1165,2,1985-05-01,1989-07-24,Group of the European Democratic Alliance
1165,3,1989-07-25,1993-06-17,Group of the European Democratic Alliance
1425,10,1999-07-20,1999-10-11,Group of the European People's Party (Christian Democrats) and European Democrats
1425,10,1999-10-12,2002-03-07,Group of the European People's Party (Christian Democrats) and European Democrats
1425,10,2002-03-08,2003-09-30,Group of the European People's Party (Christian Democrats) and European Democrats
1425,1,1979-07-17,1984-07-23,Group of the European People's Party (Christian-Democratic Group)
1425,2,1984-07-24,1987-04-05,Group of the European People's Party (Christian-Democratic Group)
1425,2,1987-04-06,1989-07-24,Group of the European People's Party (Christian-Democratic Group)
1425,3,1989-07-25,1989-11-07,Group of the European People's Party (Christian-Democratic Group)
1425,4,1994-07-19,1994-07-27,Group of the European People's Party (Christian-Democratic Group)
1425,4,1994-07-28,1999-07-19,Group of the European People's Party (Christian-Democratic Group)
1425,5,1999-07-20,1999-10-11,Group of the European People's Party (Christian Democrats) and European Democrats
1425,5,1999-10-12,2002-03-07,Group of the European People's Party (Christian Democrats) and European Democrats
1425,5,2002-03-08,2003-09-30,Group of the European People's Party (Christian Democrats) and European Democrats
1456,10,1994-07-19,1999-07-19,Group of the European People's Party (Christian-Democratic Group)
1456,2,1984-07-24,1989-07-24,Group of the European People's Party (Christian-Democratic Group)
1456,3,1989-07-25,1992-01-20,Group of the European People's Party (Christian-Democratic Group)
1456,3,1992-01-21,1994-07-18,Group of the European People's Party (Christian-Democratic Group)
1456,4,1994-07-19,1999-07-19,Group of the European People's Party (Christian-Democratic Group)
23813,10,2010-09-12,2014-06-30,Group of the European People's Party (Christian Democrats)
23813,5,2003-04-18,2004-04-30,Group of the European People's Party (Christian Democrats) and European Democrats
23813,5,2004-05-01,2004-07-19,Group of the European People's Party (Christian Democrats) and European Democrats
23813,7,2010-09-12,2014-06-30,Group of the European People's Party (Christian Democrats)
767,10,1979-07-17,1982-11-05,Group of the European People's Party (Christian-Democratic Group)
767,1,1979-07-17,1982-11-05,Group of the European People's Party (Christian-Democratic Group)
2108,10,1995-01-01,1995-02-28,"Group of the European Liberal, Democrat and Reform Party"
2108,10,1995-03-01,1995-10-08,"Group of the European Liberal, Democrat and Reform Party"
2108,10,1995-10-09,1999-07-19,"Group of the European Liberal, Democrat and Reform Party"
2108,4,1995-01-01,1995-02-28,"Group of the European Liberal, Democrat and Reform Party"
2108,4,1995-03-01,1995-10-08,"Group of the European Liberal, Democrat and Reform Party"
2108,4,1995-10-09,1999-07-19,"Group of the European Liberal, Democrat and Reform Party"
197468,10,2024-07-16,2024-07-17,The Left group in the European Parliament
197468,10,2024-07-18,,The Left group in the European Parliament
197468,9,2019-07-02,2020-12-17,Group of the European United Left
197468,9,2020-12-18,2024-07-15,The Left group in the European Parliament
23766,10,2003-04-23,2004-04-30,Group of the Party of European Socialists
23766,10,2004-05-01,2004-05-01,Group of the Party of European Socialists
23766,5,2003-04-23,2004-04-30,Group of the Party of European Socialists
23766,5,2004-05-01,2004-05-01,Group of the Party of European Socialists
1991,10,1994-07-19,1999-07-19,Group of the European People's Party (Christian-Democratic Group)
1991,4,1994-07-19,1999-07-19,Group of the European People's Party (Christian-Democratic Group)
4741,10,2006-11-08,2006-12-12,Non-attached Members
4741,10,2006-12-13,2008-06-22,Union for Europe of the Nations Group
4741,5,1999-07-20,2000-01-13,Technical Group of Independent Members
4741,5,2000-01-14,2001-10-02,Technical Group of Independent Members
4741,5,2001-10-03,2004-07-19,Non-attached
4741,6,2006-11-08,2006-12-12,Non-attached Members
4741,6,2006-12-13,2008-06-22,Union for Europe of the Nations Group
23796,10,2003-04-23,2004-04-30,Non-attached
23796,10,2004-05-01,2004-07-19,Non-attached
23796,5,2003-04-23,2004-04-30,Non-attached
23796,5,2004-05-01,2004-07-19,Non-attached
124721,10,2014-07-01,2019-07-01,Group of the Greens/European Free Alliance
124721,8,2014-07-01,2019-07-01,Group of the Greens/European Free Alliance
28424,10,2014-07-01,2019-07-01,Group of the European People's Party (Christian Democrats)
28424,6,2004-07-20,2004-08-30,Group of the European People's Party (Christian Democrats) and European Democrats
28424,6,2004-08-31,2009-07-13,Group of the European People's Party (Christian Democrats) and European Democrats
28424,7,2009-07-14,2014-06-30,Group of the European People's Party (Christian Democrats)
28424,8,2014-07-01,2019-07-01,Group of the European People's Party (Christian Democrats)
2026,10,1999-07-20,2004-07-19,Group of the European People's Party (Christian Democrats) and European Democrats
2026,4,1994-07-19,1999-07-19,Group of the European People's Party (Christian-Democratic Group)
2026,5,1999-07-20,2004-07-19,Group of the European People's Party (Christian Democrats) and European Democrats
97198,10,2019-07-02,2022-10-12,Identity and Democracy Group
97198,7,2009-07-14,2014-06-30,Europe of freedom and democracy Group
97198,8,2014-07-01,2015-06-14,Non-attached Members
97198,8,2015-06-15,2019-07-01,Europe of Nations and Freedom Group
97198,9,2019-07-02,2022-10-12,Identity and Democracy Group
4563,10,1999-07-20,2004-07-19,Group of the European People's Party (Christian Democrats) and European Democrats
4563,5,1999-07-20,2004-07-19,Group of the European People's Party (Christian Democrats) and European Democrats
96692,10,2009-07-14,2009-07-19,Group of the Alliance of Liberals and Democrats for Europe
96692,10,2009-07-20,2014-06-30,Group of the Alliance of Liberals and Democrats for Europe
96692,7,2009-07-14,2009-07-19,Group of the Alliance of Liberals and Democrats for Europe
96692,7,2009-07-20,2014-06-30,Group of the Alliance of Liberals and Democrats for Europe
1019,10,1989-07-25,1994-07-18,Rainbow Group in the European Parliament
1019,1,1979-07-17,1984-02-10,Group for the Technical Coordination and Defence of Independent Groups and Members
1019,1,1984-02-11,1984-07-23,Group for the Technical Coordination and Defence of Independent Groups and Members
1019,3,1989-07-25,1994-07-18,Rainbow Group in the European Parliament
2037,10,2009-07-14,2014-06-30,European Conservatives and Reformists Group
2037,4,1994-07-19,1996-12-03,Group of the European People's Party (Christian-Democratic Group)
2037,4,1996-12-04,1999-07-19,Group of the European People's Party (Christian-Democratic Group)
2037,5,1999-07-20,1999-10-11,Group of the European People's Party (Christian Democrats) and European Democrats
2037,5,1999-10-12,2002-03-07,Group of the European People's Party (Christian Democrats) and European Democrats
2037,5,2002-03-08,2004-07-19,Group of the European People's Party (Christian Democrats) and European Democrats
2037,6,2004-07-20,2004-08-30,Group of the European People's Party (Christian Democrats) and European Democrats
2037,6,2004-08-31,2009-07-13,Group of the European People's Party (Christian Democrats) and European Democrats
2037,7,2009-07-14,2014-06-30,European Conservatives and Reformists Group
124872,10,2019-07-02,2024-07-15,Renew Europe Group
124872,8,2014-07-01,2019-07-01,Group of the Alliance of Liberals and Democrats for Europe
124872,9,2019-07-02,2024-07-15,Renew Europe Group
916,10,1979-07-17,1980-04-28,Group of European Progressive Democrats
916,1,1979-07-17,1980-04-28,Group of European Progressive Democrats
28209,10,2004-07-20,2009-07-13,Group of the Alliance of Liberals and Democrats for Europe
28209,6,2004-07-20,2009-07-13,Group of the Alliance of Liberals and Democrats for Europe
1170,10,1989-07-25,1993-04-20,Socialist Group
1170,10,1993-04-21,1994-07-18,Group of the Party of European Socialists
1170,2,1987-09-09,1989-07-24,Socialist Group
1170,3,1989-07-25,1993-04-20,Socialist Group
1170,3,1993-04-21,1994-07-18,Group of the Party of European Socialists
1347,10,1989-07-25,1993-04-20,Socialist Group
1347,10,1993-04-21,1994-07-18,Group of the Party of European Socialists
1347,2,1986-01-01,1987-07-05,Socialist Group
1347,2,1987-07-06,1989-07-24,Socialist Group
1347,3,1989-07-25,1993-04-20,Socialist Group
1347,3,1993-04-21,1994-07-18,Group of the Party of European Socialists
746,10,1983-06-09,1984-07-23,Socialist Group
746,1,1983-06-09,1984-07-23,Socialist Group
28277,10,2004-07-20,2009-07-13,Group of the European People's Party (Christian Democrats) and European Democrats
28277,6,2004-07-20,2009-07-13,Group of the European People's Party (Christian Democrats) and European Democrats
97293,10,2014-07-01,2019-07-01,Group of the European People's Party (Christian Democrats)
97293,7,2009-07-14,2014-06-30,Group of the European People's Party (Christian Democrats)
97293,8,2014-07-01,2019-07-01,Group of the European People's Party (Christian Democrats)
776,10,1979-07-17,1984-07-23,Group of the European People's Party (Christian-Democratic Group)
776,1,1979-07-17,1984-07-23,Group of the European People's Party (Christian-Democratic Group)
28343,10,2004-07-20,2006-12-12,Independence/Democracy Group
28343,10,2006-12-13,2009-07-13,Union for Europe of the Nations Group
28343,6,2004-07-20,2006-12-12,Independence/Democracy Group
28343,6,2006-12-13,2009-07-13,Union for Europe of the Nations Group
4322,10,1999-07-20,2004-07-19,Group of the European People's Party (Christian Democrats) and European Democrats
4322,5,1999-07-20,2004-07-19,Group of the European People's Party (Christian Democrats) and European Democrats
96861,10,2009-07-14,2014-06-30,Group of the European People's Party (Christian Democrats)
96861,7,2009-07-14,2014-06-30,Group of the European People's Party (Christian Democrats)
96682,10,2009-07-14,2014-06-30,Group of the European People's Party (Christian Democrats)
96682,7,2009-07-14,2014-06-30,Group of the European People's Party (Christian Democrats)
1891,10,1993-12-27,1994-07-18,Group of the European People's Party (Christian-Democratic Group)
1891,3,1993-12-27,1994-07-18,Group of the European People's Party (Christian-Democratic Group)
28235,10,2004-07-20,2009-07-13,Group of the Greens/European Free Alliance
28235,6,2004-07-20,2009-07-13,Group of the Greens/European Free Alliance
197542,10,2019-07-02,2024-07-15,Group of the European People's Party (Christian Democrats)
197542,9,2019-07-02,2024-07-15,Group of the European People's Party (Christian Democrats)
197417,10,2024-07-16,,Group of the European People's Party (Christian Democrats)
197417,9,2019-07-02,2024-07-15,Group of the European People's Party (Christian Democrats)
1954,10,1994-07-19,1999-07-19,"Group of the European Liberal, Democrat and Reform Party"
1954,4,1994-07-19,1999-07-19,"Group of the European Liberal, Democrat and Reform Party"
195454,10,2018-11-22,2019-07-01,European Conservatives and Reformists Group
195454,8,2018-11-22,2019-07-01,European Conservatives and Reformists Group
1942,10,1994-07-19,1999-07-19,Group of the European People's Party (Christian-Democratic Group)
1942,4,1994-07-19,1999-07-19,Group of the European People's Party (Christian-Democratic Group)
1890,10,1993-11-25,1994-07-18,Group of the Party of European Socialists
1890,3,1993-11-25,1994-07-18,Group of the Party of European Socialists
2328,10,1998-09-01,1999-07-19,"Group of the European Liberal, Democrat and Reform Party"
2328,4,1998-09-01,1999-07-19,"Group of the European Liberal, Democrat and Reform Party"
106202,10,2014-07-01,2014-10-15,Europe of Freedom and Direct Democracy Group
106202,10,2014-10-16,2014-10-19,Non-attached Members
106202,10,2014-10-20,2019-07-01,Europe of Freedom and Direct Democracy Group
106202,8,2014-07-01,2014-10-15,Europe of Freedom and Direct Democracy Group
106202,8,2014-10-16,2014-10-19,Non-attached Members
106202,8,2014-10-20,2019-07-01,Europe of Freedom and Direct Democracy Group
1124,10,1989-07-25,1991-12-10,The Green Group in the European Parliament
1124,3,1989-07-25,1991-12-10,The Green Group in the European Parliament
1096,10,1989-07-25,1993-01-11,Group for the European United Left
1096,10,1993-01-12,1993-04-20,Socialist Group
1096,10,1993-04-21,1994-07-18,Group of the Party of European Socialists
1096,3,1989-07-25,1993-01-11,Group for the European United Left
1096,3,1993-01-12,1993-04-20,Socialist Group
1096,3,1993-04-21,1994-07-18,Group of the Party of European Socialists
197449,10,2024-07-16,,Group of the Greens/European Free Alliance
197449,9,2019-07-02,2024-07-15,Group of the Greens/European Free Alliance
1770,10,1984-07-24,1989-07-24,Communist and Allies Group
1770,1,1979-07-17,1984-07-23,Communist and Allies Group
1770,2,1984-07-24,1989-07-24,Communist and Allies Group
197813,10,2019-07-02,2020-01-31,Non-attached Members
197813,9,2019-07-02,2020-01-31,Non-attached Members
28350,10,2004-07-20,2009-07-13,Group of the European People's Party (Christian Democrats) and European Democrats
28350,6,2004-07-20,2009-07-13,Group of the European People's Party (Christian Democrats) and European Democrats
780,10,1981-01-01,1981-10-18,Non-attached
780,1,1981-01-01,1981-10-18,Non-attached
1560,10,1984-07-24,1989-07-24,Group of the European Right
1560,2,1984-07-24,1989-07-24,Group of the European Right
1243,10,1989-07-25,1992-04-30,European Democratic Group
1243,10,1992-05-01,1992-05-13,Group of the European People's Party (Christian-Democratic Group)
1243,10,1992-05-14,1994-07-18,Group of the European People's Party (Christian-Democratic Group)
1243,2,1984-07-24,1987-04-05,European Democratic Group
1243,2,1987-04-06,1988-02-04,European Democratic Group
1243,2,1988-02-05,1988-11-05,European Democratic Group
1243,2,1988-11-06,1989-07-24,European Democratic Group
1243,3,1989-07-25,1992-04-30,European Democratic Group
1243,3,1992-05-01,1992-05-13,Group of the European People's Party (Christian-Democratic Group)
1243,3,1992-05-14,1994-07-18,Group of the European People's Party (Christian-Democratic Group)
4537,10,2009-07-14,2014-06-30,European Conservatives and Reformists Group
4537,5,1999-07-20,2000-04-02,Group of the European People's Party (Christian Democrats) and European Democrats
4537,5,2000-04-03,2002-03-07,Group of the European People's Party (Christian Democrats) and European Democrats
4537,5,2002-03-08,2003-01-09,Group of the European People's Party (Christian Democrats) and European Democrats
4537,5,2003-01-10,2004-07-19,Group of the European People's Party (Christian Democrats) and European Democrats
4537,6,2004-07-20,2004-08-30,Group of the European People's Party (Christian Democrats) and European Democrats
4537,6,2004-08-31,2009-07-13,Group of the European People's Party (Christian Democrats) and European Democrats
4537,7,2009-07-14,2014-06-30,European Conservatives and Reformists Group
1958,10,1994-07-19,1999-07-19,Group of the European People's Party (Christian-Democratic Group)
1958,4,1994-07-19,1999-07-19,Group of the European People's Party (Christian-Democratic Group)
1849,10,2014-07-01,2019-07-01,Group of the Progressive Alliance of Socialists and Democrats in the European Parliament
1849,3,1991-03-11,1994-07-18,Left Unity
1849,5,1999-07-20,1999-10-12,Confederal Group of the European United Left/Nordic Green Left
1849,5,1999-10-13,2004-07-19,Confederal Group of the European United Left/Nordic Green Left
1849,6,2004-07-20,2009-05-13,Confederal Group of the European United Left
1849,6,2009-05-14,2009-07-13,Socialist Group in the European Parliament
1849,8,2014-07-01,2019-07-01,Group of the Progressive Alliance of Socialists and Democrats in the European Parliament
4555,10,2019-07-02,2020-01-31,European Conservatives and Reformists Group
4555,5,1999-07-20,2004-07-19,Group of the European People's Party (Christian Democrats) and European Democrats
4555,6,2004-07-20,2008-02-19,Group of the European People's Party (Christian Democrats) and European Democrats
4555,6,2008-02-20,2009-07-13,Non-attached Members
4555,7,2009-07-14,2014-06-30,European Conservatives and Reformists Group
4555,8,2014-07-01,2019-07-01,European Conservatives and Reformists Group
4555,9,2019-07-02,2020-01-31,European Conservatives and Reformists Group
111823,10,2012-02-02,2014-06-30,Group of the Greens/European Free Alliance
111823,7,2012-02-02,2014-06-30,Group of the Greens/European Free Alliance
2123,10,2004-07-20,2009-06-07,Socialist Group in the European Parliament
2123,4,1994-07-19,1999-07-19,Group of the Party of European Socialists
2123,5,1999-07-20,2004-07-19,Group of the Party of European Socialists
2123,6,2004-07-20,2009-06-07,Socialist Group in the European Parliament
28420,10,2004-07-20,2004-12-05,Group of the Alliance of Liberals and Democrats for Europe
28420,10,2004-12-06,2007-02-26,Group of the Alliance of Liberals and Democrats for Europe
28420,10,2007-02-27,2008-04-28,Group of the Alliance of Liberals and Democrats for Europe
28420,6,2004-07-20,2004-12-05,Group of the Alliance of Liberals and Democrats for Europe
28420,6,2004-12-06,2007-02-26,Group of the Alliance of Liberals and Democrats for Europe
28420,6,2007-02-27,2008-04-28,Group of the Alliance of Liberals and Democrats for Europe
28368,10,2004-07-20,2008-09-30,Socialist Group in the European Parliament
28368,6,2004-07-20,2008-09-30,Socialist Group in the European Parliament
22859,10,2004-07-20,2009-07-13,Group of the European People's Party (Christian Democrats) and European Democrats
22859,5,2002-06-13,2004-07-19,Group of the European People's Party (Christian Democrats) and European Democrats
22859,6,2004-07-20,2009-07-13,Group of the European People's Party (Christian Democrats) and European Democrats
197739,10,2019-07-02,2020-01-31,Renew Europe Group
197739,9,2019-07-02,2020-01-31,Renew Europe Group
2289,10,1996-11-11,1999-07-19,Group of the European People's Party (Christian-Democratic Group)
2289,4,1996-11-11,1999-07-19,Group of the European People's Party (Christian-Democratic Group)
197501,10,2024-07-16,2024-11-25,European Conservatives and Reformists Group
197501,10,2024-11-26,2024-12-16,European Conservatives and Reformists Group
197501,10,2024-12-17,,European Conservatives and Reformists Group
197501,9,2019-07-02,2024-07-15,European Conservatives and Reformists Group
1037,10,2014-07-01,2019-07-01,Group of the European People's Party (Christian Democrats)
1037,3,1989-07-25,1994-07-18,Group of the European People's Party (Christian-Democratic Group)
1037,4,1994-07-19,1994-11-28,Group of the European People's Party (Christian-Democratic Group)
1037,4,1994-11-29,1999-07-19,Group of the European People's Party (Christian-Democratic Group)
1037,5,1999-07-20,2004-07-19,Group of the European People's Party (Christian Democrats) and European Democrats
1037,6,2004-07-20,2004-11-13,Group of the European People's Party (Christian Democrats) and European Democrats
1037,6,2004-11-14,2009-07-13,Group of the European People's Party (Christian Democrats) and European Democrats
1037,7,2009-07-14,2009-09-15,Group of the European People's Party (Christian Democrats)
1037,7,2009-09-16,2014-06-30,Group of the European People's Party (Christian Democrats)
1037,8,2014-07-01,2019-07-01,Group of the European People's Party (Christian Democrats)
1758,10,1986-01-01,1987-07-05,Socialist Group
1758,2,1986-01-01,1987-07-05,Socialist Group
197805,10,2019-07-02,2020-12-17,Group of the European United Left
197805,10,2020-12-18,2024-07-15,The Left group in the European Parliament
197805,9,2019-07-02,2020-12-17,Group of the European United Left
197805,9,2020-12-18,2024-07-15,The Left group in the European Parliament
1627,10,1984-07-24,1989-07-24,Rainbow Group
1627,2,1984-07-24,1989-07-24,Rainbow Group
2308,10,1999-07-20,2000-04-02,Group of the European People's Party (Christian Democrats) and European Democrats
2308,10,2000-04-03,2002-03-07,Group of the European People's Party (Christian Democrats) and European Democrats
2308,10,2002-03-08,2004-07-19,Group of the European People's Party (Christian Democrats) and European Democrats
2308,4,1996-11-11,1998-03-02,Group of the European People's Party (Christian-Democratic Group)
2308,4,1998-03-03,1999-07-19,Group of the European People's Party (Christian-Democratic Group)
2308,5,1999-07-20,2000-04-02,Group of the European People's Party (Christian Democrats) and European Democrats
2308,5,2000-04-03,2002-03-07,Group of the European People's Party (Christian Democrats) and European Democrats
2308,5,2002-03-08,2004-07-19,Group of the European People's Party (Christian Democrats) and European Democrats
1829,10,1984-07-24,1989-07-24,Group of the European People's Party (Christian-Democratic Group)
1829,2,1984-07-24,1989-07-24,Group of the European People's Party (Christian-Democratic Group)
97010,10,2009-07-14,2009-10-13,Europe of freedom and democracy Group
97010,7,2009-07-14,2009-10-13,Europe of freedom and democracy Group
197767,10,2019-07-02,2024-07-15,European Conservatives and Reformists Group
197767,9,2019-07-02,2024-07-15,European Conservatives and Reformists Group
1080,10,1989-07-25,1994-07-18,The Green Group in the European Parliament
1080,3,1989-07-25,1994-07-18,The Green Group in the European Parliament
2195,10,1994-07-19,1995-07-04,Forza Europa Group
2195,10,1995-07-05,1998-06-14,Group Union for Europe
2195,10,1998-06-15,1999-07-19,Group of the European People's Party (Christian-Democratic Group)
2195,4,1994-07-19,1995-07-04,Forza Europa Group
2195,4,1995-07-05,1998-06-14,Group Union for Europe
2195,4,1998-06-15,1999-07-19,Group of the European People's Party (Christian-Democratic Group)
868,10,1979-07-17,1984-07-23,Liberal and Democratic Group
868,1,1979-07-17,1984-07-23,Liberal and Democratic Group
38421,10,2007-04-24,2007-12-09,Group of the Alliance of Liberals and Democrats for Europe
38421,6,2007-04-24,2007-12-09,Group of the Alliance of Liberals and Democrats for Europe
243912,10,2023-04-06,2024-04-28,Identity and Democracy Group
243912,10,2024-04-29,2024-07-15,Non-attached Members
243912,9,2023-04-06,2024-04-28,Identity and Democracy Group
243912,9,2024-04-29,2024-07-15,Non-attached Members
197393,10,2019-07-02,2024-07-15,Group of the European People's Party (Christian Democrats)
197393,9,2019-07-02,2024-07-15,Group of the European People's Party (Christian Democrats)
185341,10,2024-07-16,,Group of the European People's Party (Christian Democrats)
185341,8,2016-10-24,2019-07-01,Group of the European People's Party (Christian Democrats)
185341,9,2019-07-02,2022-01-24,Group of the European People's Party (Christian Democrats)
185341,9,2022-01-25,2024-07-15,Group of the European People's Party (Christian Democrats)
197627,10,2024-07-16,,Patriots for Europe Group
197627,9,2019-07-02,2024-07-15,Identity and Democracy Group
95017,10,2009-07-14,2009-09-15,Group of the European People's Party (Christian Democrats)
95017,10,2009-09-16,2014-06-30,Group of the European People's Party (Christian Democrats)
95017,6,2008-12-22,2009-07-13,Group of the European People's Party (Christian Democrats) and European Democrats
95017,7,2009-07-14,2009-09-15,Group of the European People's Party (Christian Democrats)
95017,7,2009-09-16,2014-06-30,Group of the European People's Party (Christian Democrats)
1447,10,1989-07-25,1994-07-18,Group of the European People's Party (Christian-Democratic Group)
1447,1,1979-07-17,1984-07-23,Group of the European People's Party (Christian-Democratic Group)
1447,2,1984-07-24,1987-04-05,Group of the European People's Party (Christian-Democratic Group)
1447,2,1987-04-06,1989-07-24,Group of the European People's Party (Christian-Democratic Group)
1447,3,1989-07-25,1994-07-18,Group of the European People's Party (Christian-Democratic Group)
96993,10,2014-07-11,2015-06-14,Non-attached Members
96993,10,2015-06-15,2018-03-22,Europe of Nations and Freedom Group
96993,7,2009-07-14,2014-06-30,Europe of freedom and democracy Group
96993,8,2014-07-11,2015-06-14,Non-attached Members
96993,8,2015-06-15,2018-03-22,Europe of Nations and Freedom Group
1217,10,1999-07-20,2004-07-19,Group of the European People's Party (Christian Democrats) and European Democrats
1217,3,1989-07-25,1992-04-30,European Democratic Group
1217,3,1992-05-01,1994-07-18,Group of the European People's Party (Christian-Democratic Group)
1217,5,1999-07-20,2004-07-19,Group of the European People's Party (Christian Democrats) and European Democrats
2053,10,2004-07-20,2009-07-13,Group of the Greens/European Free Alliance
2053,4,1995-01-01,1996-11-10,The Green Group in the European Parliament
2053,4,1996-11-11,1999-07-19,The Green Group in the European Parliament
2053,5,1999-07-20,2004-07-19,Group of the Greens/European Free Alliance
2053,6,2004-07-20,2009-07-13,Group of the Greens/European Free Alliance
197811,10,2019-07-02,2020-01-31,Renew Europe Group
197811,9,2019-07-02,2020-01-31,Renew Europe Group
96739,10,2019-07-02,2024-07-15,Group of the Greens/European Free Alliance
96739,7,2009-07-14,2012-01-31,Group of the Greens/European Free Alliance
96739,7,2012-02-01,2012-11-20,Group of the Greens/European Free Alliance
96739,7,2012-11-21,2014-06-30,Group of the Greens/European Free Alliance
96739,8,2014-07-01,2019-07-01,Group of the Greens/European Free Alliance
96739,9,2019-07-02,2024-07-15,Group of the Greens/European Free Alliance
24505,10,2019-07-02,2020-12-17,Group of the European United Left
24505,10,2020-12-18,2024-07-15,The Left group in the European Parliament
24505,8,2014-07-01,2018-10-25,Group of the Progressive Alliance of Socialists and Democrats in the European Parliament
24505,8,2018-10-26,2018-11-05,Non-attached Members
24505,8,2018-11-06,2019-07-01,Confederal Group of the European United Left
24505,9,2019-07-02,2020-12-17,Group of the European United Left
24505,9,2020-12-18,2024-07-15,The Left group in the European Parliament
4561,10,1999-07-20,2003-03-05,"Group of the European Liberal, Democrat and Reform Party"
4561,10,2003-03-06,2004-07-19,"Group of the European Liberal, Democrat and Reform Party"
4561,5,1999-07-20,2003-03-05,"Group of the European Liberal, Democrat and Reform Party"
4561,5,2003-03-06,2004-07-19,"Group of the European Liberal, Democrat and Reform Party"
1252,10,1989-07-25,1993-04-20,Socialist Group
1252,10,1993-04-21,1994-07-18,Group of the Party of European Socialists
1252,1,1979-07-17,1984-07-23,Socialist Group
1252,2,1984-07-24,1989-07-24,Socialist Group
1252,3,1989-07-25,1993-04-20,Socialist Group
1252,3,1993-04-21,1994-07-18,Group of the Party of European Socialists
1989,10,1994-07-19,1995-09-30,Group of the European People's Party (Christian-Democratic Group)
1989,4,1994-07-19,1995-09-30,Group of the European People's Party (Christian-Democratic Group)
110987,10,2011-12-01,2014-06-30,Group of the European People's Party (Christian Democrats)
110987,7,2011-12-01,2014-06-30,Group of the European People's Party (Christian Democrats)
2058,10,1995-01-01,1996-11-10,Group of the European People's Party (Christian-Democratic Group)
2058,4,1995-01-01,1996-11-10,Group of the European People's Party (Christian-Democratic Group)
250538,10,2023-11-29,2024-07-15,European Conservatives and Reformists Group
250538,9,2023-11-29,2024-07-15,European Conservatives and Reformists Group
124705,10,2019-07-02,2024-07-15,Group of the Progressive Alliance of Socialists and Democrats in the European Parliament
124705,8,2014-07-01,2019-07-01,Group of the Progressive Alliance of Socialists and Democrats in the European Parliament
124705,9,2019-07-02,2024-07-15,Group of the Progressive Alliance of Socialists and Democrats in the European Parliament
97021,10,2009-07-14,2009-07-15,Group of the Progressive Alliance of Socialists and Democrats in the European Parliament
97021,7,2009-07-14,2009-07-15,Group of the Progressive Alliance of Socialists and Democrats in the European Parliament
849,10,1979-07-17,1983-12-12,Socialist Group
849,10,1983-12-13,1984-07-23,Group for the Technical Coordination and Defence of Independent Groups and Members
849,1,1979-07-17,1983-12-12,Socialist Group
849,1,1983-12-13,1984-07-23,Group for the Technical Coordination and Defence of Independent Groups and Members
23820,10,2009-07-14,2009-07-23,Group of the European People's Party (Christian Democrats)
23820,10,2009-07-24,2014-06-30,Group of the European People's Party (Christian Democrats)
23820,5,2003-04-18,2004-04-30,Group of the European People's Party (Christian Democrats) and European Democrats
23820,5,2004-05-01,2004-07-19,Group of the European People's Party (Christian Democrats) and European Democrats
23820,6,2004-07-20,2004-11-13,Group of the European People's Party (Christian Democrats) and European Democrats
23820,6,2004-11-14,2009-07-13,Group of the European People's Party (Christian Democrats) and European Democrats
23820,7,2009-07-14,2009-07-23,Group of the European People's Party (Christian Democrats)
23820,7,2009-07-24,2014-06-30,Group of the European People's Party (Christian Democrats)
97006,10,2009-07-14,2009-10-06,Group of the Progressive Alliance of Socialists and Democrats in the European Parliament
97006,7,2009-07-14,2009-10-06,Group of the Progressive Alliance of Socialists and Democrats in the European Parliament
2004,10,1994-07-19,1999-07-19,Group of the European People's Party (Christian-Democratic Group)
2004,4,1994-07-19,1999-07-19,Group of the European People's Party (Christian-Democratic Group)
1561,10,1984-07-24,1989-07-24,Group of the European People's Party (Christian-Democratic Group)
1561,2,1984-07-24,1989-07-24,Group of the European People's Party (Christian-Democratic Group)
1975,10,1999-07-20,2004-07-19,Confederal Group of the European United Left/Nordic Green Left
1975,4,1994-07-19,1995-01-05,Confederal Group of the European United Left
1975,4,1995-01-06,1999-07-19,Confederal Group of the European United Left/Nordic Green Left
1975,5,1999-07-20,2004-07-19,Confederal Group of the European United Left/Nordic Green Left
1602,10,1999-07-20,2000-08-29,Group of the Party of European Socialists
1602,10,2000-08-30,2000-11-14,Non-attached
1602,10,2000-11-15,2001-10-02,Technical Group of Independent Members
1602,10,2001-10-03,2001-12-18,Non-attached
1602,10,2001-12-19,2002-03-06,"Group of the European Liberal, Democrat and Reform Party"
1602,10,2002-03-07,2004-07-19,"Group of the European Liberal, Democrat and Reform Party"
1602,2,1984-07-24,1989-07-24,Socialist Group
1602,5,1999-07-20,2000-08-29,Group of the Party of European Socialists
1602,5,2000-08-30,2000-11-14,Non-attached
1602,5,2000-11-15,2001-10-02,Technical Group of Independent Members
1602,5,2001-10-03,2001-12-18,Non-attached
1602,5,2001-12-19,2002-03-06,"Group of the European Liberal, Democrat and Reform Party"
1602,5,2002-03-07,2004-07-19,"Group of the European Liberal, Democrat and Reform Party"
28158,10,2004-07-20,2004-08-30,Group of the European People's Party (Christian Democrats) and European Democrats
28158,10,2004-08-31,2007-07-22,Group of the European People's Party (Christian Democrats) and European Democrats
28158,10,2007-07-23,2007-11-26,Group of the European People's Party (Christian Democrats) and European Democrats
28158,6,2004-07-20,2004-08-30,Group of the European People's Party (Christian Democrats) and European Democrats
28158,6,2004-08-31,2007-07-22,Group of the European People's Party (Christian Democrats) and European Democrats
28158,6,2007-07-23,2007-11-26,Group of the European People's Party (Christian Democrats) and European Democrats
740,10,1979-07-17,1984-07-23,Group of the European People's Party (Christian-Democratic Group)
740,1,1979-07-17,1984-07-23,Group of the European People's Party (Christian-Democratic Group)
4397,10,1999-07-20,2004-07-19,Group of the Party of European Socialists
4397,5,1999-07-20,2004-07-19,Group of the Party of European Socialists
96699,10,2009-07-14,2014-06-30,Group of the Greens/European Free Alliance
96699,7,2009-07-14,2014-06-30,Group of the Greens/European Free Alliance
26146,10,2016-10-11,2019-07-01,Group of the Greens/European Free Alliance
26146,8,2016-10-11,2019-07-01,Group of the Greens/European Free Alliance
113597,10,2012-05-18,2014-06-30,Group of the Progressive Alliance of Socialists and Democrats in the European Parliament
113597,7,2012-05-18,2014-06-30,Group of the Progressive Alliance of Socialists and Democrats in the European Parliament
882,10,1980-07-01,1981-06-18,Group of European Progressive Democrats
882,1,1980-07-01,1981-06-18,Group of European Progressive Democrats
197422,10,2024-07-16,,Group of the European People's Party (Christian Democrats)
197422,9,2019-07-02,2024-07-15,Group of the European People's Party (Christian Democrats)
1617,10,1984-07-24,1986-04-29,Communist and Allies Group
1617,1,1979-07-17,1984-07-23,Communist and Allies Group
1617,2,1984-07-24,1986-04-29,Communist and Allies Group
2021,10,1994-07-19,1995-07-04,Group of the European Democratic Alliance
2021,10,1995-07-05,1999-07-19,Group Union for Europe
2021,4,1994-07-19,1995-07-04,Group of the European Democratic Alliance
2021,4,1995-07-05,1999-07-19,Group Union for Europe
197596,10,2019-07-02,2023-04-04,Identity and Democracy Group
197596,10,2023-04-05,2023-04-05,Non-attached Members
197596,10,2023-04-06,2024-07-15,European Conservatives and Reformists Group
197596,9,2019-07-02,2023-04-04,Identity and Democracy Group
197596,9,2023-04-05,2023-04-05,Non-attached Members
197596,9,2023-04-06,2024-07-15,European Conservatives and Reformists Group
727,10,1979-07-17,1980-06-10,Group of the European People's Party (Christian-Democratic Group)
727,1,1979-07-17,1980-06-10,Group of the European People's Party (Christian-Democratic Group)
197521,10,2019-07-02,2020-12-17,Group of the European United Left
197521,10,2020-12-18,2022-07-28,The Left group in the European Parliament
197521,9,2019-07-02,2020-12-17,Group of the European United Left
197521,9,2020-12-18,2022-07-28,The Left group in the European Parliament
1694,10,1985-01-28,1988-02-16,Communist and Allies Group
1694,10,1988-02-17,1989-07-24,Communist and Allies Group
1694,2,1985-01-28,1988-02-16,Communist and Allies Group
1694,2,1988-02-17,1989-07-24,Communist and Allies Group
1130,10,1994-07-19,1999-07-19,Group of the Party of European Socialists
1130,3,1989-07-25,1993-01-11,Group for the European United Left
1130,3,1993-01-12,1993-04-20,Socialist Group
1130,3,1993-04-21,1994-07-18,Group of the Party of European Socialists
1130,4,1994-07-19,1999-07-19,Group of the Party of European Socialists
22097,10,2009-07-14,2012-01-18,Group of the Progressive Alliance of Socialists and Democrats in the European Parliament
22097,10,2012-01-19,2012-06-06,Group of the Progressive Alliance of Socialists and Democrats in the European Parliament
22097,10,2012-06-07,2014-06-30,Group of the Progressive Alliance of Socialists and Democrats in the European Parliament
22097,5,2001-09-25,2004-07-19,Group of the Party of European Socialists
22097,6,2004-07-20,2009-07-13,Socialist Group in the European Parliament
22097,7,2009-07-14,2012-01-18,Group of the Progressive Alliance of Socialists and Democrats in the European Parliament
22097,7,2012-01-19,2012-06-06,Group of the Progressive Alliance of Socialists and Democrats in the European Parliament
22097,7,2012-06-07,2014-06-30,Group of the Progressive Alliance of Socialists and Democrats in the European Parliament
124723,10,2014-07-01,2019-07-01,Group of the Progressive Alliance of Socialists and Democrats in the European Parliament
124723,8,2014-07-01,2019-07-01,Group of the Progressive Alliance of Socialists and Democrats in the European Parliament
949,10,1989-07-25,1992-01-20,Group of the European People's Party (Christian-Democratic Group)
949,10,1992-01-21,1992-02-11,Group of the European People's Party (Christian-Democratic Group)
949,10,1992-02-12,1994-07-18,Group of the European People's Party (Christian-Democratic Group)
949,1,1979-07-17,1982-03-08,Group of the European People's Party (Christian-Democratic Group)
949,1,1982-03-09,1984-07-23,Group of the European People's Party (Christian-Democratic Group)
949,2,1984-07-24,1987-04-05,Group of the European People's Party (Christian-Democratic Group)
949,2,1987-04-06,1988-08-09,Group of the European People's Party (Christian-Democratic Group)
949,2,1988-08-10,1989-07-24,Group of the European People's Party (Christian-Democratic Group)
949,3,1989-07-25,1992-01-20,Group of the European People's Party (Christian-Democratic Group)
949,3,1992-01-21,1992-02-11,Group of the European People's Party (Christian-Democratic Group)
949,3,1992-02-12,1994-07-18,Group of the European People's Party (Christian-Democratic Group)
2211,10,1995-01-01,1996-04-25,Non-attached
2211,4,1995-01-01,1996-04-25,Non-attached
2137,10,1994-07-19,1999-07-19,Group of the European Radical Alliance
2137,4,1994-07-19,1999-07-19,Group of the European Radical Alliance
760,10,1979-07-17,1984-05-10,Group of the European People's Party (Christian-Democratic Group)
760,1,1979-07-17,1984-05-10,Group of the European People's Party (Christian-Democratic Group)
124878,10,2014-07-01,2019-07-01,European Conservatives and Reformists Group
124878,8,2014-07-01,2019-07-01,European Conservatives and Reformists Group
96662,10,2009-07-14,2013-10-21,Group of the Greens/European Free Alliance
96662,7,2009-07-14,2013-10-21,Group of the Greens/European Free Alliance
1298,10,1999-07-20,2001-10-02,Technical Group of Independent Members
1298,10,2001-10-03,2003-05-30,Non-attached
1298,3,1989-07-25,1993-06-01,Technical Group of the European Right
1298,3,1993-06-02,1994-07-18,Technical Group of the European Right
1298,4,1994-07-19,1999-07-19,Non-attached
1298,5,1999-07-20,2001-10-02,Technical Group of Independent Members
1298,5,2001-10-03,2003-05-30,Non-attached
1324,10,1989-07-25,1993-04-20,Socialist Group
1324,10,1993-04-21,1994-07-18,Group of the Party of European Socialists
1324,2,1986-01-01,1987-07-05,Socialist Group
1324,2,1987-07-06,1989-07-24,Socialist Group
1324,3,1989-07-25,1993-04-20,Socialist Group
1324,3,1993-04-21,1994-07-18,Group of the Party of European Socialists
96855,10,2009-07-14,2014-06-30,Non-attached Members
96855,7,2009-07-14,2014-06-30,Non-attached Members
1034,10,1989-07-25,1989-09-04,Technical Group of the European Right
1034,3,1989-07-25,1989-09-04,Technical Group of the European Right
124848,10,2014-07-01,2019-07-01,Group of the Greens/European Free Alliance
124848,8,2014-07-01,2019-07-01,Group of the Greens/European Free Alliance
877,10,1994-07-19,1999-07-19,"Group of the European Liberal, Democrat and Reform Party"
877,1,1981-06-11,1984-07-23,Non-attached
877,4,1994-07-19,1999-07-19,"Group of the European Liberal, Democrat and Reform Party"
26740,10,2004-03-25,2004-04-30,Group of the European People's Party (Christian Democrats) and European Democrats
26740,10,2004-05-01,2004-07-19,Group of the European People's Party (Christian Democrats) and European Democrats
26740,5,2004-03-25,2004-04-30,Group of the European People's Party (Christian Democrats) and European Democrats
26740,5,2004-05-01,2004-07-19,Group of the European People's Party (Christian Democrats) and European Democrats
197701,10,2024-07-16,,The Left group in the European Parliament
197701,9,2019-07-02,2020-12-17,Group of the European United Left
197701,9,2020-12-18,2024-07-15,The Left group in the European Parliament
197769,10,2024-07-16,,Renew Europe Group
197769,9,2019-07-02,2021-12-07,Group of the European People's Party (Christian Democrats)
197769,9,2021-12-08,2024-07-15,Renew Europe Group
197604,10,2019-07-02,2020-01-31,Renew Europe Group
197604,9,2019-07-02,2020-01-31,Renew Europe Group
2212,10,2009-07-14,2010-02-15,Europe of freedom and democracy Group
2212,10,2010-02-16,2011-05-22,Europe of freedom and democracy Group
2212,10,2011-05-23,2012-01-26,Europe of freedom and democracy Group
2212,10,2012-01-27,2014-06-30,Europe of freedom and democracy Group
2212,4,1994-07-19,1996-11-10,Europe of Nations Group (Coordination Group)
2212,4,1996-11-11,1997-01-12,Non-attached
2212,4,1997-01-13,1997-06-15,Group of Independents for a Europe of Nations
2212,5,1999-07-20,1999-12-16,Union for Europe of the Nations Group
2212,6,2004-07-20,2009-07-13,Independence/Democracy Group
2212,7,2009-07-14,2010-02-15,Europe of freedom and democracy Group
2212,7,2010-02-16,2011-05-22,Europe of freedom and democracy Group
2212,7,2011-05-23,2012-01-26,Europe of freedom and democracy Group
2212,7,2012-01-27,2014-06-30,Europe of freedom and democracy Group
4549,10,2004-07-20,2004-08-30,Group of the European People's Party (Christian Democrats) and European Democrats
4549,10,2004-08-31,2005-03-08,Group of the European People's Party (Christian Democrats) and European Democrats
4549,10,2005-03-09,2009-07-13,Group of the European People's Party (Christian Democrats) and European Democrats
4549,5,1999-07-20,2002-03-07,Group of the European People's Party (Christian Democrats) and European Democrats
4549,5,2002-03-08,2004-07-19,Group of the European People's Party (Christian Democrats) and European Democrats
4549,6,2004-07-20,2004-08-30,Group of the European People's Party (Christian Democrats) and European Democrats
4549,6,2004-08-31,2005-03-08,Group of the European People's Party (Christian Democrats) and European Democrats
4549,6,2005-03-09,2009-07-13,Group of the European People's Party (Christian Democrats) and European Democrats
190774,10,2019-07-02,2024-07-15,Group of the European People's Party (Christian Democrats)
190774,8,2017-12-01,2019-07-01,Group of the European People's Party (Christian Democrats)
190774,9,2019-07-02,2024-07-15,Group of the European People's Party (Christian Democrats)
28179,10,2004-07-20,2007-05-17,Group of the European People's Party (Christian Democrats) and European Democrats
28179,6,2004-07-20,2007-05-17,Group of the European People's Party (Christian Democrats) and European Democrats
101954,10,2010-03-04,2012-02-02,Group of the European People's Party (Christian Democrats)
101954,10,2012-02-03,2014-06-30,Group of the European People's Party (Christian Democrats)
101954,7,2010-03-04,2012-02-02,Group of the European People's Party (Christian Democrats)
101954,7,2012-02-03,2014-06-30,Group of the European People's Party (Christian Democrats)
23202,10,2002-10-23,2004-07-19,Group of the European People's Party (Christian Democrats) and European Democrats
23202,5,2002-10-23,2004-07-19,Group of the European People's Party (Christian Democrats) and European Democrats
847,10,1982-09-17,1982-10-20,Non-attached
847,1,1982-09-17,1982-10-20,Non-attached
197802,10,2024-07-16,,Group of the Greens/European Free Alliance
197802,9,2019-07-02,2024-07-15,Group of the Greens/European Free Alliance
933,10,1979-07-17,1984-06-27,Liberal and Democratic Group
933,1,1979-07-17,1984-06-27,Liberal and Democratic Group
2214,10,1999-07-20,2004-07-19,Group of the European People's Party (Christian Democrats) and European Democrats
2214,4,1994-07-19,1996-11-10,Europe of Nations Group (Coordination Group)
2214,4,1996-11-11,1997-01-12,Non-attached
2214,4,1997-01-13,1998-11-18,Group of Independents for a Europe of Nations
2214,4,1998-11-19,1999-07-19,Group of the European People's Party (Christian-Democratic Group)
2214,5,1999-07-20,2004-07-19,Group of the European People's Party (Christian Democrats) and European Democrats
93776,10,2008-09-12,2009-07-13,Group of the European People's Party (Christian Democrats) and European Democrats
93776,6,2008-09-12,2009-07-13,Group of the European People's Party (Christian Democrats) and European Democrats
124693,10,2019-07-02,2022-11-29,Renew Europe Group
124693,10,2022-11-30,2024-07-15,Group of the Progressive Alliance of Socialists and Democrats in the European Parliament
124693,8,2014-07-01,2016-12-18,Group of the Greens/European Free Alliance
124693,8,2016-12-19,2019-07-01,Group of the Greens/European Free Alliance
124693,9,2019-07-02,2022-11-29,Renew Europe Group
124693,9,2022-11-30,2024-07-15,Group of the Progressive Alliance of Socialists and Democrats in the European Parliament
28394,10,2014-07-01,2019-07-01,Group of the European People's Party (Christian Democrats)
28394,6,2004-07-20,2009-07-13,Socialist Group in the European Parliament
28394,8,2014-07-01,2019-07-01,Group of the European People's Party (Christian Democrats)
96915,10,2014-07-01,2019-07-01,Group of the Progressive Alliance of Socialists and Democrats in the European Parliament
96915,7,2009-07-14,2014-06-30,Group of the Progressive Alliance of Socialists and Democrats in the European Parliament
96915,8,2014-07-01,2019-07-01,Group of the Progressive Alliance of Socialists and Democrats in the European Parliament
124730,10,2014-07-01,2019-07-01,Group of the European People's Party (Christian Democrats)
124730,8,2014-07-01,2019-07-01,Group of the European People's Party (Christian Democrats)
1476,10,1989-05-24,1989-07-24,Socialist Group
1476,2,1989-05-24,1989-07-24,Socialist Group
1155,10,1989-07-25,1993-04-25,The Green Group in the European Parliament
1155,10,1993-04-26,1994-07-18,The Green Group in the European Parliament
1155,2,1986-01-01,1987-07-05,Rainbow Group
1155,3,1989-07-25,1993-04-25,The Green Group in the European Parliament
1155,3,1993-04-26,1994-07-18,The Green Group in the European Parliament
28301,10,2014-07-01,2016-11-15,Group of the European People's Party (Christian Democrats)
28301,10,2016-11-16,2019-07-01,Group of the European People's Party (Christian Democrats)
28301,6,2004-07-20,2009-07-13,Group of the European People's Party (Christian Democrats) and European Democrats
28301,7,2009-07-14,2009-07-23,Group of the European People's Party (Christian Democrats)
28301,7,2009-07-24,2014-06-30,Group of the European People's Party (Christian Democrats)
28301,8,2014-07-01,2016-11-15,Group of the European People's Party (Christian Democrats)
28301,8,2016-11-16,2019-07-01,Group of the European People's Party (Christian Democrats)
1551,10,1984-07-24,1989-07-24,European Democratic Group
1551,1,1979-07-17,1984-07-23,European Democratic Group
1551,2,1984-07-24,1989-07-24,European Democratic Group
1011,10,1989-07-25,1993-04-20,Socialist Group
1011,10,1993-04-21,1994-07-18,Group of the Party of European Socialists
1011,2,1984-07-24,1987-10-25,Socialist Group
1011,2,1987-10-26,1989-07-24,Socialist Group
1011,3,1989-07-25,1993-04-20,Socialist Group
1011,3,1993-04-21,1994-07-18,Group of the Party of European Socialists
28398,10,2014-11-06,2019-07-01,Group of the European People's Party (Christian Democrats)
28398,6,2004-07-20,2009-07-13,Group of the European People's Party (Christian Democrats) and European Democrats
28398,7,2009-07-14,2012-02-02,Group of the European People's Party (Christian Democrats)
28398,7,2012-02-03,2014-06-30,Group of the European People's Party (Christian Democrats)
28398,8,2014-11-06,2019-07-01,Group of the European People's Party (Christian Democrats)
197801,10,2019-07-02,2024-07-15,Group of the Progressive Alliance of Socialists and Democrats in the European Parliament
197801,9,2019-07-02,2024-07-15,Group of the Progressive Alliance of Socialists and Democrats in the European Parliament
1014,10,1989-07-25,1994-07-18,Group of the European People's Party (Christian-Democratic Group)
1014,2,1984-07-24,1989-07-24,Group of the European People's Party (Christian-Democratic Group)
1014,3,1989-07-25,1994-07-18,Group of the European People's Party (Christian-Democratic Group)
197553,10,2024-07-16,,European Conservatives and Reformists Group
197553,9,2019-07-02,2019-11-20,European Conservatives and Reformists Group
197553,9,2019-11-21,2020-03-09,European Conservatives and Reformists Group
197553,9,2020-03-10,2024-07-15,European Conservatives and Reformists Group
4286,10,1999-07-20,2004-07-19,Group of the European People's Party (Christian Democrats) and European Democrats
4286,5,1999-07-20,2004-07-19,Group of the European People's Party (Christian Democrats) and European Democrats
1712,10,1987-04-01,1988-08-10,Group of the European People's Party (Christian-Democratic Group)
1712,2,1987-04-01,1988-08-10,Group of the European People's Party (Christian-Democratic Group)
1974,10,1994-07-19,1995-01-05,Confederal Group of the European United Left
1974,10,1995-01-06,1999-07-19,Confederal Group of the European United Left/Nordic Green Left
1974,4,1994-07-19,1995-01-05,Confederal Group of the European United Left
1974,4,1995-01-06,1999-07-19,Confederal Group of the European United Left/Nordic Green Left
1951,10,1994-07-19,1999-07-19,Non-attached
1951,4,1994-07-19,1999-07-19,Non-attached
125001,10,2024-07-16,,Patriots for Europe Group
125001,8,2014-07-01,2015-06-14,Non-attached Members
125001,8,2015-06-15,2015-06-15,Europe of Nations and Freedom Group
125001,8,2015-06-16,2019-07-01,Europe of Nations and Freedom Group
125001,9,2019-07-02,2024-07-15,Identity and Democracy Group
2264,10,1999-07-20,2003-01-31,Group of the Party of European Socialists
2264,4,1995-10-09,1999-07-19,Group of the Party of European Socialists
2264,5,1999-07-20,2003-01-31,Group of the Party of European Socialists
2278,10,2014-07-01,2019-07-01,Group of the European People's Party (Christian Democrats)
2278,4,1996-01-25,1996-11-10,Group of the European People's Party (Christian-Democratic Group)
2278,4,1996-11-11,1999-07-19,Group of the European People's Party (Christian-Democratic Group)
2278,5,1999-07-20,2004-07-19,Group of the European People's Party (Christian Democrats) and European Democrats
2278,6,2004-07-20,2004-08-30,Group of the European People's Party (Christian Democrats) and European Democrats
2278,6,2004-08-31,2007-02-14,Group of the European People's Party (Christian Democrats) and European Democrats
2278,6,2007-02-15,2009-07-13,Group of the European People's Party (Christian Democrats) and European Democrats
2278,7,2009-07-14,2014-06-30,Group of the European People's Party (Christian Democrats)
2278,8,2014-07-01,2019-07-01,Group of the European People's Party (Christian Democrats)
2194,10,1999-07-20,2004-07-19,Group of the European People's Party (Christian Democrats) and European Democrats
2194,4,1994-07-19,1994-11-30,Forza Europa Group
2194,4,1994-12-01,1995-07-04,Forza Europa Group
2194,4,1995-07-05,1996-12-09,Group Union for Europe
2194,4,1996-12-10,1997-03-09,Group Union for Europe
2194,4,1997-03-10,1998-06-14,Group Union for Europe
2194,4,1998-06-15,1999-07-19,Group of the European People's Party (Christian-Democratic Group)
2194,5,1999-07-20,2004-07-19,Group of the European People's Party (Christian Democrats) and European Democrats
23762,10,2003-04-23,2004-04-30,Group of the Party of European Socialists
23762,10,2004-05-01,2004-07-19,Group of the Party of European Socialists
23762,5,2003-04-23,2004-04-30,Group of the Party of European Socialists
23762,5,2004-05-01,2004-07-19,Group of the Party of European Socialists
96770,10,2009-07-14,2014-06-30,Group of the European People's Party (Christian Democrats)
96770,7,2009-07-14,2014-06-30,Group of the European People's Party (Christian Democrats)
655,10,1981-01-01,1981-10-18,Non-attached
655,1,1981-01-01,1981-10-18,Non-attached
1785,10,1984-07-24,1986-12-11,Group of the European Democratic Alliance
1785,2,1984-07-24,1986-12-11,Group of the European Democratic Alliance
2014,10,1994-07-19,1999-07-19,Group of the Party of European Socialists
2014,4,1994-07-19,1999-07-19,Group of the Party of European Socialists
1837,10,1991-12-11,1994-07-18,The Green Group in the European Parliament
1837,3,1991-12-11,1994-07-18,The Green Group in the European Parliament
975,10,1989-07-25,1993-04-20,Socialist Group
975,10,1993-04-21,1994-07-18,Group of the Party of European Socialists
975,1,1981-06-17,1984-07-23,Socialist Group
975,2,1984-07-24,1987-04-05,Socialist Group
975,2,1987-04-06,1987-10-25,Socialist Group
975,2,1987-10-26,1989-07-24,Socialist Group
975,3,1989-07-25,1993-04-20,Socialist Group
975,3,1993-04-21,1994-07-18,Group of the Party of European Socialists
2117,10,1995-01-01,1996-11-10,"Group of the European Liberal, Democrat and Reform Party"
2117,4,1995-01-01,1996-11-10,"Group of the European Liberal, Democrat and Reform Party"
1644,10,1984-07-24,1986-03-09,Socialist Group
1644,10,1986-03-10,1987-04-05,Socialist Group
1644,10,1987-04-06,1989-07-24,Socialist Group
1644,1,1979-07-17,1984-07-23,Socialist Group
1644,2,1984-07-24,1986-03-09,Socialist Group
1644,2,1986-03-10,1987-04-05,Socialist Group
1644,2,1987-04-06,1989-07-24,Socialist Group
28513,10,2009-07-14,2014-01-08,Europe of freedom and democracy Group
28513,10,2014-01-09,2014-06-30,Non-attached Members
28513,6,2004-07-20,2009-07-13,Independence/Democracy Group
28513,7,2009-07-14,2014-01-08,Europe of freedom and democracy Group
28513,7,2014-01-09,2014-06-30,Non-attached Members
1705,10,1984-07-24,1989-07-24,Communist and Allies Group
1705,1,1979-07-17,1984-07-23,Communist and Allies Group
1705,2,1984-07-24,1989-07-24,Communist and Allies Group
701,10,1979-07-17,1984-07-23,Socialist Group
701,1,1979-07-17,1984-07-23,Socialist Group
823,10,1979-07-17,1984-07-23,European Democratic Group
823,1,1979-07-17,1984-07-23,European Democratic Group
1044,10,1989-07-25,1993-04-20,Socialist Group
1044,10,1993-04-21,1994-07-18,Group of the Party of European Socialists
1044,3,1989-07-25,1993-04-20,Socialist Group
1044,3,1993-04-21,1994-07-18,Group of the Party of European Socialists
1802,10,1984-07-24,1987-04-05,Socialist Group
1802,10,1987-04-06,1989-07-24,Socialist Group
1802,1,1979-07-17,1984-07-23,Socialist Group
1802,2,1984-07-24,1987-04-05,Socialist Group
1802,2,1987-04-06,1989-07-24,Socialist Group
845,10,1979-07-17,1983-04-10,Group of the European People's Party (Christian-Democratic Group)
845,10,1983-04-11,1984-07-23,Group of the European People's Party (Christian-Democratic Group)
845,1,1979-07-17,1983-04-10,Group of the European People's Party (Christian-Democratic Group)
845,1,1983-04-11,1984-07-23,Group of the European People's Party (Christian-Democratic Group)
124787,10,2014-07-01,2019-07-01,Group of the Progressive Alliance of Socialists and Democrats in the European Parliament
124787,8,2014-07-01,2019-07-01,Group of the Progressive Alliance of Socialists and Democrats in the European Parliament
197401,10,2024-07-16,,Renew Europe Group
197401,9,2019-07-02,2024-07-15,Renew Europe Group
2111,10,1995-01-01,1995-10-08,Group of the European People's Party (Christian-Democratic Group)
2111,4,1995-01-01,1995-10-08,Group of the European People's Party (Christian-Democratic Group)
124901,10,2014-07-01,2015-01-29,European Conservatives and Reformists Group
124901,10,2015-01-30,2015-07-01,European Conservatives and Reformists Group
124901,10,2015-07-02,2016-01-10,European Conservatives and Reformists Group
124901,10,2016-01-11,2016-09-12,European Conservatives and Reformists Group
124901,10,2016-09-13,2017-01-10,European Conservatives and Reformists Group
124901,10,2017-01-11,2017-01-15,European Conservatives and Reformists Group
124901,10,2017-01-16,2017-07-04,European Conservatives and Reformists Group
124901,10,2017-07-05,2019-07-01,European Conservatives and Reformists Group
124901,8,2014-07-01,2015-01-29,European Conservatives and Reformists Group
124901,8,2015-01-30,2015-07-01,European Conservatives and Reformists Group
124901,8,2015-07-02,2016-01-10,European Conservatives and Reformists Group
124901,8,2016-01-11,2016-09-12,European Conservatives and Reformists Group
124901,8,2016-09-13,2017-01-10,European Conservatives and Reformists Group
124901,8,2017-01-11,2017-01-15,European Conservatives and Reformists Group
124901,8,2017-01-16,2017-07-04,European Conservatives and Reformists Group
124901,8,2017-07-05,2019-07-01,European Conservatives and Reformists Group
96918,10,2014-07-01,2019-07-01,Group of the Progressive Alliance of Socialists and Democrats in the European Parliament
96918,7,2009-07-14,2014-06-30,Group of the Progressive Alliance of Socialists and Democrats in the European Parliament
96918,8,2014-07-01,2019-07-01,Group of the Progressive Alliance of Socialists and Democrats in the European Parliament
197803,10,2019-07-02,2020-01-31,Non-attached Members
197803,9,2019-07-02,2020-01-31,Non-attached Members
28178,10,2014-07-01,2019-07-01,Group of the European People's Party (Christian Democrats)
28178,6,2004-07-20,2009-07-13,Group of the European People's Party (Christian Democrats) and European Democrats
28178,7,2009-07-14,2014-06-30,Group of the European People's Party (Christian Democrats)
28178,8,2014-07-01,2019-07-01,Group of the European People's Party (Christian Democrats)
96867,10,2019-07-02,2024-04-01,Group of the European People's Party (Christian Democrats)
96867,7,2009-07-14,2014-04-30,Group of the European People's Party (Christian Democrats)
96867,9,2019-07-02,2024-04-01,Group of the European People's Party (Christian Democrats)
922,10,1990-04-25,1992-01-20,Group of the European People's Party (Christian-Democratic Group)
922,10,1992-01-21,1994-07-18,Group of the European People's Party (Christian-Democratic Group)
922,3,1990-04-25,1992-01-20,Group of the European People's Party (Christian-Democratic Group)
922,3,1992-01-21,1994-07-18,Group of the European People's Party (Christian-Democratic Group)
1280,10,1989-07-25,1994-07-18,Group of the European Democratic Alliance
1280,3,1989-07-25,1994-07-18,Group of the European Democratic Alliance
197535,10,2019-07-02,2023-09-23,Group of the European People's Party (Christian Democrats)
197535,9,2019-07-02,2023-09-23,Group of the European People's Party (Christian Democrats)
1619,10,1984-07-24,1986-03-09,Rainbow Group
1619,10,1986-03-10,1987-03-03,Rainbow Group
1619,10,1987-03-04,1987-05-31,Rainbow Group
1619,10,1987-06-01,1987-08-31,Rainbow Group
1619,10,1987-09-01,1988-05-31,Rainbow Group
1619,10,1988-06-01,1988-08-31,Rainbow Group
1619,10,1988-09-01,1989-05-31,Rainbow Group
1619,10,1989-06-01,1989-07-24,Rainbow Group
1619,1,1979-07-17,1984-02-10,Group for the Technical Coordination and Defence of Independent Groups and Members
1619,1,1984-02-11,1984-07-23,Group for the Technical Coordination and Defence of Independent Groups and Members
1619,2,1984-07-24,1986-03-09,Rainbow Group
1619,2,1986-03-10,1987-03-03,Rainbow Group
1619,2,1987-03-04,1987-05-31,Rainbow Group
1619,2,1987-06-01,1987-08-31,Rainbow Group
1619,2,1987-09-01,1988-05-31,Rainbow Group
1619,2,1988-06-01,1988-08-31,Rainbow Group
1619,2,1988-09-01,1989-05-31,Rainbow Group
1619,2,1989-06-01,1989-07-24,Rainbow Group
23763,10,2003-04-23,2004-04-30,Group of the Party of European Socialists
23763,10,2004-05-01,2004-07-19,Group of the Party of European Socialists
23763,5,2003-04-23,2004-04-30,Group of the Party of European Socialists
23763,5,2004-05-01,2004-07-19,Group of the Party of European Socialists
755,10,1979-07-17,1984-07-23,Socialist Group
755,1,1979-07-17,1984-07-23,Socialist Group
2311,10,1997-01-18,1999-07-19,Group Union for Europe
2311,4,1997-01-18,1999-07-19,Group Union for Europe
23286,10,2004-07-20,2008-09-30,Independence/Democracy Group
23286,5,2002-12-18,2004-07-19,Group for a Europe of Democracies and Diversities
23286,6,2004-07-20,2008-09-30,Independence/Democracy Group
1830,10,1998-05-01,1999-07-19,Group of the Party of European Socialists
1830,3,1991-12-17,1993-04-20,Socialist Group
1830,3,1993-04-21,1994-07-18,Group of the Party of European Socialists
1830,4,1998-05-01,1999-07-19,Group of the Party of European Socialists
734,10,1981-11-24,1983-06-03,Socialist Group
734,1,1981-11-24,1983-06-03,Socialist Group
2297,10,1996-11-11,1999-07-19,Group of the Party of European Socialists
2297,4,1996-11-11,1999-07-19,Group of the Party of European Socialists
197460,10,2024-07-16,2024-11-12,Group of the Greens/European Free Alliance
197460,10,2024-11-13,,Group of the Greens/European Free Alliance
197460,9,2019-07-02,2024-07-15,Group of the Greens/European Free Alliance
58789,10,2019-07-02,2024-07-15,Renew Europe Group
58789,8,2014-07-01,2019-07-01,Group of the Alliance of Liberals and Democrats for Europe
58789,9,2019-07-02,2024-07-15,Renew Europe Group
2188,10,1999-07-20,2001-01-24,Confederal Group of the European United Left/Nordic Green Left
2188,4,1994-07-19,1995-01-05,Confederal Group of the European United Left
2188,4,1995-01-06,1999-07-19,Confederal Group of the European United Left/Nordic Green Left
2188,5,1999-07-20,2001-01-24,Confederal Group of the European United Left/Nordic Green Left
4505,10,1999-07-20,2004-07-19,Group of the Greens/European Free Alliance
4505,5,1999-07-20,2004-07-19,Group of the Greens/European Free Alliance
37448,10,2014-07-01,2015-03-01,Group of the European People's Party (Christian Democrats)
37448,6,2007-01-01,2007-12-09,Group of the Alliance of Liberals and Democrats for Europe
37448,7,2013-09-04,2014-06-30,Group of the Alliance of Liberals and Democrats for Europe
37448,8,2014-07-01,2015-03-01,Group of the European People's Party (Christian Democrats)
1278,10,1989-07-25,1994-02-28,Group of the European People's Party (Christian-Democratic Group)
1278,1,1979-07-17,1980-09-30,European Democratic Group
1278,1,1980-10-01,1981-02-09,Non-attached
1278,1,1981-02-10,1984-07-23,Group of the European People's Party (Christian-Democratic Group)
1278,2,1984-07-24,1987-09-09,Group of the European People's Party (Christian-Democratic Group)
1278,2,1988-11-01,1989-07-24,Group of the European People's Party (Christian-Democratic Group)
1278,3,1989-07-25,1994-02-28,Group of the European People's Party (Christian-Democratic Group)
113892,10,2019-07-02,2023-06-01,Group of the Progressive Alliance of Socialists and Democrats in the European Parliament
113892,7,2012-05-16,2014-06-30,Group of the Progressive Alliance of Socialists and Democrats in the European Parliament
113892,8,2014-07-01,2018-06-10,Group of the Progressive Alliance of Socialists and Democrats in the European Parliament
113892,8,2018-06-11,2019-07-01,Group of the Progressive Alliance of Socialists and Democrats in the European Parliament
113892,9,2019-07-02,2023-06-01,Group of the Progressive Alliance of Socialists and Democrats in the European Parliament
23745,10,2006-05-18,2009-07-13,Union for Europe of the Nations Group
23745,5,2003-04-28,2004-04-30,"Group of the European Liberal, Democrat and Reform Party"
23745,5,2004-05-01,2004-07-19,"Group of the European Liberal, Democrat and Reform Party"
23745,6,2006-05-18,2009-07-13,Union for Europe of the Nations Group
96832,10,2009-07-14,2014-06-30,Group of the Progressive Alliance of Socialists and Democrats in the European Parliament
96832,7,2009-07-14,2014-06-30,Group of the Progressive Alliance of Socialists and Democrats in the European Parliament
23772,10,2003-04-23,2004-04-30,Group of the Party of European Socialists
23772,10,2004-05-01,2004-07-19,Group of the Party of European Socialists
23772,5,2003-04-23,2004-04-30,Group of the Party of European Socialists
23772,5,2004-05-01,2004-07-19,Group of the Party of European Socialists
1063,10,1999-07-20,2004-07-19,Group of the European People's Party (Christian Democrats) and European Democrats
1063,3,1989-07-25,1994-07-18,Group of the European People's Party (Christian-Democratic Group)
1063,4,1994-07-19,1999-07-19,Group of the European People's Party (Christian-Democratic Group)
1063,5,1999-07-20,2004-07-19,Group of the European People's Party (Christian Democrats) and European Democrats
28181,10,2004-07-20,2009-07-13,Socialist Group in the European Parliament
28181,6,2004-07-20,2009-07-13,Socialist Group in the European Parliament
97197,10,2009-07-14,2009-09-15,Group of the European People's Party (Christian Democrats)
97197,10,2009-09-16,2009-11-24,Group of the European People's Party (Christian Democrats)
97197,10,2009-11-25,2014-06-30,Group of the European People's Party (Christian Democrats)
97197,7,2009-07-14,2009-09-15,Group of the European People's Party (Christian Democrats)
97197,7,2009-09-16,2009-11-24,Group of the European People's Party (Christian Democrats)
97197,7,2009-11-25,2014-06-30,Group of the European People's Party (Christian Democrats)
1653,10,1986-01-01,1987-07-05,Socialist Group
1653,2,1986-01-01,1987-07-05,Socialist Group
124800,10,2014-07-01,2019-07-01,Group of the Progressive Alliance of Socialists and Democrats in the European Parliament
124800,8,2014-07-01,2019-07-01,Group of the Progressive Alliance of Socialists and Democrats in the European Parliament
28505,10,2004-07-20,2008-06-04,Independence/Democracy Group
28505,10,2008-06-05,2009-07-13,Non-attached Members
28505,6,2004-07-20,2008-06-04,Independence/Democracy Group
28505,6,2008-06-05,2009-07-13,Non-attached Members
23767,10,2003-04-23,2004-04-30,Group of the Party of European Socialists
23767,10,2004-05-01,2004-07-19,Group of the Party of European Socialists
23767,5,2003-04-23,2004-04-30,Group of the Party of European Socialists
23767,5,2004-05-01,2004-07-19,Group of the Party of European Socialists
109337,10,2014-07-01,2016-05-02,Group of the Alliance of Liberals and Democrats for Europe
109337,7,2011-09-07,2012-01-26,Group of the Alliance of Liberals and Democrats for Europe
109337,7,2012-01-27,2014-06-30,Group of the Alliance of Liberals and Democrats for Europe
109337,8,2014-07-01,2016-05-02,Group of the Alliance of Liberals and Democrats for Europe
704,10,1981-12-17,1984-07-23,Liberal and Democratic Group
704,1,1981-12-17,1984-07-23,Liberal and Democratic Group
2066,10,2004-10-22,2007-01-14,Non-attached Members
2066,10,2007-01-15,2007-11-13,"Identity, Tradition and Sovereignty Group"
2066,10,2007-11-14,2009-07-13,Non-attached Members
2066,4,1994-07-19,1999-07-19,Non-attached
2066,6,2004-10-22,2007-01-14,Non-attached Members
2066,6,2007-01-15,2007-11-13,"Identity, Tradition and Sovereignty Group"
2066,6,2007-11-14,2009-07-13,Non-attached Members
4259,10,1999-07-20,2004-07-19,"Group of the European Liberal, Democrat and Reform Party"
4259,5,1999-07-20,2004-07-19,"Group of the European Liberal, Democrat and Reform Party"
197848,10,2019-07-02,2024-06-18,Renew Europe Group
197848,9,2019-07-02,2024-06-18,Renew Europe Group
197398,10,2024-07-16,,Group of the Greens/European Free Alliance
197398,9,2019-07-02,2024-07-15,Group of the Greens/European Free Alliance
28248,10,2014-07-01,2019-07-01,Confederal Group of the European United Left
28248,6,2004-07-20,2009-07-13,Confederal Group of the European United Left
28248,7,2009-07-14,2010-09-14,Confederal Group of the European United Left
28248,7,2010-09-15,2012-03-13,Confederal Group of the European United Left
28248,7,2012-03-14,2014-06-30,Confederal Group of the European United Left
28248,8,2014-07-01,2019-07-01,Confederal Group of the European United Left
2176,10,1999-07-20,2004-07-19,Group of the Party of European Socialists
2176,4,1994-07-19,1999-07-19,Group of the Party of European Socialists
2176,5,1999-07-20,2004-07-19,Group of the Party of European Socialists
37229,10,2019-07-02,2021-03-30,Group of the Progressive Alliance of Socialists and Democrats in the European Parliament
37229,8,2014-07-01,2019-07-01,Group of the Progressive Alliance of Socialists and Democrats in the European Parliament
37229,9,2019-07-02,2021-03-30,Group of the Progressive Alliance of Socialists and Democrats in the European Parliament
96780,10,2024-07-16,,Group of the European People's Party (Christian Democrats)
96780,7,2009-07-14,2014-06-30,Group of the European People's Party (Christian Democrats)
96780,8,2014-07-01,2019-07-01,Group of the European People's Party (Christian Democrats)
96780,9,2019-07-02,2024-07-15,Group of the European People's Party (Christian Democrats)
28203,10,2004-07-20,2004-10-28,Group of the Alliance of Liberals and Democrats for Europe
28203,6,2004-07-20,2004-10-28,Group of the Alliance of Liberals and Democrats for Europe
862,10,1981-01-01,1981-08-31,Socialist Group
862,10,1981-09-01,1981-10-18,Socialist Group
862,1,1981-01-01,1981-08-31,Socialist Group
862,1,1981-09-01,1981-10-18,Socialist Group
1895,10,1994-07-19,1995-02-08,Group of the Party of European Socialists
1895,10,1995-02-09,1999-07-19,Group of the Party of European Socialists
1895,3,1994-02-18,1994-03-02,Group of the Party of European Socialists
1895,3,1994-03-03,1994-07-18,Group of the Party of European Socialists
1895,4,1994-07-19,1995-02-08,Group of the Party of European Socialists
1895,4,1995-02-09,1999-07-19,Group of the Party of European Socialists
247735,10,2024-07-16,,Group of the Progressive Alliance of Socialists and Democrats in the European Parliament
247735,9,2023-09-06,2024-07-15,Group of the Progressive Alliance of Socialists and Democrats in the European Parliament
23721,10,2003-04-17,2004-04-30,Group of the Party of European Socialists
23721,10,2004-05-01,2004-07-19,Group of the Party of European Socialists
23721,5,2003-04-17,2004-04-30,Group of the Party of European Socialists
23721,5,2004-05-01,2004-07-19,Group of the Party of European Socialists
733,10,1979-07-17,1980-09-30,Group of European Progressive Democrats
733,1,1979-07-17,1980-09-30,Group of European Progressive Democrats
21814,10,2001-06-14,2002-03-07,Group of the European People's Party (Christian Democrats) and European Democrats
21814,10,2002-03-08,2004-07-19,Group of the European People's Party (Christian Democrats) and European Democrats
21814,5,2001-06-14,2002-03-07,Group of the European People's Party (Christian Democrats) and European Democrats
21814,5,2002-03-08,2004-07-19,Group of the European People's Party (Christian Democrats) and European Democrats
101580,10,2014-07-01,2017-11-30,Group of the European People's Party (Christian Democrats)
101580,7,2010-02-10,2014-06-30,Group of the European People's Party (Christian Democrats)
101580,8,2014-07-01,2017-11-30,Group of the European People's Party (Christian Democrats)
197780,10,2024-07-16,,Renew Europe Group
197780,9,2020-02-01,2024-07-15,Renew Europe Group
1433,10,1994-07-19,1998-08-31,The Green Group in the European Parliament
1433,2,1986-12-17,1989-07-24,Rainbow Group
1433,3,1989-07-25,1994-07-18,The Green Group in the European Parliament
1433,4,1994-07-19,1998-08-31,The Green Group in the European Parliament
96862,10,2009-07-14,2014-06-30,Group of the European People's Party (Christian Democrats)
96862,7,2009-07-14,2014-06-30,Group of the European People's Party (Christian Democrats)
5896,10,2000-04-13,2004-07-19,Group of the Party of European Socialists
5896,5,2000-04-13,2004-07-19,Group of the Party of European Socialists
941,10,1990-01-15,1994-07-18,Group of the European People's Party (Christian-Democratic Group)
941,2,1984-07-24,1989-07-24,Group of the European People's Party (Christian-Democratic Group)
941,3,1990-01-15,1994-07-18,Group of the European People's Party (Christian-Democratic Group)
719,10,1983-10-01,1984-07-23,Group of European Progressive Democrats
719,1,1983-10-01,1984-07-23,Group of European Progressive Democrats
671,10,1982-11-09,1984-07-23,Group of the European People's Party (Christian-Democratic Group)
671,1,1982-11-09,1984-07-23,Group of the European People's Party (Christian-Democratic Group)
28155,10,2009-07-14,2014-06-30,Group of the Progressive Alliance of Socialists and Democrats in the European Parliament
28155,6,2004-07-20,2009-07-13,Socialist Group in the European Parliament
28155,7,2009-07-14,2014-06-30,Group of the Progressive Alliance of Socialists and Democrats in the European Parliament
1353,10,1999-02-04,1999-07-19,Group of the Party of European Socialists
1353,2,1986-01-01,1987-07-05,Socialist Group
1353,2,1987-07-06,1989-07-24,Socialist Group
1353,3,1989-07-25,1993-04-20,Socialist Group
1353,3,1993-04-21,1994-07-18,Group of the Party of European Socialists
1353,4,1999-02-04,1999-07-19,Group of the Party of European Socialists
1626,10,1994-07-19,1999-07-19,Group of the European People's Party (Christian-Democratic Group)
1626,2,1988-11-06,1989-07-24,European Democratic Group
1626,4,1994-07-19,1999-07-19,Group of the European People's Party (Christian-Democratic Group)
197647,10,2024-07-16,,Group of the European People's Party (Christian Democrats)
197647,9,2019-07-02,2024-07-15,Group of the European People's Party (Christian Democrats)
213330,10,2024-07-16,,Patriots for Europe Group
213330,9,2021-01-12,2021-03-04,Group of the European People's Party (Christian Democrats)
213330,9,2021-03-05,2024-07-15,Non-attached Members
1226,10,1989-07-25,1993-04-20,Socialist Group
1226,10,1993-04-21,1994-07-18,Group of the Party of European Socialists
1226,3,1989-07-25,1993-04-20,Socialist Group
1226,3,1993-04-21,1994-07-18,Group of the Party of European Socialists
124712,10,2019-07-02,2021-03-04,Group of the European People's Party (Christian Democrats)
124712,10,2021-03-05,2024-07-15,Non-attached Members
124712,8,2014-07-01,2019-07-01,Group of the European People's Party (Christian Democrats)
124712,9,2019-07-02,2021-03-04,Group of the European People's Party (Christian Democrats)
124712,9,2021-03-05,2024-07-15,Non-attached Members
197650,10,2019-07-02,2024-07-15,Group of the Progressive Alliance of Socialists and Democrats in the European Parliament
197650,9,2019-07-02,2024-07-15,Group of the Progressive Alliance of Socialists and Democrats in the European Parliament
2013,10,1994-07-19,1995-07-04,Group of the European Democratic Alliance
2013,10,1995-07-05,1996-12-09,Group Union for Europe
2013,10,1996-12-10,1997-08-31,Group Union for Europe
2013,4,1994-07-19,1995-07-04,Group of the European Democratic Alliance
2013,4,1995-07-05,1996-12-09,Group Union for Europe
2013,4,1996-12-10,1997-08-31,Group Union for Europe
125103,10,2014-07-01,2019-07-01,Group of the European People's Party (Christian Democrats)
125103,8,2014-07-01,2019-07-01,Group of the European People's Party (Christian Democrats)
98341,10,2024-07-16,,Group of the European People's Party (Christian Democrats)
98341,8,2014-07-01,2019-07-01,Group of the European People's Party (Christian Democrats)
98341,9,2019-07-02,2024-07-15,Group of the European People's Party (Christian Democrats)
103746,10,2019-07-02,2020-02-11,Renew Europe Group
103746,10,2020-02-12,2021-10-18,Renew Europe Group
103746,10,2021-10-19,2023-10-24,Renew Europe Group
103746,9,2019-07-02,2020-02-11,Renew Europe Group
103746,9,2020-02-12,2021-10-18,Renew Europe Group
103746,9,2021-10-19,2023-10-24,Renew Europe Group
1795,10,1986-01-01,1987-04-05,European Democratic Group
1795,10,1987-04-06,1987-07-05,European Democratic Group
1795,10,1987-07-06,1989-07-24,European Democratic Group
1795,2,1986-01-01,1987-04-05,European Democratic Group
1795,2,1987-04-06,1987-07-05,European Democratic Group
1795,2,1987-07-06,1989-07-24,European Democratic Group
197730,10,2019-07-02,2020-01-31,Renew Europe Group
197730,9,2019-07-02,2020-01-31,Renew Europe Group
1681,10,1984-07-24,1989-07-24,Communist and Allies Group
1681,1,1979-07-17,1980-06-05,Communist and Allies Group
1681,1,1980-06-06,1984-07-23,Communist and Allies Group
1681,2,1984-07-24,1989-07-24,Communist and Allies Group
1877,10,1994-07-19,1995-07-04,Group of the European Democratic Alliance
1877,10,1995-07-05,1998-12-28,Group Union for Europe
1877,10,1998-12-29,1999-07-19,Group of Independents for a Europe of Nations
1877,3,1993-04-17,1994-07-18,Group of the European Democratic Alliance
1877,4,1994-07-19,1995-07-04,Group of the European Democratic Alliance
1877,4,1995-07-05,1998-12-28,Group Union for Europe
1877,4,1998-12-29,1999-07-19,Group of Independents for a Europe of Nations
23848,10,2004-07-20,2009-04-14,Group of the European People's Party (Christian Democrats) and European Democrats
23848,10,2009-04-15,2009-07-13,Group of the European People's Party (Christian Democrats) and European Democrats
23848,5,2003-04-22,2004-03-23,Group of the European People's Party (Christian Democrats) and European Democrats
23848,6,2004-07-20,2009-04-14,Group of the European People's Party (Christian Democrats) and European Democrats
23848,6,2009-04-15,2009-07-13,Group of the European People's Party (Christian Democrats) and European Democrats
1016,10,1989-07-25,1994-07-18,Group of the European People's Party (Christian-Democratic Group)
1016,3,1989-07-25,1994-07-18,Group of the European People's Party (Christian-Democratic Group)
5737,10,2009-07-14,2014-06-30,Group of the European People's Party (Christian Democrats)
5737,5,2000-01-01,2004-07-19,Group of the European People's Party (Christian Democrats) and European Democrats
5737,6,2004-07-20,2009-07-13,Group of the European People's Party (Christian Democrats) and European Democrats
5737,7,2009-07-14,2014-06-30,Group of the European People's Party (Christian Democrats)
23828,10,2003-04-18,2004-04-30,Group of the European People's Party (Christian Democrats) and European Democrats
23828,10,2004-05-01,2004-07-19,Group of the European People's Party (Christian Democrats) and European Democrats
23828,5,2003-04-18,2004-04-30,Group of the European People's Party (Christian Democrats) and European Democrats
23828,5,2004-05-01,2004-07-19,Group of the European People's Party (Christian Democrats) and European Democrats
4442,10,2004-07-20,2009-07-13,Group of the Alliance of Liberals and Democrats for Europe
4442,5,1999-07-20,2004-07-19,"Group of the European Liberal, Democrat and Reform Party"
4442,6,2004-07-20,2009-07-13,Group of the Alliance of Liberals and Democrats for Europe
124748,10,2014-07-01,2015-06-14,Non-attached Members
124748,10,2015-06-15,2019-07-01,Europe of Nations and Freedom Group
124748,8,2014-07-01,2015-06-14,Non-attached Members
124748,8,2015-06-15,2019-07-01,Europe of Nations and Freedom Group
2047,10,1994-09-28,1995-01-05,Confederal Group of the European United Left
2047,10,1995-01-06,1999-07-19,Confederal Group of the European United Left/Nordic Green Left
2047,4,1994-09-28,1995-01-05,Confederal Group of the European United Left
2047,4,1995-01-06,1999-07-19,Confederal Group of the European United Left/Nordic Green Left
1205,10,1994-07-19,1995-07-04,Group of the European Democratic Alliance
1205,10,1995-07-05,1999-07-19,Group Union for Europe
1205,2,1984-07-24,1989-07-24,Group of the European Democratic Alliance
1205,3,1989-07-25,1994-07-18,Group of the European Democratic Alliance
1205,4,1994-07-19,1995-07-04,Group of the European Democratic Alliance
1205,4,1995-07-05,1999-07-19,Group Union for Europe
197547,10,2019-07-02,2024-07-15,Renew Europe Group
197547,9,2019-07-02,2024-07-15,Renew Europe Group
835,10,1979-07-17,1981-12-31,Group of the European People's Party (Christian-Democratic Group)
835,1,1979-07-17,1981-12-31,Group of the European People's Party (Christian-Democratic Group)
1083,10,1989-07-25,1991-12-10,The Green Group in the European Parliament
1083,3,1989-07-25,1991-12-10,The Green Group in the European Parliament
197837,10,2019-07-02,2024-07-15,Group of the Greens/European Free Alliance
197837,9,2019-07-02,2024-07-15,Group of the Greens/European Free Alliance
124722,10,2024-07-16,,Group of the Progressive Alliance of Socialists and Democrats in the European Parliament
124722,8,2014-07-01,2019-07-01,Group of the Progressive Alliance of Socialists and Democrats in the European Parliament
124722,9,2019-07-02,2024-07-15,Group of the Progressive Alliance of Socialists and Democrats in the European Parliament
197592,10,2019-07-02,2023-04-04,Group of the Progressive Alliance of Socialists and Democrats in the European Parliament
197592,9,2019-07-02,2023-04-04,Group of the Progressive Alliance of Socialists and Democrats in the European Parliament
28206,10,2014-07-01,2019-07-01,Group of the Alliance of Liberals and Democrats for Europe
28206,6,2004-07-20,2005-05-08,Group of the Alliance of Liberals and Democrats for Europe
28206,6,2005-05-09,2009-07-13,Group of the Alliance of Liberals and Democrats for Europe
28206,7,2009-07-14,2009-09-15,Group of the European People's Party (Christian Democrats)
28206,7,2009-09-16,2014-06-30,Group of the European People's Party (Christian Democrats)
28206,8,2014-07-01,2019-07-01,Group of the Alliance of Liberals and Democrats for Europe
197795,10,2024-07-16,,The Left group in the European Parliament
197795,9,2019-07-02,2024-07-15,Non-attached Members
4711,10,1999-07-20,2002-02-03,"Group of the European Liberal, Democrat and Reform Party"
4711,10,2002-02-04,2003-07-07,Group of the European People's Party (Christian Democrats) and European Democrats
4711,10,2003-07-08,2004-07-19,Non-attached
4711,5,1999-07-20,2002-02-03,"Group of the European Liberal, Democrat and Reform Party"
4711,5,2002-02-04,2003-07-07,Group of the European People's Party (Christian Democrats) and European Democrats
4711,5,2003-07-08,2004-07-19,Non-attached
23855,10,2003-04-22,2004-04-30,Group of the Party of European Socialists
23855,10,2004-05-01,2004-07-19,Group of the Party of European Socialists
23855,5,2003-04-22,2004-04-30,Group of the Party of European Socialists
23855,5,2004-05-01,2004-07-19,Group of the Party of European Socialists
4245,10,1999-07-20,2002-08-31,Group of the Greens/European Free Alliance
4245,5,1999-07-20,2002-08-31,Group of the Greens/European Free Alliance
96653,10,2024-07-16,,Non-attached Members
96653,7,2009-07-14,2014-06-30,Group of the Progressive Alliance of Socialists and Democrats in the European Parliament
96653,9,2022-12-30,2023-10-17,Group of the Progressive Alliance of Socialists and Democrats in the European Parliament
96653,9,2023-10-18,2024-07-15,Non-attached Members
197618,10,2024-07-16,,Group of the Progressive Alliance of Socialists and Democrats in the European Parliament
197618,9,2019-07-02,2022-10-17,Group of the Progressive Alliance of Socialists and Democrats in the European Parliament
197618,9,2022-10-18,2024-07-15,Group of the Progressive Alliance of Socialists and Democrats in the European Parliament
1342,10,1989-07-25,1991-03-14,Rainbow Group in the European Parliament
1342,2,1987-07-06,1989-07-24,Rainbow Group
1342,3,1989-07-25,1991-03-14,Rainbow Group in the European Parliament
2283,10,1996-04-26,1996-11-10,Non-attached
2283,4,1996-04-26,1996-11-10,Non-attached
4279,10,2004-07-20,2009-07-13,Group of the European People's Party (Christian Democrats) and European Democrats
4279,5,1999-07-20,2004-07-19,Group of the European People's Party (Christian Democrats) and European Democrats
4279,6,2004-07-20,2009-07-13,Group of the European People's Party (Christian Democrats) and European Democrats
1313,10,2004-07-20,2009-07-13,Socialist Group in the European Parliament
1313,2,1987-07-06,1989-07-24,Socialist Group
1313,3,1989-07-25,1991-06-04,Socialist Group
1313,3,1991-06-05,1993-04-20,Socialist Group
1313,3,1993-04-21,1994-07-18,Group of the Party of European Socialists
1313,4,1994-07-19,1999-07-19,Group of the Party of European Socialists
1313,5,1999-07-20,2000-10-17,Group of the Party of European Socialists
1313,5,2000-10-18,2004-07-19,Group of the Party of European Socialists
1313,6,2004-07-20,2009-07-13,Socialist Group in the European Parliament
96667,10,2009-07-14,2011-02-24,Group of the Progressive Alliance of Socialists and Democrats in the European Parliament
96667,7,2009-07-14,2011-02-24,Group of the Progressive Alliance of Socialists and Democrats in the European Parliament
28576,10,2009-07-14,2011-06-16,Group of the Progressive Alliance of Socialists and Democrats in the European Parliament
28576,6,2004-07-20,2009-07-13,Socialist Group in the European Parliament
28576,7,2009-07-14,2011-06-16,Group of the Progressive Alliance of Socialists and Democrats in the European Parliament
4501,10,2004-07-20,2009-07-13,Group of the Alliance of Liberals and Democrats for Europe
4501,5,1999-07-20,2002-03-06,"Group of the European Liberal, Democrat and Reform Party"
4501,5,2002-03-07,2004-07-19,"Group of the European Liberal, Democrat and Reform Party"
4501,6,2004-07-20,2009-07-13,Group of the Alliance of Liberals and Democrats for Europe
1277,10,1996-01-15,1996-09-30,Confederal Group of the European United Left/Nordic Green Left
1277,10,1996-10-01,1999-07-19,Group of the Party of European Socialists
1277,2,1985-01-01,1989-07-24,Communist and Allies Group
1277,3,1989-07-25,1992-06-30,Group for the European United Left
1277,3,1992-07-01,1993-04-25,The Green Group in the European Parliament
1277,3,1993-04-26,1994-07-18,The Green Group in the European Parliament
1277,4,1996-01-15,1996-09-30,Confederal Group of the European United Left/Nordic Green Left
1277,4,1996-10-01,1999-07-19,Group of the Party of European Socialists
23869,10,2003-04-30,2004-04-30,Group of the Party of European Socialists
23869,10,2004-05-01,2004-07-19,Group of the Party of European Socialists
23869,5,2003-04-30,2004-04-30,Group of the Party of European Socialists
23869,5,2004-05-01,2004-07-19,Group of the Party of European Socialists
4249,10,1999-07-20,2001-01-16,Group of the Party of European Socialists
4249,5,1999-07-20,2001-01-16,Group of the Party of European Socialists
2134,10,1994-07-19,1998-04-21,Non-attached
2134,4,1994-07-19,1998-04-21,Non-attached
4335,10,2014-07-01,2017-05-17,Group of the Alliance of Liberals and Democrats for Europe
4335,5,1999-07-20,1999-10-11,Group of the European People's Party (Christian Democrats) and European Democrats
4335,5,1999-10-12,2002-03-07,Group of the European People's Party (Christian Democrats) and European Democrats
4335,5,2002-03-08,2004-07-19,Group of the European People's Party (Christian Democrats) and European Democrats
4335,6,2004-07-20,2007-02-26,Group of the Alliance of Liberals and Democrats for Europe
4335,6,2007-02-27,2009-07-13,Group of the Alliance of Liberals and Democrats for Europe
4335,7,2009-07-14,2014-06-30,Group of the Alliance of Liberals and Democrats for Europe
4335,8,2014-07-01,2017-05-17,Group of the Alliance of Liberals and Democrats for Europe
1339,10,1994-07-19,1994-11-30,Group of the Party of European Socialists
1339,10,1994-12-01,1999-03-30,Group of the Party of European Socialists
1339,2,1987-07-06,1987-10-25,Socialist Group
1339,2,1987-10-26,1989-07-24,Socialist Group
1339,3,1989-07-25,1993-04-20,Socialist Group
1339,3,1993-04-21,1994-07-18,Group of the Party of European Socialists
1339,4,1994-07-19,1994-11-30,Group of the Party of European Socialists
1339,4,1994-12-01,1999-03-30,Group of the Party of European Socialists
4294,10,2009-07-14,2014-06-30,Group of the Greens/European Free Alliance
4294,5,1999-07-20,2002-01-07,Group of the Greens/European Free Alliance
4294,5,2002-01-08,2004-07-19,Group of the Greens/European Free Alliance
4294,6,2004-07-20,2004-11-13,Group of the Greens/European Free Alliance
4294,6,2004-11-14,2005-05-23,Group of the Greens/European Free Alliance
4294,6,2005-05-24,2007-02-26,Group of the Greens/European Free Alliance
4294,6,2007-02-27,2009-07-13,Group of the Greens/European Free Alliance
4294,7,2009-07-14,2014-06-30,Group of the Greens/European Free Alliance
96735,10,2014-07-01,2019-07-01,Confederal Group of the European United Left
96735,7,2009-07-14,2012-02-06,Confederal Group of the European United Left
96735,7,2012-02-07,2014-06-30,Confederal Group of the European United Left
96735,8,2014-07-01,2019-07-01,Confederal Group of the European United Left
905,10,1979-07-17,1984-07-23,Group of the European People's Party (Christian-Democratic Group)
905,1,1979-07-17,1984-07-23,Group of the European People's Party (Christian-Democratic Group)
2291,10,1999-07-20,2004-07-19,Non-attached
2291,4,1996-11-11,1999-07-19,Non-attached
2291,5,1999-07-20,2004-07-19,Non-attached
116816,10,2013-01-01,2014-06-30,Group of the European People's Party (Christian Democrats)
116816,7,2013-01-01,2014-06-30,Group of the European People's Party (Christian Democrats)
101585,10,2024-07-16,,Group of the Progressive Alliance of Socialists and Democrats in the European Parliament
101585,9,2019-07-02,2024-07-15,Group of the Progressive Alliance of Socialists and Democrats in the European Parliament
4256,10,2004-07-20,2009-07-13,Group of the European People's Party (Christian Democrats) and European Democrats
4256,5,1999-07-20,2004-07-19,Group of the European People's Party (Christian Democrats) and European Democrats
4256,6,2004-07-20,2009-07-13,Group of the European People's Party (Christian Democrats) and European Democrats
2107,10,2004-07-20,2009-07-13,Socialist Group in the European Parliament
2107,4,1995-01-01,1995-02-09,Group of the Party of European Socialists
2107,4,1995-02-10,1995-10-08,Group of the Party of European Socialists
2107,4,1995-10-09,1999-07-19,Group of the Party of European Socialists
2107,5,1999-07-20,2000-10-03,Group of the Party of European Socialists
2107,5,2000-10-04,2004-07-19,Group of the Party of European Socialists
2107,6,2004-07-20,2009-07-13,Socialist Group in the European Parliament
29579,10,2019-07-02,2023-01-18,Group of the Progressive Alliance of Socialists and Democrats in the European Parliament
29579,10,2023-01-19,2024-07-15,Non-attached Members
29579,6,2004-08-09,2007-07-19,Socialist Group in the European Parliament
29579,7,2009-07-16,2014-06-30,Group of the Progressive Alliance of Socialists and Democrats in the European Parliament
29579,8,2014-07-01,2019-07-01,Group of the Progressive Alliance of Socialists and Democrats in the European Parliament
29579,9,2019-07-02,2023-01-18,Group of the Progressive Alliance of Socialists and Democrats in the European Parliament
29579,9,2023-01-19,2024-07-15,Non-attached Members
28369,10,2004-07-20,2009-07-13,Socialist Group in the European Parliament
28369,6,2004-07-20,2009-07-13,Socialist Group in the European Parliament
124935,10,2014-07-01,2019-07-01,Group of the Greens/European Free Alliance
124935,8,2014-07-01,2019-07-01,Group of the Greens/European Free Alliance
125013,10,2014-07-01,2019-07-01,Group of the Progressive Alliance of Socialists and Democrats in the European Parliament
125013,8,2014-07-01,2019-07-01,Group of the Progressive Alliance of Socialists and Democrats in the European Parliament
125036,10,2014-07-01,2015-03-14,Confederal Group of the European United Left
125036,8,2014-07-01,2015-03-14,Confederal Group of the European United Left
830,10,1981-01-01,1981-10-18,Socialist Group
830,1,1981-01-01,1981-10-18,Socialist Group
189525,10,2019-07-02,2024-07-15,Group of the European People's Party (Christian Democrats)
189525,8,2017-09-14,2019-07-01,Group of the European People's Party (Christian Democrats)
189525,9,2019-07-02,2024-07-15,Group of the European People's Party (Christian Democrats)
197698,10,2019-07-02,2024-07-15,Group of the Progressive Alliance of Socialists and Democrats in the European Parliament
197698,9,2019-07-02,2024-07-15,Group of the Progressive Alliance of Socialists and Democrats in the European Parliament
28139,10,2009-07-14,2014-06-30,Group of the Greens/European Free Alliance
28139,6,2004-07-20,2009-07-13,Group of the Greens/European Free Alliance
28139,7,2009-07-14,2014-06-30,Group of the Greens/European Free Alliance
28292,10,2014-07-01,2019-07-01,Group of the Progressive Alliance of Socialists and Democrats in the European Parliament
28292,6,2004-07-20,2009-07-13,Socialist Group in the European Parliament
28292,7,2009-07-14,2014-06-30,Group of the Progressive Alliance of Socialists and Democrats in the European Parliament
28292,8,2014-07-01,2019-07-01,Group of the Progressive Alliance of Socialists and Democrats in the European Parliament
1234,10,1989-07-25,1993-04-20,Socialist Group
1234,10,1993-04-21,1994-07-18,Group of the Party of European Socialists
1234,1,1979-07-17,1982-03-08,Socialist Group
1234,1,1982-03-09,1984-07-23,Socialist Group
1234,2,1984-07-24,1989-07-24,Socialist Group
1234,3,1989-07-25,1993-04-20,Socialist Group
1234,3,1993-04-21,1994-07-18,Group of the Party of European Socialists
4423,10,2009-07-14,2009-11-24,Group of the European People's Party (Christian Democrats)
4423,10,2009-11-25,2014-06-30,Group of the European People's Party (Christian Democrats)
4423,5,1999-07-20,2004-07-19,Group of the European People's Party (Christian Democrats) and European Democrats
4423,6,2004-07-20,2004-08-30,Group of the European People's Party (Christian Democrats) and European Democrats
4423,6,2004-08-31,2009-03-22,Group of the European People's Party (Christian Democrats) and European Democrats
4423,6,2009-03-23,2009-07-13,Group of the European People's Party (Christian Democrats) and European Democrats
4423,7,2009-07-14,2009-11-24,Group of the European People's Party (Christian Democrats)
4423,7,2009-11-25,2014-06-30,Group of the European People's Party (Christian Democrats)
124827,10,2014-07-01,2019-07-01,European Conservatives and Reformists Group
124827,8,2014-07-01,2019-07-01,European Conservatives and Reformists Group
1794,10,1984-07-24,1989-07-24,Socialist Group
1794,2,1984-07-24,1989-07-24,Socialist Group
197640,10,2019-07-02,2019-07-18,Group of the Progressive Alliance of Socialists and Democrats in the European Parliament
197640,9,2019-07-02,2019-07-18,Group of the Progressive Alliance of Socialists and Democrats in the European Parliament
4264,10,1999-07-20,2004-07-19,Group of the Party of European Socialists
4264,5,1999-07-20,2004-07-19,Group of the Party of European Socialists
656,10,1980-06-24,1984-07-23,Communist and Allies Group
656,1,1980-06-24,1984-07-23,Communist and Allies Group
28153,10,2009-07-14,2014-06-30,Group of the Progressive Alliance of Socialists and Democrats in the European Parliament
28153,6,2004-07-20,2009-07-13,Socialist Group in the European Parliament
28153,7,2009-07-14,2014-06-30,Group of the Progressive Alliance of Socialists and Democrats in the European Parliament
1493,10,1986-01-01,1987-04-04,Group of the European People's Party (Christian-Democratic Group)
1493,10,1987-04-05,1987-07-05,Group of the European People's Party (Christian-Democratic Group)
1493,2,1986-01-01,1987-04-04,Group of the European People's Party (Christian-Democratic Group)
1493,2,1987-04-05,1987-07-05,Group of the European People's Party (Christian-Democratic Group)
197611,10,2019-07-02,2024-07-15,Identity and Democracy Group
197611,9,2019-07-02,2024-07-15,Identity and Democracy Group
934,10,1979-07-17,1984-07-23,Group of the European People's Party (Christian-Democratic Group)
934,1,1979-07-17,1984-07-23,Group of the European People's Party (Christian-Democratic Group)
737,10,1981-01-01,1981-10-18,Socialist Group
737,1,1981-01-01,1981-10-18,Socialist Group
96854,10,2014-07-01,2019-07-01,Confederal Group of the European United Left
96854,7,2009-07-14,2014-06-30,Confederal Group of the European United Left
96854,8,2014-07-01,2019-07-01,Confederal Group of the European United Left
4524,10,2009-07-14,2010-05-17,Group of the Greens/European Free Alliance
4524,5,1999-07-20,2004-07-19,Group of the Greens/European Free Alliance
4524,6,2004-07-20,2009-07-13,Group of the Greens/European Free Alliance
4524,7,2009-07-14,2010-05-17,Group of the Greens/European Free Alliance
1439,10,1994-07-19,1995-02-08,Group of the Party of European Socialists
1439,10,1995-02-09,1998-04-30,Group of the Party of European Socialists
1439,1,1982-03-31,1984-07-23,Socialist Group
1439,2,1984-07-24,1989-07-24,Socialist Group
1439,3,1989-07-25,1993-04-20,Socialist Group
1439,3,1993-04-21,1994-07-18,Group of the Party of European Socialists
1439,4,1994-07-19,1995-02-08,Group of the Party of European Socialists
1439,4,1995-02-09,1998-04-30,Group of the Party of European Socialists
96731,10,2009-07-14,2014-06-30,Group of the Greens/European Free Alliance
96731,7,2009-07-14,2014-06-30,Group of the Greens/European Free Alliance
735,10,1981-11-02,1984-07-23,Group of the European People's Party (Christian-Democratic Group)
735,1,1981-11-02,1984-07-23,Group of the European People's Party (Christian-Democratic Group)
96760,10,2009-07-14,2014-06-30,Group of the European People's Party (Christian Democrats)
96760,7,2009-07-14,2014-06-30,Group of the European People's Party (Christian Democrats)
204733,10,2020-02-01,2021-12-07,Non-attached Members
204733,10,2021-12-08,2024-07-15,European Conservatives and Reformists Group
204733,9,2020-02-01,2021-12-07,Non-attached Members
204733,9,2021-12-08,2024-07-15,European Conservatives and Reformists Group
2090,10,1994-07-19,1995-07-04,Forza Europa Group
2090,10,1995-07-05,1998-06-14,Group Union for Europe
2090,10,1998-06-15,1999-07-19,Group of the European People's Party (Christian-Democratic Group)
2090,4,1994-07-19,1995-07-04,Forza Europa Group
2090,4,1995-07-05,1998-06-14,Group Union for Europe
2090,4,1998-06-15,1999-07-19,Group of the European People's Party (Christian-Democratic Group)
4311,10,2004-07-20,2009-07-13,Socialist Group in the European Parliament
4311,5,1999-07-20,2004-07-19,Group of the Party of European Socialists
4311,6,2004-07-20,2009-07-13,Socialist Group in the European Parliament
26738,10,2004-03-24,2004-07-19,Group of the European People's Party (Christian Democrats) and European Democrats
26738,5,2004-03-24,2004-07-19,Group of the European People's Party (Christian Democrats) and European Democrats
1672,10,1984-07-24,1989-07-24,Group of the European People's Party (Christian-Democratic Group)
1672,1,1981-01-30,1984-07-23,Group of the European People's Party (Christian-Democratic Group)
1672,2,1984-07-24,1989-07-24,Group of the European People's Party (Christian-Democratic Group)
2306,10,2004-07-20,2007-07-19,Group of the Alliance of Liberals and Democrats for Europe
2306,10,2007-07-20,2009-07-13,Group of the Alliance of Liberals and Democrats for Europe
2306,4,1996-11-11,1999-07-19,"Group of the European Liberal, Democrat and Reform Party"
2306,5,1999-07-20,2004-07-19,"Group of the European Liberal, Democrat and Reform Party"
2306,6,2004-07-20,2007-07-19,Group of the Alliance of Liberals and Democrats for Europe
2306,6,2007-07-20,2009-07-13,Group of the Alliance of Liberals and Democrats for Europe
197469,10,2024-07-16,,European Conservatives and Reformists Group
197469,9,2019-07-02,2024-07-15,European Conservatives and Reformists Group
1594,10,1984-07-24,1989-07-24,Socialist Group
1594,2,1984-07-24,1989-07-24,Socialist Group
1290,10,1989-07-25,1991-12-12,Liberal and Democratic Reformist Group
1290,3,1989-07-25,1991-12-12,Liberal and Democratic Reformist Group
1197,10,1999-07-20,1999-10-11,Group of the European People's Party (Christian Democrats) and European Democrats
1197,10,1999-10-12,2002-03-07,Group of the European People's Party (Christian Democrats) and European Democrats
1197,10,2002-03-08,2004-07-19,Group of the European People's Party (Christian Democrats) and European Democrats
1197,1,1979-07-17,1984-07-23,Group of the European People's Party (Christian-Democratic Group)
1197,2,1984-07-24,1989-07-24,Group of the European People's Party (Christian-Democratic Group)
1197,3,1989-07-25,1993-03-15,Group of the European People's Party (Christian-Democratic Group)
1197,3,1993-03-16,1994-07-18,Group of the European People's Party (Christian-Democratic Group)
1197,4,1994-07-19,1994-07-27,Group of the European People's Party (Christian-Democratic Group)
1197,4,1994-07-28,1999-07-19,Group of the European People's Party (Christian-Democratic Group)
1197,5,1999-07-20,1999-10-11,Group of the European People's Party (Christian Democrats) and European Democrats
1197,5,1999-10-12,2002-03-07,Group of the European People's Party (Christian Democrats) and European Democrats
1197,5,2002-03-08,2004-07-19,Group of the European People's Party (Christian Democrats) and European Democrats
1870,10,1992-09-07,1994-07-18,Group of the European People's Party (Christian-Democratic Group)
1870,3,1992-09-07,1994-07-18,Group of the European People's Party (Christian-Democratic Group)
2317,10,1997-07-20,1999-07-19,Group of Independents for a Europe of Nations
2317,4,1997-07-20,1999-07-19,Group of Independents for a Europe of Nations
4364,10,1999-07-20,2004-07-19,Union for Europe of the Nations Group
4364,5,1999-07-20,2004-07-19,Union for Europe of the Nations Group
722,10,1979-07-17,1984-07-23,Group of European Progressive Democrats
722,1,1979-07-17,1984-07-23,Group of European Progressive Democrats
28282,10,2004-07-20,2009-06-22,Socialist Group in the European Parliament
28282,6,2004-07-20,2009-06-22,Socialist Group in the European Parliament
26834,10,2004-05-01,2004-07-19,Group of the European People's Party (Christian Democrats) and European Democrats
26834,5,2004-05-01,2004-07-19,Group of the European People's Party (Christian Democrats) and European Democrats
1270,10,1989-07-25,1993-04-20,Socialist Group
1270,10,1993-04-21,1994-07-18,Group of the Party of European Socialists
1270,3,1989-07-25,1993-04-20,Socialist Group
1270,3,1993-04-21,1994-07-18,Group of the Party of European Socialists
197429,10,2024-07-16,,Group of the European People's Party (Christian Democrats)
197429,9,2019-07-02,2024-07-15,Group of the European People's Party (Christian Democrats)
23829,10,2003-04-18,2004-04-30,"Group of the European Liberal, Democrat and Reform Party"
23829,10,2004-05-01,2004-07-19,"Group of the European Liberal, Democrat and Reform Party"
23829,5,2003-04-18,2004-04-30,"Group of the European Liberal, Democrat and Reform Party"
23829,5,2004-05-01,2004-07-19,"Group of the European Liberal, Democrat and Reform Party"
39714,10,2009-07-14,2014-06-30,Group of the European People's Party (Christian Democrats)
39714,6,2007-12-10,2009-07-13,Group of the European People's Party (Christian Democrats) and European Democrats
39714,7,2009-07-14,2014-06-30,Group of the European People's Party (Christian Democrats)
765,10,1979-07-17,1984-07-23,European Democratic Group
765,1,1979-07-17,1984-07-23,European Democratic Group
124856,10,2019-07-02,2020-12-08,Non-attached Members
124856,10,2020-12-09,2024-07-15,Group of the Greens/European Free Alliance
124856,8,2014-07-01,2014-10-15,Europe of Freedom and Direct Democracy Group
124856,8,2014-10-16,2014-10-19,Non-attached Members
124856,8,2014-10-20,2015-04-28,Europe of Freedom and Direct Democracy Group
124856,8,2015-04-29,2019-07-01,Europe of Freedom and Direct Democracy Group
124856,9,2019-07-02,2020-12-08,Non-attached Members
124856,9,2020-12-09,2024-07-15,Group of the Greens/European Free Alliance
97203,10,2014-07-01,2019-07-01,Group of the Alliance of Liberals and Democrats for Europe
97203,7,2009-07-14,2009-07-19,Group of the Alliance of Liberals and Democrats for Europe
97203,7,2009-07-20,2014-06-30,Group of the Alliance of Liberals and Democrats for Europe
97203,8,2014-07-01,2019-07-01,Group of the Alliance of Liberals and Democrats for Europe
23692,10,2003-04-23,2004-04-30,Group of the Party of European Socialists
23692,10,2004-05-01,2004-07-19,Group of the Party of European Socialists
23692,5,2003-04-23,2004-04-30,Group of the Party of European Socialists
23692,5,2004-05-01,2004-07-19,Group of the Party of European Socialists
197463,10,2024-07-16,,Renew Europe Group
197463,9,2019-07-02,2024-07-15,Renew Europe Group
197656,10,2019-07-02,2023-10-16,Group of the European People's Party (Christian Democrats)
197656,9,2019-07-02,2023-10-16,Group of the European People's Party (Christian Democrats)
1831,10,1991-12-20,1994-07-18,The Green Group in the European Parliament
1831,3,1991-12-20,1994-07-18,The Green Group in the European Parliament
197710,10,2019-07-02,2020-01-31,Group of the Greens/European Free Alliance
197710,9,2019-07-02,2020-01-31,Group of the Greens/European Free Alliance
58727,10,2008-05-22,2009-07-13,Group of the European People's Party (Christian Democrats) and European Democrats
58727,6,2008-05-22,2009-07-13,Group of the European People's Party (Christian Democrats) and European Democrats
1361,10,1994-07-19,1999-07-19,Group of the Party of European Socialists
1361,2,1984-07-24,1989-07-24,Socialist Group
1361,3,1989-07-25,1993-04-20,Socialist Group
1361,3,1993-04-21,1994-07-18,Group of the Party of European Socialists
1361,4,1994-07-19,1999-07-19,Group of the Party of European Socialists
124985,10,2024-07-16,2024-07-17,The Left group in the European Parliament
124985,10,2024-07-18,,The Left group in the European Parliament
124985,8,2014-07-01,2015-12-14,Confederal Group of the European United Left
124985,8,2015-12-15,2017-01-11,Confederal Group of the European United Left
124985,8,2017-01-12,2019-07-01,Confederal Group of the European United Left
124985,9,2019-07-02,2020-12-17,Group of the European United Left
124985,9,2020-12-18,2024-07-15,The Left group in the European Parliament
183793,10,2019-07-02,2024-07-15,Identity and Democracy Group
183793,8,2016-07-07,2019-07-01,Europe of Nations and Freedom Group
183793,9,2019-07-02,2024-07-15,Identity and Democracy Group
197600,10,2019-07-02,2020-01-31,Renew Europe Group
197600,9,2019-07-02,2020-01-31,Renew Europe Group
1666,10,1984-07-24,1989-07-24,Communist and Allies Group
1666,2,1984-07-24,1989-07-24,Communist and Allies Group
130256,10,2019-07-02,2022-09-06,European Conservatives and Reformists Group
130256,10,2022-09-07,2022-10-04,Non-attached Members
130256,10,2022-10-05,2024-05-06,Group of the European People's Party (Christian Democrats)
130256,9,2019-07-02,2022-09-06,European Conservatives and Reformists Group
130256,9,2022-09-07,2022-10-04,Non-attached Members
130256,9,2022-10-05,2024-05-06,Group of the European People's Party (Christian Democrats)
2133,10,1994-07-19,1995-01-05,Confederal Group of the European United Left
2133,10,1995-01-06,1995-01-19,Confederal Group of the European United Left/Nordic Green Left
2133,10,1995-01-20,1998-05-24,Confederal Group of the European United Left/Nordic Green Left
2133,10,1998-05-25,1999-07-19,Group of the Party of European Socialists
2133,4,1994-07-19,1995-01-05,Confederal Group of the European United Left
2133,4,1995-01-06,1995-01-19,Confederal Group of the European United Left/Nordic Green Left
2133,4,1995-01-20,1998-05-24,Confederal Group of the European United Left/Nordic Green Left
2133,4,1998-05-25,1999-07-19,Group of the Party of European Socialists
4347,10,2009-07-14,2014-06-30,Group of the European People's Party (Christian Democrats)
4347,5,1999-07-20,2004-07-19,Group of the European People's Party (Christian Democrats) and European Democrats
4347,6,2004-07-20,2009-07-13,Group of the European People's Party (Christian Democrats) and European Democrats
4347,7,2009-07-14,2014-06-30,Group of the European People's Party (Christian Democrats)
28841,10,2004-07-20,2007-02-26,Group of the Alliance of Liberals and Democrats for Europe
28841,10,2007-02-27,2009-07-13,Group of the Alliance of Liberals and Democrats for Europe
28841,6,2004-07-20,2007-02-26,Group of the Alliance of Liberals and Democrats for Europe
28841,6,2007-02-27,2009-07-13,Group of the Alliance of Liberals and Democrats for Europe
124729,10,2014-07-01,2019-07-01,Group of the European People's Party (Christian Democrats)
124729,8,2014-07-01,2019-07-01,Group of the European People's Party (Christian Democrats)
828,10,1980-10-13,1981-09-17,Group of European Progressive Democrats
828,1,1980-10-13,1981-09-17,Group of European Progressive Democrats
814,10,1981-06-19,1982-11-10,Group of European Progressive Democrats
814,10,1982-10-11,1983-01-12,Group of European Progressive Democrats
814,1,1981-06-19,1982-11-10,Group of European Progressive Democrats
814,1,1982-10-11,1983-01-12,Group of European Progressive Democrats
1038,10,2014-07-01,2019-07-01,Group of the European People's Party (Christian Democrats)
1038,3,1989-07-25,1994-07-18,Group of the European People's Party (Christian-Democratic Group)
1038,4,1994-07-19,1997-02-18,Group of the European People's Party (Christian-Democratic Group)
1038,4,1997-02-19,1999-07-19,Group of the European People's Party (Christian-Democratic Group)
1038,5,1999-07-20,2000-04-02,Group of the European People's Party (Christian Democrats) and European Democrats
1038,5,2000-04-03,2002-03-07,Group of the European People's Party (Christian Democrats) and European Democrats
1038,5,2002-03-08,2004-07-19,Group of the European People's Party (Christian Democrats) and European Democrats
1038,6,2004-07-20,2004-08-30,Group of the European People's Party (Christian Democrats) and European Democrats
1038,6,2004-08-31,2009-07-13,Group of the European People's Party (Christian Democrats) and European Democrats
1038,7,2009-07-14,2009-09-15,Group of the European People's Party (Christian Democrats)
1038,7,2009-09-16,2014-06-30,Group of the European People's Party (Christian Democrats)
1038,8,2014-07-01,2019-07-01,Group of the European People's Party (Christian Democrats)
2309,10,2019-07-02,2020-01-31,Group of the Progressive Alliance of Socialists and Democrats in the European Parliament
2309,4,1996-12-23,1999-07-19,Group of the Party of European Socialists
2309,5,1999-07-20,2004-07-19,Group of the Party of European Socialists
2309,6,2004-07-20,2009-07-13,Socialist Group in the European Parliament
2309,8,2014-07-01,2019-07-01,Group of the Progressive Alliance of Socialists and Democrats in the European Parliament
2309,9,2019-07-02,2020-01-31,Group of the Progressive Alliance of Socialists and Democrats in the European Parliament
816,10,1979-07-17,1984-07-23,Liberal and Democratic Group
816,1,1979-07-17,1984-07-23,Liberal and Democratic Group
1818,10,1989-01-06,1989-07-24,Group of the European People's Party (Christian-Democratic Group)
1818,2,1989-01-06,1989-07-24,Group of the European People's Party (Christian-Democratic Group)
28145,10,2009-07-14,2012-07-10,Group of the European People's Party (Christian Democrats)
28145,10,2012-07-11,2014-06-30,Group of the European People's Party (Christian Democrats)
28145,6,2004-07-20,2009-07-13,Group of the European People's Party (Christian Democrats) and European Democrats
28145,7,2009-07-14,2012-07-10,Group of the European People's Party (Christian Democrats)
28145,7,2012-07-11,2014-06-30,Group of the European People's Party (Christian Democrats)
1009,10,1989-07-25,1992-01-20,Group of the European People's Party (Christian-Democratic Group)
1009,10,1992-01-21,1993-02-03,Group of the European People's Party (Christian-Democratic Group)
1009,10,1993-02-04,1994-07-18,Group of the European People's Party (Christian-Democratic Group)
1009,2,1984-07-24,1989-07-24,Group of the European People's Party (Christian-Democratic Group)
1009,3,1989-07-25,1992-01-20,Group of the European People's Party (Christian-Democratic Group)
1009,3,1992-01-21,1993-02-03,Group of the European People's Party (Christian-Democratic Group)
1009,3,1993-02-04,1994-07-18,Group of the European People's Party (Christian-Democratic Group)
4344,10,2019-07-02,2024-07-15,Renew Europe Group
4344,5,1999-07-20,2004-03-31,Group of the Party of European Socialists
4344,9,2019-07-02,2024-07-15,Renew Europe Group
197415,10,2019-07-02,2020-12-17,Group of the European United Left
197415,10,2020-12-18,2024-07-15,The Left group in the European Parliament
197415,9,2019-07-02,2020-12-17,Group of the European United Left
197415,9,2020-12-18,2024-07-15,The Left group in the European Parliament
26898,10,2004-04-19,2004-07-19,Group of the Party of European Socialists
26898,5,2004-04-19,2004-07-19,Group of the Party of European Socialists
1984,10,1994-07-19,1994-09-05,Group of the Party of European Socialists
1984,10,1994-09-06,1997-06-05,Group of the Party of European Socialists
1984,4,1994-07-19,1994-09-05,Group of the Party of European Socialists
1984,4,1994-09-06,1997-06-05,Group of the Party of European Socialists
28269,10,2019-07-02,2024-07-15,Group of the European People's Party (Christian Democrats)
28269,6,2004-07-20,2009-07-13,Group of the European People's Party (Christian Democrats) and European Democrats
28269,7,2009-07-14,2009-07-20,Group of the European People's Party (Christian Democrats)
28269,7,2009-07-21,2012-02-02,Group of the European People's Party (Christian Democrats)
28269,7,2012-02-03,2014-06-30,Group of the European People's Party (Christian Democrats)
28269,8,2014-07-01,2019-07-01,Group of the European People's Party (Christian Democrats)
28269,9,2019-07-02,2024-07-15,Group of the European People's Party (Christian Democrats)
1194,10,2002-07-03,2002-12-15,Group of the European People's Party (Christian Democrats) and European Democrats
1194,10,2002-12-16,2003-03-05,"Group of the European Liberal, Democrat and Reform Party"
1194,10,2003-03-06,2004-07-19,"Group of the European Liberal, Democrat and Reform Party"
1194,1,1982-04-16,1984-07-23,Liberal and Democratic Group
1194,2,1984-07-24,1985-12-12,Liberal and Democratic Group
1194,2,1985-12-13,1989-07-24,Liberal and Democratic Reformist Group
1194,3,1989-07-25,1994-07-18,Liberal and Democratic Reformist Group
1194,4,1995-05-19,1999-07-19,"Group of the European Liberal, Democrat and Reform Party"
1194,5,2002-07-03,2002-12-15,Group of the European People's Party (Christian Democrats) and European Democrats
1194,5,2002-12-16,2003-03-05,"Group of the European Liberal, Democrat and Reform Party"
1194,5,2003-03-06,2004-07-19,"Group of the European Liberal, Democrat and Reform Party"
4556,10,2014-07-01,2019-07-01,European Conservatives and Reformists Group
4556,5,1999-07-20,2004-07-19,Group of the European People's Party (Christian Democrats) and European Democrats
4556,6,2004-07-20,2004-08-30,Group of the European People's Party (Christian Democrats) and European Democrats
4556,6,2004-08-31,2009-07-13,Group of the European People's Party (Christian Democrats) and European Democrats
4556,7,2009-07-14,2014-06-30,European Conservatives and Reformists Group
4556,8,2014-07-01,2019-07-01,European Conservatives and Reformists Group
26835,10,2004-05-01,2004-07-19,Group of the European People's Party (Christian Democrats) and European Democrats
26835,5,2004-05-01,2004-07-19,Group of the European People's Party (Christian Democrats) and European Democrats
4390,10,1999-07-20,2004-02-02,Group of the Greens/European Free Alliance
4390,5,1999-07-20,2004-02-02,Group of the Greens/European Free Alliance
21331,10,2014-07-01,2015-06-14,Non-attached Members
21331,10,2015-06-15,2018-10-19,Europe of Nations and Freedom Group
21331,10,2018-10-20,2019-07-01,Europe of Freedom and Direct Democracy Group
21331,8,2014-07-01,2015-06-14,Non-attached Members
21331,8,2015-06-15,2018-10-19,Europe of Nations and Freedom Group
21331,8,2018-10-20,2019-07-01,Europe of Freedom and Direct Democracy Group
28229,10,2024-07-16,,Group of the European People's Party (Christian Democrats)
28229,6,2004-07-20,2007-02-14,Group of the European People's Party (Christian Democrats) and European Democrats
28229,6,2007-02-15,2009-07-13,Group of the European People's Party (Christian Democrats) and European Democrats
28229,7,2009-07-14,2014-06-30,Group of the European People's Party (Christian Democrats)
28229,8,2014-07-01,2019-07-01,Group of the European People's Party (Christian Democrats)
28229,9,2019-07-02,2024-07-15,Group of the European People's Party (Christian Democrats)
34728,10,2014-07-01,2016-10-31,Group of the Progressive Alliance of Socialists and Democrats in the European Parliament
34728,6,2005-10-26,2009-07-13,Socialist Group in the European Parliament
34728,7,2009-07-14,2014-06-30,Group of the Progressive Alliance of Socialists and Democrats in the European Parliament
34728,8,2014-07-01,2016-10-31,Group of the Progressive Alliance of Socialists and Democrats in the European Parliament
197804,10,2019-07-02,2024-07-15,Non-attached Members
197804,9,2019-07-02,2024-07-15,Non-attached Members
1793,10,1984-07-24,1987-02-01,Socialist Group
1793,2,1984-07-24,1987-02-01,Socialist Group
197478,10,2019-07-02,2021-05-11,Identity and Democracy Group
197478,10,2021-05-12,2021-06-22,Non-attached Members
197478,10,2021-06-23,2024-07-15,European Conservatives and Reformists Group
197478,9,2019-07-02,2021-05-11,Identity and Democracy Group
197478,9,2021-05-12,2021-06-22,Non-attached Members
197478,9,2021-06-23,2024-07-15,European Conservatives and Reformists Group
125005,10,2019-07-02,2024-07-15,Renew Europe Group
125005,8,2014-07-01,2017-01-31,Group of the Alliance of Liberals and Democrats for Europe
125005,8,2017-02-01,2019-07-01,Group of the Alliance of Liberals and Democrats for Europe
125005,9,2019-07-02,2024-07-15,Renew Europe Group
97195,10,2009-07-14,2011-06-05,Group of the European People's Party (Christian Democrats)
97195,7,2009-07-14,2011-06-05,Group of the European People's Party (Christian Democrats)
1643,10,1984-07-24,1985-02-10,Communist and Allies Group
1643,10,1985-02-11,1986-05-23,Communist and Allies Group
1643,1,1979-07-17,1979-12-09,Communist and Allies Group
1643,1,1979-12-10,1982-03-08,Communist and Allies Group
1643,1,1982-03-09,1984-07-23,Communist and Allies Group
1643,2,1984-07-24,1985-02-10,Communist and Allies Group
1643,2,1985-02-11,1986-05-23,Communist and Allies Group
197512,10,2019-07-02,2024-07-15,Group of the Greens/European Free Alliance
197512,9,2019-07-02,2024-07-15,Group of the Greens/European Free Alliance
250918,10,2023-11-30,2024-07-15,Group of the Greens/European Free Alliance
250918,9,2023-11-30,2024-07-15,Group of the Greens/European Free Alliance
28410,10,2004-07-20,2009-07-13,Confederal Group of the European United Left
28410,6,2004-07-20,2009-07-13,Confederal Group of the European United Left
2202,10,1994-07-19,1995-07-04,Group of the European Democratic Alliance
2202,10,1995-07-05,1999-07-19,Group Union for Europe
2202,4,1994-07-19,1995-07-04,Group of the European Democratic Alliance
2202,4,1995-07-05,1999-07-19,Group Union for Europe
38733,10,2007-06-19,2009-07-13,Group of the Greens/European Free Alliance
38733,6,2007-06-19,2009-07-13,Group of the Greens/European Free Alliance
2339,10,1999-04-13,1999-07-19,Confederal Group of the European United Left/Nordic Green Left
2339,4,1999-04-13,1999-07-19,Confederal Group of the European United Left/Nordic Green Left
1465,10,1989-07-25,1994-07-18,Left Unity
1465,2,1987-10-06,1989-07-24,Communist and Allies Group
1465,3,1989-07-25,1994-07-18,Left Unity
205452,10,2020-03-06,2020-03-08,Non-attached Members
205452,10,2020-03-09,2020-12-17,Group of the European United Left
205452,10,2020-12-18,2024-07-15,The Left group in the European Parliament
205452,9,2020-03-06,2020-03-08,Non-attached Members
205452,9,2020-03-09,2020-12-17,Group of the European United Left
205452,9,2020-12-18,2024-07-15,The Left group in the European Parliament
124709,10,2019-07-02,2024-07-15,Renew Europe Group
124709,8,2014-07-01,2019-07-01,Group of the Alliance of Liberals and Democrats for Europe
124709,9,2019-07-02,2024-07-15,Renew Europe Group
1583,10,1984-07-24,1989-07-24,Group of the European People's Party (Christian-Democratic Group)
1583,1,1979-07-17,1984-07-23,Group of the European People's Party (Christian-Democratic Group)
1583,2,1984-07-24,1989-07-24,Group of the European People's Party (Christian-Democratic Group)
125046,10,2024-07-16,,Group of the Progressive Alliance of Socialists and Democrats in the European Parliament
125046,8,2014-07-01,2019-07-01,Group of the Progressive Alliance of Socialists and Democrats in the European Parliament
125046,9,2019-07-02,2024-07-15,Group of the Progressive Alliance of Socialists and Democrats in the European Parliament
39708,10,2007-12-10,2008-01-07,Group of the European People's Party (Christian Democrats) and European Democrats
39708,10,2008-01-08,2008-06-04,Group of the European People's Party (Christian Democrats) and European Democrats
39708,6,2007-12-10,2008-01-07,Group of the European People's Party (Christian Democrats) and European Democrats
39708,6,2008-01-08,2008-06-04,Group of the European People's Party (Christian Democrats) and European Democrats
995,10,1989-07-25,1993-04-20,Socialist Group
995,10,1993-04-21,1994-07-18,Group of the Party of European Socialists
995,3,1989-07-25,1993-04-20,Socialist Group
995,3,1993-04-21,1994-07-18,Group of the Party of European Socialists
2109,10,2014-07-01,2014-07-07,European Conservatives and Reformists Group
2109,10,2014-07-08,2019-07-01,European Conservatives and Reformists Group
2109,4,1994-07-19,1995-07-04,Group of the European Democratic Alliance
2109,4,1995-07-05,1999-07-19,Group Union for Europe
2109,5,1999-07-20,2004-07-19,Union for Europe of the Nations Group
2109,6,2004-07-20,2009-07-13,Union for Europe of the Nations Group
2109,7,2009-07-14,2014-06-30,Group of the Alliance of Liberals and Democrats for Europe
2109,8,2014-07-01,2014-07-07,European Conservatives and Reformists Group
2109,8,2014-07-08,2019-07-01,European Conservatives and Reformists Group
96672,10,2014-07-01,2019-07-01,Group of the Progressive Alliance of Socialists and Democrats in the European Parliament
96672,7,2009-07-14,2012-10-15,Group of the Progressive Alliance of Socialists and Democrats in the European Parliament
96672,7,2012-10-16,2014-06-30,Group of the Progressive Alliance of Socialists and Democrats in the European Parliament
96672,8,2014-07-01,2019-07-01,Group of the Progressive Alliance of Socialists and Democrats in the European Parliament
1140,10,1998-06-08,1999-07-19,Group of the European People's Party (Christian-Democratic Group)
1140,3,1989-07-25,1994-07-18,Liberal and Democratic Reformist Group
1140,4,1998-06-08,1999-07-19,Group of the European People's Party (Christian-Democratic Group)
1624,10,1984-07-24,1989-07-24,Rainbow Group
1624,2,1984-07-24,1989-07-24,Rainbow Group
188254,10,2017-05-18,2019-07-01,Group of the Alliance of Liberals and Democrats for Europe
188254,8,2017-05-18,2019-07-01,Group of the Alliance of Liberals and Democrats for Europe
96656,10,2014-07-01,2019-07-01,Group of the Progressive Alliance of Socialists and Democrats in the European Parliament
96656,7,2009-07-14,2014-06-30,Group of the Progressive Alliance of Socialists and Democrats in the European Parliament
96656,8,2014-07-01,2019-07-01,Group of the Progressive Alliance of Socialists and Democrats in the European Parliament
1018,10,2004-07-20,2009-07-13,Confederal Group of the European United Left
1018,1,1979-07-17,1984-07-23,Communist and Allies Group
1018,2,1984-07-24,1989-07-24,Communist and Allies Group
1018,3,1989-07-25,1994-07-18,Left Unity
1018,4,1994-07-19,1995-01-05,Confederal Group of the European United Left
1018,4,1995-01-06,1999-07-19,Confederal Group of the European United Left/Nordic Green Left
1018,5,1999-07-20,1999-10-12,Confederal Group of the European United Left/Nordic Green Left
1018,5,1999-10-13,2004-07-19,Confederal Group of the European United Left/Nordic Green Left
1018,6,2004-07-20,2009-07-13,Confederal Group of the European United Left
124927,10,2014-07-01,2015-01-29,European Conservatives and Reformists Group
124927,10,2015-01-30,2015-07-01,European Conservatives and Reformists Group
124927,10,2015-07-02,2016-01-10,European Conservatives and Reformists Group
124927,10,2016-01-11,2016-09-12,European Conservatives and Reformists Group
124927,10,2016-09-13,2016-12-12,European Conservatives and Reformists Group
124927,10,2016-12-13,2017-01-10,European Conservatives and Reformists Group
124927,10,2017-01-11,2017-07-04,European Conservatives and Reformists Group
124927,10,2017-07-04,2017-07-04,European Conservatives and Reformists Group
124927,10,2017-07-05,2018-01-07,European Conservatives and Reformists Group
124927,10,2018-01-08,2018-07-03,European Conservatives and Reformists Group
124927,10,2018-07-04,2019-07-01,European Conservatives and Reformists Group
124927,8,2014-07-01,2015-01-29,European Conservatives and Reformists Group
124927,8,2015-01-30,2015-07-01,European Conservatives and Reformists Group
124927,8,2015-07-02,2016-01-10,European Conservatives and Reformists Group
124927,8,2016-01-11,2016-09-12,European Conservatives and Reformists Group
124927,8,2016-09-13,2016-12-12,European Conservatives and Reformists Group
124927,8,2016-12-13,2017-01-10,European Conservatives and Reformists Group
124927,8,2017-01-11,2017-07-04,European Conservatives and Reformists Group
124927,8,2017-07-04,2017-07-04,European Conservatives and Reformists Group
124927,8,2017-07-05,2018-01-07,European Conservatives and Reformists Group
124927,8,2018-01-08,2018-07-03,European Conservatives and Reformists Group
124927,8,2018-07-04,2019-07-01,European Conservatives and Reformists Group
28219,10,2024-07-16,,Group of the European People's Party (Christian Democrats)
28219,6,2004-07-20,2009-07-13,Group of the European People's Party (Christian Democrats) and European Democrats
28219,7,2009-07-14,2009-07-23,Group of the European People's Party (Christian Democrats)
28219,7,2009-07-24,2014-06-30,Group of the European People's Party (Christian Democrats)
28219,8,2014-07-01,2019-07-01,Group of the European People's Party (Christian Democrats)
28219,9,2019-07-02,2024-07-15,Group of the European People's Party (Christian Democrats)
1739,10,1984-07-24,1989-07-24,European Democratic Group
1739,1,1979-07-17,1984-07-23,European Democratic Group
1739,2,1984-07-24,1989-07-24,European Democratic Group
1466,10,1994-07-19,1999-07-19,Group of the Party of European Socialists
1466,2,1984-07-24,1984-10-08,Non-attached
1466,2,1984-10-09,1989-07-24,Socialist Group
1466,3,1989-07-25,1993-04-20,Socialist Group
1466,3,1993-04-21,1994-07-18,Group of the Party of European Socialists
1466,4,1994-07-19,1999-07-19,Group of the Party of European Socialists
41003,10,2008-05-16,2008-06-16,Non-attached Members
41003,6,2008-05-16,2008-06-16,Non-attached Members
124820,10,2014-07-01,2016-12-12,European Conservatives and Reformists Group
124820,10,2016-12-13,2017-01-15,European Conservatives and Reformists Group
124820,10,2017-01-16,2017-07-04,European Conservatives and Reformists Group
124820,10,2017-07-04,2017-07-04,European Conservatives and Reformists Group
124820,10,2017-07-05,2018-03-07,European Conservatives and Reformists Group
124820,10,2018-03-08,2019-07-01,European Conservatives and Reformists Group
124820,8,2014-07-01,2016-12-12,European Conservatives and Reformists Group
124820,8,2016-12-13,2017-01-15,European Conservatives and Reformists Group
124820,8,2017-01-16,2017-07-04,European Conservatives and Reformists Group
124820,8,2017-07-04,2017-07-04,European Conservatives and Reformists Group
124820,8,2017-07-05,2018-03-07,European Conservatives and Reformists Group
124820,8,2018-03-08,2019-07-01,European Conservatives and Reformists Group
23803,10,2003-04-18,2004-04-30,Group of the Party of European Socialists
23803,10,2004-05-01,2004-07-19,Group of the Party of European Socialists
23803,5,2003-04-18,2004-04-30,Group of the Party of European Socialists
23803,5,2004-05-01,2004-07-19,Group of the Party of European Socialists
28291,10,2009-07-14,2014-06-30,Group of the European People's Party (Christian Democrats)
28291,6,2004-07-20,2009-07-13,Group of the European People's Party (Christian Democrats) and European Democrats
28291,7,2009-07-14,2014-06-30,Group of the European People's Party (Christian Democrats)
1521,10,1984-07-24,1987-04-05,European Democratic Group
1521,10,1987-04-06,1989-07-24,European Democratic Group
1521,1,1979-07-17,1982-03-08,European Democratic Group
1521,1,1982-03-09,1983-04-10,European Democratic Group
1521,1,1983-04-11,1984-07-23,European Democratic Group
1521,2,1984-07-24,1987-04-05,European Democratic Group
1521,2,1987-04-06,1989-07-24,European Democratic Group
28135,10,2014-07-01,2019-07-01,Group of the European People's Party (Christian Democrats)
28135,6,2004-07-20,2009-07-13,Group of the European People's Party (Christian Democrats) and European Democrats
28135,7,2009-07-14,2014-02-06,Group of the European People's Party (Christian Democrats)
28135,7,2014-02-07,2014-06-30,Group of the European People's Party (Christian Democrats)
28135,8,2014-07-01,2019-07-01,Group of the European People's Party (Christian Democrats)
4380,10,1999-07-20,2004-07-19,Group of the Greens/European Free Alliance
4380,5,1999-07-20,2004-07-19,Group of the Greens/European Free Alliance
4437,10,1999-07-20,1999-10-12,Confederal Group of the European United Left/Nordic Green Left
4437,10,1999-10-13,2004-07-19,Confederal Group of the European United Left/Nordic Green Left
4437,5,1999-07-20,1999-10-12,Confederal Group of the European United Left/Nordic Green Left
4437,5,1999-10-13,2004-07-19,Confederal Group of the European United Left/Nordic Green Left
946,10,1989-07-25,1994-07-18,Liberal and Democratic Reformist Group
946,1,1979-07-17,1984-07-23,Liberal and Democratic Group
946,2,1984-07-24,1985-12-12,Liberal and Democratic Group
946,2,1985-12-13,1989-07-24,Liberal and Democratic Reformist Group
946,3,1989-07-25,1994-07-18,Liberal and Democratic Reformist Group
124933,10,2014-07-01,2016-12-30,Group of the Greens/European Free Alliance
124933,8,2014-07-01,2016-12-30,Group of the Greens/European Free Alliance
2142,10,1994-07-19,1999-07-19,Group of the Party of European Socialists
2142,4,1994-07-19,1999-07-19,Group of the Party of European Socialists
36583,10,2006-06-19,2009-07-13,Confederal Group of the European United Left
36583,6,2006-06-19,2009-07-13,Confederal Group of the European United Left
1812,10,1988-09-01,1989-07-24,Group of the European Right
1812,2,1988-09-01,1989-07-24,Group of the European Right
24089,10,2004-07-20,2009-07-13,Independence/Democracy Group
24089,5,2003-06-30,2004-04-30,Non-attached
24089,5,2004-05-01,2004-07-19,Non-attached
24089,6,2004-07-20,2009-07-13,Independence/Democracy Group
95019,10,2008-12-22,2009-07-13,Group of the European People's Party (Christian Democrats) and European Democrats
95019,6,2008-12-22,2009-07-13,Group of the European People's Party (Christian Democrats) and European Democrats
124707,10,2014-07-01,2019-07-01,Group of the Alliance of Liberals and Democrats for Europe
124707,8,2014-07-01,2019-07-01,Group of the Alliance of Liberals and Democrats for Europe
2215,10,1994-07-19,1996-04-14,Europe of Nations Group (Coordination Group)
2215,10,1996-04-15,1999-07-19,Group Union for Europe
2215,4,1994-07-19,1996-04-14,Europe of Nations Group (Coordination Group)
2215,4,1996-04-15,1999-07-19,Group Union for Europe
96891,10,2019-07-02,2024-07-15,Group of the Progressive Alliance of Socialists and Democrats in the European Parliament
96891,7,2009-07-14,2014-06-30,Group of the Progressive Alliance of Socialists and Democrats in the European Parliament
96891,8,2014-07-01,2019-07-01,Group of the Progressive Alliance of Socialists and Democrats in the European Parliament
96891,9,2019-07-02,2024-07-15,Group of the Progressive Alliance of Socialists and Democrats in the European Parliament
1206,10,1994-07-19,1995-07-04,Group of the European Democratic Alliance
1206,10,1995-07-05,1996-12-09,Group Union for Europe
1206,10,1996-12-10,1999-07-19,Group Union for Europe
1206,3,1989-07-25,1994-07-18,Group of the European Democratic Alliance
1206,4,1994-07-19,1995-07-04,Group of the European Democratic Alliance
1206,4,1995-07-05,1996-12-09,Group Union for Europe
1206,4,1996-12-10,1999-07-19,Group Union for Europe
124757,10,2014-07-01,2015-06-14,Non-attached Members
124757,10,2015-06-15,2019-07-01,Europe of Nations and Freedom Group
124757,8,2014-07-01,2015-06-14,Non-attached Members
124757,8,2015-06-15,2019-07-01,Europe of Nations and Freedom Group
197525,10,2024-07-16,,Group of the European People's Party (Christian Democrats)
197525,9,2019-07-02,2019-09-16,Group of the European People's Party (Christian Democrats)
197525,9,2019-09-17,2024-07-15,Group of the European People's Party (Christian Democrats)
124954,10,2014-07-01,2019-07-01,Group of the Progressive Alliance of Socialists and Democrats in the European Parliament
124954,8,2014-07-01,2019-07-01,Group of the Progressive Alliance of Socialists and Democrats in the European Parliament
28431,10,2004-07-20,2006-04-27,Socialist Group in the European Parliament
28431,6,2004-07-20,2006-04-27,Socialist Group in the European Parliament
103845,10,2014-07-01,2019-07-01,Group of the Progressive Alliance of Socialists and Democrats in the European Parliament
103845,8,2014-07-01,2019-07-01,Group of the Progressive Alliance of Socialists and Democrats in the European Parliament
197822,10,2019-07-02,2021-10-05,Identity and Democracy Group
197822,10,2021-10-06,2024-07-15,Non-attached Members
197822,9,2019-07-02,2021-10-05,Identity and Democracy Group
197822,9,2021-10-06,2024-07-15,Non-attached Members
1669,10,1984-07-24,1989-07-24,Group of the European People's Party (Christian-Democratic Group)
1669,1,1979-07-17,1984-07-23,Group of the European People's Party (Christian-Democratic Group)
1669,2,1984-07-24,1989-07-24,Group of the European People's Party (Christian-Democratic Group)
784,10,1979-07-17,1984-07-23,Socialist Group
784,1,1979-07-17,1984-07-23,Socialist Group
197797,10,2019-07-02,2020-10-06,Identity and Democracy Group
197797,10,2020-10-07,2021-04-28,Non-attached Members
197797,10,2021-04-29,2022-10-12,Group of the European People's Party (Christian Democrats)
197797,9,2019-07-02,2020-10-06,Identity and Democracy Group
197797,9,2020-10-07,2021-04-28,Non-attached Members
197797,9,2021-04-29,2022-10-12,Group of the European People's Party (Christian Democrats)
131580,10,2024-07-16,,Patriots for Europe Group
131580,9,2019-07-02,2024-07-15,Identity and Democracy Group
197436,10,2019-07-02,2021-04-28,European Conservatives and Reformists Group
197436,10,2021-04-29,2024-02-04,Group of the European People's Party (Christian Democrats)
197436,9,2019-07-02,2021-04-28,European Conservatives and Reformists Group
197436,9,2021-04-29,2024-02-04,Group of the European People's Party (Christian Democrats)
4456,10,1999-07-20,2004-07-19,Group of the European People's Party (Christian Democrats) and European Democrats
4456,5,1999-07-20,2004-07-19,Group of the European People's Party (Christian Democrats) and European Democrats
125016,10,2014-07-01,2019-07-01,Group of the European People's Party (Christian Democrats)
125016,8,2014-07-01,2019-07-01,Group of the European People's Party (Christian Democrats)
1077,10,1989-07-25,1994-07-18,Group of the European People's Party (Christian-Democratic Group)
1077,3,1989-07-25,1994-07-18,Group of the European People's Party (Christian-Democratic Group)
759,10,1979-07-17,1984-07-23,Group of the European People's Party (Christian-Democratic Group)
759,1,1979-07-17,1984-07-23,Group of the European People's Party (Christian-Democratic Group)
1414,10,1994-07-19,1999-07-19,Group of the Party of European Socialists
1414,2,1984-07-24,1988-09-06,Socialist Group
1414,2,1988-09-07,1989-07-24,Socialist Group
1414,3,1989-07-25,1993-04-20,Socialist Group
1414,3,1993-04-21,1994-07-18,Group of the Party of European Socialists
1414,4,1994-07-19,1999-07-19,Group of the Party of European Socialists
2001,10,2004-07-20,2004-08-30,Group of the European People's Party (Christian Democrats) and European Democrats
2001,10,2004-08-31,2009-07-13,Group of the European People's Party (Christian Democrats) and European Democrats
2001,4,1994-07-19,1994-11-28,Group of the European People's Party (Christian-Democratic Group)
2001,4,1994-11-29,1999-07-19,Group of the European People's Party (Christian-Democratic Group)
2001,5,1999-07-20,1999-10-11,Group of the European People's Party (Christian Democrats) and European Democrats
2001,5,1999-10-12,2004-07-19,Group of the European People's Party (Christian Democrats) and European Democrats
2001,6,2004-07-20,2004-08-30,Group of the European People's Party (Christian Democrats) and European Democrats
2001,6,2004-08-31,2009-07-13,Group of the European People's Party (Christian Democrats) and European Democrats
125109,10,2019-07-02,2022-12-08,Group of the Progressive Alliance of Socialists and Democrats in the European Parliament
125109,10,2022-12-09,2024-07-15,Non-attached Members
125109,8,2014-07-01,2019-07-01,Group of the Progressive Alliance of Socialists and Democrats in the European Parliament
125109,9,2019-07-02,2022-12-08,Group of the Progressive Alliance of Socialists and Democrats in the European Parliament
125109,9,2022-12-09,2024-07-15,Non-attached Members
1894,10,1997-05-01,1999-07-19,Confederal Group of the European United Left/Nordic Green Left
1894,3,1994-02-12,1994-07-18,Left Unity
1894,4,1997-05-01,1999-07-19,Confederal Group of the European United Left/Nordic Green Left
1496,10,1993-03-31,1994-07-18,Group of the European People's Party (Christian-Democratic Group)
1496,2,1986-03-20,1987-04-05,Group of the European People's Party (Christian-Democratic Group)
1496,2,1987-04-06,1989-07-24,Group of the European People's Party (Christian-Democratic Group)
1496,3,1993-03-31,1994-07-18,Group of the European People's Party (Christian-Democratic Group)
96991,10,2019-07-02,2024-07-15,Group of the Progressive Alliance of Socialists and Democrats in the European Parliament
96991,7,2009-07-14,2014-06-30,Group of the Progressive Alliance of Socialists and Democrats in the European Parliament
96991,8,2014-07-01,2019-07-01,Group of the Progressive Alliance of Socialists and Democrats in the European Parliament
96991,9,2019-07-02,2024-07-15,Group of the Progressive Alliance of Socialists and Democrats in the European Parliament
28118,10,2004-07-20,2006-06-25,Group of the European People's Party (Christian Democrats) and European Democrats
28118,10,2006-06-26,2007-06-10,Group of the European People's Party (Christian Democrats) and European Democrats
28118,6,2004-07-20,2006-06-25,Group of the European People's Party (Christian Democrats) and European Democrats
28118,6,2006-06-26,2007-06-10,Group of the European People's Party (Christian Democrats) and European Democrats
852,10,1981-11-02,1983-10-23,Group of the European People's Party (Christian-Democratic Group)
852,10,1983-10-24,1984-07-23,Group of the European People's Party (Christian-Democratic Group)
852,1,1981-11-02,1983-10-23,Group of the European People's Party (Christian-Democratic Group)
852,1,1983-10-24,1984-07-23,Group of the European People's Party (Christian-Democratic Group)
28393,10,2014-07-01,2019-07-01,Group of the European People's Party (Christian Democrats)
28393,6,2004-07-20,2008-06-04,Group of the European People's Party (Christian Democrats) and European Democrats
28393,6,2008-06-05,2009-07-13,Group of the European People's Party (Christian Democrats) and European Democrats
28393,7,2009-07-14,2009-09-15,Group of the European People's Party (Christian Democrats)
28393,7,2009-09-16,2014-06-30,Group of the European People's Party (Christian Democrats)
28393,8,2014-07-01,2019-07-01,Group of the European People's Party (Christian Democrats)
1662,10,1984-07-24,1987-04-05,European Democratic Group
1662,10,1987-04-06,1989-07-24,European Democratic Group
1662,1,1979-07-17,1980-04-13,European Democratic Group
1662,1,1980-04-14,1981-08-31,European Democratic Group
1662,1,1981-09-01,1984-07-23,European Democratic Group
1662,2,1984-07-24,1987-04-05,European Democratic Group
1662,2,1987-04-06,1989-07-24,European Democratic Group
96821,10,2009-07-14,2011-06-23,Confederal Group of the European United Left
96821,10,2011-06-24,2014-06-30,Group of the Greens/European Free Alliance
96821,7,2009-07-14,2011-06-23,Confederal Group of the European United Left
96821,7,2011-06-24,2014-06-30,Group of the Greens/European Free Alliance
860,10,1979-07-19,1984-07-23,Group of the European People's Party (Christian-Democratic Group)
860,1,1979-07-19,1984-07-23,Group of the European People's Party (Christian-Democratic Group)
1780,10,1984-07-24,1985-12-12,Liberal and Democratic Group
1780,10,1985-12-13,1989-07-24,Liberal and Democratic Reformist Group
1780,1,1980-07-11,1984-07-23,Liberal and Democratic Group
1780,2,1984-07-24,1985-12-12,Liberal and Democratic Group
1780,2,1985-12-13,1989-07-24,Liberal and Democratic Reformist Group
38610,10,2009-07-14,2012-12-10,Non-attached Members
38610,10,2012-12-11,2014-06-30,Europe of freedom and democracy Group
38610,6,2007-06-06,2007-11-13,"Identity, Tradition and Sovereignty Group"
38610,6,2007-11-14,2009-07-13,Non-attached Members
38610,7,2009-07-14,2012-12-10,Non-attached Members
38610,7,2012-12-11,2014-06-30,Europe of freedom and democracy Group
23863,10,2003-04-24,2004-04-30,Union for Europe of the Nations Group
23863,10,2004-05-01,2004-07-19,Union for Europe of the Nations Group
23863,5,2003-04-24,2004-04-30,Union for Europe of the Nations Group
23863,5,2004-05-01,2004-07-19,Union for Europe of the Nations Group
2062,10,2004-07-20,2009-07-13,Socialist Group in the European Parliament
2062,4,1995-01-01,1996-11-10,Group of the Party of European Socialists
2062,4,1996-11-11,1997-02-03,Group of the Party of European Socialists
2062,4,1997-02-04,1999-07-19,Group of the Party of European Socialists
2062,5,1999-07-20,2002-01-16,Group of the Party of European Socialists
2062,5,2002-01-17,2004-07-19,Group of the Party of European Socialists
2062,6,2004-07-20,2009-07-13,Socialist Group in the European Parliament
1654,10,2014-07-01,2015-07-08,Confederal Group of the European United Left
1654,2,1984-07-24,1985-01-25,Socialist Group
1654,8,2014-07-01,2015-07-08,Confederal Group of the European United Left
124937,10,2014-07-01,2016-05-24,Group of the Greens/European Free Alliance
124937,8,2014-07-01,2016-05-24,Group of the Greens/European Free Alliance
4336,10,2004-07-20,2009-07-13,Group of the Alliance of Liberals and Democrats for Europe
4336,5,1999-07-20,2004-07-19,Group of the European People's Party (Christian Democrats) and European Democrats
4336,6,2004-07-20,2009-07-13,Group of the Alliance of Liberals and Democrats for Europe
28493,10,2009-07-14,2014-06-30,Europe of freedom and democracy Group
28493,6,2004-07-20,2009-07-13,Independence/Democracy Group
28493,7,2009-07-14,2014-06-30,Europe of freedom and democracy Group
124821,10,2019-09-05,2020-02-12,Group of the Progressive Alliance of Socialists and Democrats in the European Parliament
124821,10,2020-02-13,2021-10-18,Renew Europe Group
124821,10,2021-10-19,2024-07-15,Renew Europe Group
124821,8,2014-07-01,2019-07-01,Group of the Progressive Alliance of Socialists and Democrats in the European Parliament
124821,9,2019-09-05,2020-02-12,Group of the Progressive Alliance of Socialists and Democrats in the European Parliament
124821,9,2020-02-13,2021-10-18,Renew Europe Group
124821,9,2021-10-19,2024-07-15,Renew Europe Group
1763,10,1984-07-24,1984-07-27,Group of the European People's Party (Christian-Democratic Group)
1763,2,1984-07-24,1984-07-27,Group of the European People's Party (Christian-Democratic Group)
197131,10,2019-04-04,2019-07-01,Group of the Progressive Alliance of Socialists and Democrats in the European Parliament
197131,8,2019-04-04,2019-07-01,Group of the Progressive Alliance of Socialists and Democrats in the European Parliament
96910,10,2009-07-14,2014-06-30,Group of the Progressive Alliance of Socialists and Democrats in the European Parliament
96910,7,2009-07-14,2014-06-30,Group of the Progressive Alliance of Socialists and Democrats in the European Parliament
4523,10,2004-07-20,2005-05-10,Group of the Alliance of Liberals and Democrats for Europe
4523,5,1999-07-20,2004-07-19,"Group of the European Liberal, Democrat and Reform Party"
4523,6,2004-07-20,2005-05-10,Group of the Alliance of Liberals and Democrats for Europe
96695,10,2009-07-14,2014-06-30,Group of the European People's Party (Christian Democrats)
96695,7,2009-07-14,2014-06-30,Group of the European People's Party (Christian Democrats)
28419,10,2024-07-16,,Group of the Progressive Alliance of Socialists and Democrats in the European Parliament
28419,6,2004-07-20,2008-06-16,Socialist Group in the European Parliament
1127,10,1989-07-25,1993-06-01,Technical Group of the European Right
1127,10,1993-06-02,1994-07-18,Technical Group of the European Right
1127,2,1984-07-24,1988-07-31,Group of the European Right
1127,2,1988-08-01,1989-07-24,Group of the European Right
1127,3,1989-07-25,1993-06-01,Technical Group of the European Right
1127,3,1993-06-02,1994-07-18,Technical Group of the European Right
1728,10,1986-01-01,1987-07-05,Socialist Group
1728,10,1987-07-06,1989-07-24,Socialist Group
1728,2,1986-01-01,1987-07-05,Socialist Group
1728,2,1987-07-06,1989-07-24,Socialist Group
124804,10,2014-07-01,2019-07-01,Group of the Progressive Alliance of Socialists and Democrats in the European Parliament
124804,8,2014-07-01,2019-07-01,Group of the Progressive Alliance of Socialists and Democrats in the European Parliament
1543,10,1984-07-24,1986-03-09,Socialist Group
1543,10,1986-03-10,1987-04-05,Socialist Group
1543,10,1987-04-06,1989-07-24,Socialist Group
1543,1,1981-01-01,1981-10-18,Socialist Group
1543,1,1981-11-02,1982-09-08,Socialist Group
1543,1,1982-09-09,1984-07-23,Socialist Group
1543,2,1984-07-24,1986-03-09,Socialist Group
1543,2,1986-03-10,1987-04-05,Socialist Group
1543,2,1987-04-06,1989-07-24,Socialist Group
775,10,1979-07-17,1980-06-27,Group of European Progressive Democrats
775,1,1979-07-17,1980-06-27,Group of European Progressive Democrats
1477,10,1989-01-07,1989-07-24,Liberal and Democratic Reformist Group
1477,2,1989-01-07,1989-07-24,Liberal and Democratic Reformist Group
197516,10,2024-07-16,2024-12-16,European Conservatives and Reformists Group
197516,10,2024-12-17,,European Conservatives and Reformists Group
197516,9,2019-07-02,2024-07-15,European Conservatives and Reformists Group
1389,10,1994-07-19,1996-11-12,Group of the European People's Party (Christian-Democratic Group)
1389,10,1996-11-13,1999-07-19,Group of the European People's Party (Christian-Democratic Group)
1389,1,1979-07-17,1982-03-08,European Democratic Group
1389,1,1982-03-09,1984-07-23,European Democratic Group
1389,2,1984-07-24,1987-04-05,European Democratic Group
1389,2,1987-04-06,1989-07-24,European Democratic Group
1389,3,1989-07-25,1992-04-30,European Democratic Group
1389,3,1992-05-01,1992-05-13,Group of the European People's Party (Christian-Democratic Group)
1389,3,1992-05-14,1994-07-18,Group of the European People's Party (Christian-Democratic Group)
1389,4,1994-07-19,1996-11-12,Group of the European People's Party (Christian-Democratic Group)
1389,4,1996-11-13,1999-07-19,Group of the European People's Party (Christian-Democratic Group)
890,10,1979-07-17,1984-07-23,Liberal and Democratic Group
890,1,1979-07-17,1984-07-23,Liberal and Democratic Group
1478,10,1984-07-24,1988-05-23,Group of the European Right
1478,1,1979-07-17,1984-07-23,Non-attached
1478,2,1984-07-24,1988-05-23,Group of the European Right
1769,10,1984-07-24,1988-06-23,Socialist Group
1769,2,1984-07-24,1988-06-23,Socialist Group
96666,10,2009-07-14,2010-02-15,Europe of freedom and democracy Group
96666,10,2010-02-16,2011-04-25,Europe of freedom and democracy Group
96666,7,2009-07-14,2010-02-15,Europe of freedom and democracy Group
96666,7,2010-02-16,2011-04-25,Europe of freedom and democracy Group
1994,10,1994-07-19,1999-07-19,Group of the European People's Party (Christian-Democratic Group)
1994,4,1994-07-19,1999-07-19,Group of the European People's Party (Christian-Democratic Group)
39763,10,2007-12-06,2009-07-13,Group of the European People's Party (Christian Democrats) and European Democrats
39763,6,2007-12-06,2009-07-13,Group of the European People's Party (Christian Democrats) and European Democrats
197693,10,2019-07-02,2020-01-31,Renew Europe Group
197693,9,2019-07-02,2020-01-31,Renew Europe Group
197824,10,2024-07-16,,European Conservatives and Reformists Group
197824,9,2019-07-02,2021-06-22,Group of the European People's Party (Christian Democrats)
197824,9,2021-06-23,2024-07-15,European Conservatives and Reformists Group
28407,10,2014-07-01,2014-07-09,Confederal Group of the European United Left
28407,6,2004-07-20,2009-07-13,Confederal Group of the European United Left
28407,7,2009-07-14,2014-06-30,Confederal Group of the European United Left
28407,8,2014-07-01,2014-07-09,Confederal Group of the European United Left
1442,10,1989-07-25,1994-07-18,Group of the European Democratic Alliance
1442,2,1984-07-24,1989-07-24,Group of the European Democratic Alliance
1442,3,1989-07-25,1994-07-18,Group of the European Democratic Alliance
1210,10,1989-07-25,1993-04-20,Socialist Group
1210,10,1993-04-21,1994-07-18,Group of the Party of European Socialists
1210,3,1989-07-25,1993-04-20,Socialist Group
1210,3,1993-04-21,1994-07-18,Group of the Party of European Socialists
646,10,1979-07-17,1982-03-08,Liberal and Democratic Group
646,10,1982-03-09,1984-07-23,Liberal and Democratic Group
646,1,1979-07-17,1982-03-08,Liberal and Democratic Group
646,1,1982-03-09,1984-07-23,Liberal and Democratic Group
4337,10,2009-07-14,2014-06-30,Group of the Progressive Alliance of Socialists and Democrats in the European Parliament
4337,5,1999-07-20,2004-07-19,Group of the Party of European Socialists
4337,6,2004-07-20,2009-07-13,Socialist Group in the European Parliament
4337,7,2009-07-14,2014-06-30,Group of the Progressive Alliance of Socialists and Democrats in the European Parliament
23807,10,2004-07-20,2007-02-13,Socialist Group in the European Parliament
23807,10,2007-02-14,2009-07-13,Socialist Group in the European Parliament
23807,5,2003-04-18,2004-04-30,Group of the Party of European Socialists
23807,5,2004-05-01,2004-07-19,Group of the Party of European Socialists
23807,6,2004-07-20,2007-02-13,Socialist Group in the European Parliament
23807,6,2007-02-14,2009-07-13,Socialist Group in the European Parliament
23877,10,2003-04-30,2004-04-30,Confederal Group of the European United Left/Nordic Green Left
23877,10,2004-05-01,2004-07-19,Confederal Group of the European United Left/Nordic Green Left
23877,5,2003-04-30,2004-04-30,Confederal Group of the European United Left/Nordic Green Left
23877,5,2004-05-01,2004-07-19,Confederal Group of the European United Left/Nordic Green Left
1386,10,1989-07-25,1992-04-30,European Democratic Group
1386,10,1992-05-01,1994-07-18,Group of the European People's Party (Christian-Democratic Group)
1386,1,1979-07-17,1984-07-23,European Democratic Group
1386,2,1984-07-24,1989-07-24,European Democratic Group
1386,3,1989-07-25,1992-04-30,European Democratic Group
1386,3,1992-05-01,1994-07-18,Group of the European People's Party (Christian-Democratic Group)
28223,10,2024-07-16,,Group of the European People's Party (Christian Democrats)
28223,6,2004-07-20,2009-07-13,Group of the European People's Party (Christian Democrats) and European Democrats
28223,7,2009-07-14,2009-07-23,Group of the European People's Party (Christian Democrats)
28223,7,2009-07-24,2014-06-30,Group of the European People's Party (Christian Democrats)
28223,8,2014-07-01,2019-07-01,Group of the European People's Party (Christian Democrats)
28223,9,2019-07-02,2024-07-15,Group of the European People's Party (Christian Democrats)
2204,10,2002-06-28,2004-07-19,Group of the European People's Party (Christian Democrats) and European Democrats
2204,4,1994-07-19,1999-07-19,Group of the European People's Party (Christian-Democratic Group)
2204,5,2002-06-28,2004-07-19,Group of the European People's Party (Christian Democrats) and European Democrats
1598,10,1984-07-24,1985-09-08,Group of the European People's Party (Christian-Democratic Group)
1598,10,1985-09-09,1989-07-24,Group of the European People's Party (Christian-Democratic Group)
1598,1,1980-03-05,1984-07-23,Group of the European People's Party (Christian-Democratic Group)
1598,2,1984-07-24,1985-09-08,Group of the European People's Party (Christian-Democratic Group)
1598,2,1985-09-09,1989-07-24,Group of the European People's Party (Christian-Democratic Group)
1567,10,1987-07-01,1989-07-24,Group of the European Right
1567,2,1987-07-01,1989-07-24,Group of the European Right
2334,10,1998-10-06,1999-07-19,Group of the Party of European Socialists
2334,4,1998-10-06,1999-07-19,Group of the Party of European Socialists
28413,10,2004-07-20,2006-04-27,Group of the Alliance of Liberals and Democrats for Europe
28413,6,2004-07-20,2006-04-27,Group of the Alliance of Liberals and Democrats for Europe
2326,10,2004-07-20,2009-07-13,Group of the Alliance of Liberals and Democrats for Europe
2326,4,1998-04-25,1999-07-19,Group of the European People's Party (Christian-Democratic Group)
2326,6,2004-07-20,2009-07-13,Group of the Alliance of Liberals and Democrats for Europe
96874,10,2009-07-14,2014-06-30,Group of the Alliance of Liberals and Democrats for Europe
96874,7,2009-07-14,2014-06-30,Group of the Alliance of Liberals and Democrats for Europe
58711,10,2008-05-18,2009-07-13,Socialist Group in the European Parliament
58711,6,2008-05-18,2009-07-13,Socialist Group in the European Parliament
1999,10,1994-07-19,1999-07-12,Group of the European People's Party (Christian-Democratic Group)
1999,4,1994-07-19,1999-07-12,Group of the European People's Party (Christian-Democratic Group)
1668,10,1987-09-14,1989-07-24,Group of the European People's Party (Christian-Democratic Group)
1668,2,1987-09-14,1989-07-24,Group of the European People's Party (Christian-Democratic Group)
38846,10,2007-07-04,2009-07-13,Socialist Group in the European Parliament
38846,6,2007-07-04,2009-07-13,Socialist Group in the European Parliament
197672,10,2024-07-16,,Renew Europe Group
197672,9,2019-07-02,2024-07-15,Group of the European People's Party (Christian Democrats)
28345,10,2004-07-20,2009-07-13,Group of the Greens/European Free Alliance
28345,6,2004-07-20,2009-07-13,Group of the Greens/European Free Alliance
1281,10,1994-07-19,1994-07-26,"Group of the European Liberal, Democrat and Reform Party"
1281,10,1994-07-27,1999-07-19,"Group of the European Liberal, Democrat and Reform Party"
1281,3,1989-07-25,1994-07-18,Liberal and Democratic Reformist Group
1281,4,1994-07-19,1994-07-26,"Group of the European Liberal, Democrat and Reform Party"
1281,4,1994-07-27,1999-07-19,"Group of the European Liberal, Democrat and Reform Party"
5735,10,2004-07-20,2009-07-13,Socialist Group in the European Parliament
5735,5,1999-12-18,2004-07-19,Group of the Party of European Socialists
5735,6,2004-07-20,2009-07-13,Socialist Group in the European Parliament
28352,10,2009-07-14,2014-06-30,Group of the European People's Party (Christian Democrats)
28352,6,2004-07-20,2009-07-13,Group of the European People's Party (Christian Democrats) and European Democrats
28352,7,2009-07-14,2014-06-30,Group of the European People's Party (Christian Democrats)
28620,10,2004-07-20,2009-07-13,Group of the Alliance of Liberals and Democrats for Europe
28620,6,2004-07-20,2009-07-13,Group of the Alliance of Liberals and Democrats for Europe
681,10,1981-07-16,1984-07-23,Socialist Group
681,1,1981-07-16,1984-07-23,Socialist Group
1828,10,1987-02-02,1989-07-24,Socialist Group
1828,2,1987-02-02,1989-07-24,Socialist Group
26811,10,2004-04-02,2004-07-19,Group of the Greens/European Free Alliance
26811,5,2004-04-02,2004-07-19,Group of the Greens/European Free Alliance
28378,10,2004-07-20,2004-11-13,Group of the European People's Party (Christian Democrats) and European Democrats
28378,10,2004-11-14,2008-03-31,Group of the European People's Party (Christian Democrats) and European Democrats
28378,6,2004-07-20,2004-11-13,Group of the European People's Party (Christian Democrats) and European Democrats
28378,6,2004-11-14,2008-03-31,Group of the European People's Party (Christian Democrats) and European Democrats
28512,10,2004-07-20,2009-07-13,Non-attached Members
28512,6,2004-07-20,2009-07-13,Non-attached Members
96788,10,2009-07-14,2014-06-30,Group of the European People's Party (Christian Democrats)
96788,7,2009-07-14,2014-06-30,Group of the European People's Party (Christian Democrats)
2236,10,1994-07-19,1996-11-10,Europe of Nations Group (Coordination Group)
2236,10,1996-11-11,1997-01-12,Non-attached
2236,10,1997-01-13,1999-07-19,Group of Independents for a Europe of Nations
2236,4,1994-07-19,1996-11-10,Europe of Nations Group (Coordination Group)
2236,4,1996-11-11,1997-01-12,Non-attached
2236,4,1997-01-13,1999-07-19,Group of Independents for a Europe of Nations
2018,10,1994-07-19,1995-07-04,Group of the European Democratic Alliance
2018,10,1995-07-05,1996-10-23,Group Union for Europe
2018,10,1996-10-24,1996-11-13,Group Union for Europe
2018,10,1996-11-14,1996-12-09,Group Union for Europe
2018,10,1996-12-10,1999-07-19,Group Union for Europe
2018,4,1994-07-19,1995-07-04,Group of the European Democratic Alliance
2018,4,1995-07-05,1996-10-23,Group Union for Europe
2018,4,1996-10-24,1996-11-13,Group Union for Europe
2018,4,1996-11-14,1996-12-09,Group Union for Europe
2018,4,1996-12-10,1999-07-19,Group Union for Europe
96272,10,2014-07-01,2019-07-01,Group of the European People's Party (Christian Democrats)
96272,8,2014-07-01,2019-07-01,Group of the European People's Party (Christian Democrats)
96684,10,2014-07-01,2019-07-01,Group of the Progressive Alliance of Socialists and Democrats in the European Parliament
96684,7,2009-07-14,2014-06-30,Group of the Progressive Alliance of Socialists and Democrats in the European Parliament
96684,8,2014-07-01,2019-07-01,Group of the Progressive Alliance of Socialists and Democrats in the European Parliament
1735,10,1984-07-24,1985-02-10,Group of the European People's Party (Christian-Democratic Group)
1735,10,1985-02-11,1989-07-24,Group of the European People's Party (Christian-Democratic Group)
1735,2,1984-07-24,1985-02-10,Group of the European People's Party (Christian-Democratic Group)
1735,2,1985-02-11,1989-07-24,Group of the European People's Party (Christian-Democratic Group)
96726,10,2009-07-14,2012-01-31,Group of the Greens/European Free Alliance
96726,10,2012-02-01,2014-06-30,Group of the Greens/European Free Alliance
96726,7,2009-07-14,2012-01-31,Group of the Greens/European Free Alliance
96726,7,2012-02-01,2014-06-30,Group of the Greens/European Free Alliance
903,10,1979-07-17,1980-04-13,Group for the Technical Coordination and Defence of Independent Groups and Members
903,10,1980-04-14,1981-02-11,Group for the Technical Coordination and Defence of Independent Groups and Members
903,1,1979-07-17,1980-04-13,Group for the Technical Coordination and Defence of Independent Groups and Members
903,1,1980-04-14,1981-02-11,Group for the Technical Coordination and Defence of Independent Groups and Members
2038,10,1999-07-21,1999-10-04,Non-attached
2038,10,1999-10-05,2004-07-19,"Group of the European Liberal, Democrat and Reform Party"
2038,4,1994-07-19,1997-02-18,"Group of the European Liberal, Democrat and Reform Party"
2038,4,1997-02-19,1999-07-19,Non-attached
2038,5,1999-07-21,1999-10-04,Non-attached
2038,5,1999-10-05,2004-07-19,"Group of the European Liberal, Democrat and Reform Party"
190464,10,2024-07-16,,Group of the Greens/European Free Alliance
190464,8,2017-11-10,2019-07-01,Group of the Greens/European Free Alliance
190464,9,2020-02-01,2024-07-15,Group of the Greens/European Free Alliance
1023,10,2014-07-01,2019-07-01,Non-attached Members
1023,2,1984-07-24,1989-07-24,Group of the European Right
1023,3,1989-07-25,1994-07-18,Technical Group of the European Right
1023,4,1994-07-19,1999-07-19,Non-attached
1023,5,1999-07-20,2001-10-02,Technical Group of Independent Members
1023,5,2001-10-03,2003-04-10,Non-attached
1023,6,2004-07-20,2007-01-14,Non-attached Members
1023,6,2007-01-15,2007-11-13,"Identity, Tradition and Sovereignty Group"
1023,6,2007-11-14,2009-07-13,Non-attached Members
1023,7,2009-07-14,2014-06-30,Non-attached Members
1023,8,2014-07-01,2019-07-01,Non-attached Members
1835,10,1991-12-11,1992-07-02,The Green Group in the European Parliament
1835,3,1991-12-11,1992-07-02,The Green Group in the European Parliament
97230,10,2009-07-14,2009-07-19,Group of the Alliance of Liberals and Democrats for Europe
97230,10,2009-07-20,2014-06-30,Group of the Alliance of Liberals and Democrats for Europe
97230,7,2009-07-14,2009-07-19,Group of the Alliance of Liberals and Democrats for Europe
97230,7,2009-07-20,2014-06-30,Group of the Alliance of Liberals and Democrats for Europe
125002,10,2014-07-01,2019-07-01,Group of the Progressive Alliance of Socialists and Democrats in the European Parliament
125002,8,2014-07-01,2019-07-01,Group of the Progressive Alliance of Socialists and Democrats in the European Parliament
1120,10,1994-07-19,1995-02-08,Group of the Party of European Socialists
1120,10,1995-02-09,1997-02-03,Group of the Party of European Socialists
1120,10,1997-02-04,1999-07-19,Group of the Party of European Socialists
1120,3,1989-07-25,1993-04-20,Socialist Group
1120,3,1993-04-21,1994-07-18,Group of the Party of European Socialists
1120,4,1994-07-19,1995-02-08,Group of the Party of European Socialists
1120,4,1995-02-09,1997-02-03,Group of the Party of European Socialists
1120,4,1997-02-04,1999-07-19,Group of the Party of European Socialists
28392,10,2004-07-20,2009-07-13,Socialist Group in the European Parliament
28392,6,2004-07-20,2009-07-13,Socialist Group in the European Parliament
2279,10,1996-03-28,1999-07-19,Confederal Group of the European United Left/Nordic Green Left
2279,4,1996-03-28,1999-07-19,Confederal Group of the European United Left/Nordic Green Left
127096,10,2019-07-02,2024-07-15,Group of the Progressive Alliance of Socialists and Democrats in the European Parliament
127096,9,2019-07-02,2024-07-15,Group of the Progressive Alliance of Socialists and Democrats in the European Parliament
1657,10,1986-06-20,1989-07-24,Communist and Allies Group
1657,2,1986-06-20,1989-07-24,Communist and Allies Group
204413,10,2024-07-16,,Group of the Progressive Alliance of Socialists and Democrats in the European Parliament
204413,9,2020-02-01,2024-07-15,Group of the Progressive Alliance of Socialists and Democrats in the European Parliament
750,10,1979-07-17,1981-09-10,Socialist Group
750,1,1979-07-17,1981-09-10,Socialist Group
125193,10,2014-07-01,2015-12-14,Confederal Group of the European United Left
125193,10,2015-12-15,2017-01-11,Confederal Group of the European United Left
125193,10,2017-01-12,2019-07-01,Confederal Group of the European United Left
125193,8,2014-07-01,2015-12-14,Confederal Group of the European United Left
125193,8,2015-12-15,2017-01-11,Confederal Group of the European United Left
125193,8,2017-01-12,2019-07-01,Confederal Group of the European United Left
1590,10,1984-07-24,1989-07-24,Communist and Allies Group
1590,1,1979-07-17,1984-07-23,Communist and Allies Group
1590,2,1984-07-24,1989-07-24,Communist and Allies Group
28978,10,2004-07-20,2006-04-27,Group of the European People's Party (Christian Democrats) and European Democrats
28978,6,2004-07-20,2006-04-27,Group of the European People's Party (Christian Democrats) and European Democrats
1358,10,1994-07-19,1996-11-05,"Group of the European Liberal, Democrat and Reform Party"
1358,10,1996-11-06,1999-07-19,Group of the European People's Party (Christian-Democratic Group)
1358,2,1987-09-14,1989-07-24,Liberal and Democratic Reformist Group
1358,3,1989-07-25,1994-07-18,Liberal and Democratic Reformist Group
1358,4,1994-07-19,1996-11-05,"Group of the European Liberal, Democrat and Reform Party"
1358,4,1996-11-06,1999-07-19,Group of the European People's Party (Christian-Democratic Group)
1119,10,1989-07-25,1994-07-18,The Green Group in the European Parliament
1119,3,1989-07-25,1994-07-18,The Green Group in the European Parliament
107212,10,2024-07-16,,Group of the European People's Party (Christian Democrats)
107212,8,2014-11-24,2019-07-01,Group of the European People's Party (Christian Democrats)
107212,9,2019-07-02,2024-07-15,Group of the European People's Party (Christian Democrats)
1482,10,1984-07-24,1985-12-12,Liberal and Democratic Group
1482,10,1985-12-13,1989-07-24,Liberal and Democratic Reformist Group
1482,2,1984-07-24,1985-12-12,Liberal and Democratic Group
1482,2,1985-12-13,1989-07-24,Liberal and Democratic Reformist Group
1256,10,1989-07-25,1993-04-20,Socialist Group
1256,10,1993-04-21,1994-07-18,Group of the Party of European Socialists
1256,1,1981-09-30,1984-07-23,Socialist Group
1256,2,1984-07-24,1989-07-24,Socialist Group
1256,3,1989-07-25,1993-04-20,Socialist Group
1256,3,1993-04-21,1994-07-18,Group of the Party of European Socialists
4451,10,1999-07-20,2004-07-19,Group of the European People's Party (Christian Democrats) and European Democrats
4451,5,1999-07-20,2004-07-19,Group of the European People's Party (Christian Democrats) and European Democrats
2235,10,1994-07-19,1997-12-31,Group of the Party of European Socialists
2235,10,1998-01-01,1999-07-19,The Green Group in the European Parliament
2235,4,1994-07-19,1997-12-31,Group of the Party of European Socialists
2235,4,1998-01-01,1999-07-19,The Green Group in the European Parliament
125072,10,2014-07-01,2019-07-01,Non-attached Members
125072,8,2014-07-01,2019-07-01,Non-attached Members
1056,10,1989-07-25,1991-05-31,The Green Group in the European Parliament
1056,10,1991-06-01,1992-01-26,The Green Group in the European Parliament
1056,10,1992-01-27,1994-07-18,The Green Group in the European Parliament
1056,3,1989-07-25,1991-05-31,The Green Group in the European Parliament
1056,3,1991-06-01,1992-01-26,The Green Group in the European Parliament
1056,3,1992-01-27,1994-07-18,The Green Group in the European Parliament
770,10,1979-07-17,1984-07-23,Communist and Allies Group
770,1,1979-07-17,1984-07-23,Communist and Allies Group
4458,10,1999-07-20,2000-10-03,Group of the Party of European Socialists
4458,10,2000-10-04,2004-07-19,Group of the Party of European Socialists
4458,5,1999-07-20,2000-10-03,Group of the Party of European Socialists
4458,5,2000-10-04,2004-07-19,Group of the Party of European Socialists
111068,10,2011-12-07,2014-06-30,Group of the European People's Party (Christian Democrats)
111068,7,2011-12-07,2014-06-30,Group of the European People's Party (Christian Democrats)
36395,10,2006-05-08,2009-07-13,Socialist Group in the European Parliament
36395,6,2006-05-08,2009-07-13,Socialist Group in the European Parliament
96870,10,2014-07-01,2019-07-01,Group of the Alliance of Liberals and Democrats for Europe
96870,7,2009-07-14,2014-06-30,Group of the Alliance of Liberals and Democrats for Europe
96870,8,2014-07-01,2019-07-01,Group of the Alliance of Liberals and Democrats for Europe
23864,10,2004-07-20,2009-07-13,Group of the Alliance of Liberals and Democrats for Europe
23864,5,2003-04-24,2004-04-30,"Group of the European Liberal, Democrat and Reform Party"
23864,5,2004-05-01,2004-07-19,"Group of the European Liberal, Democrat and Reform Party"
23864,6,2004-07-20,2009-07-13,Group of the Alliance of Liberals and Democrats for Europe
1337,10,2004-07-20,2009-07-13,Socialist Group in the European Parliament
1337,2,1986-01-01,1987-04-05,Socialist Group
1337,2,1987-04-06,1987-07-05,Socialist Group
1337,2,1987-07-06,1989-07-24,Socialist Group
1337,3,1989-07-25,1993-04-20,Socialist Group
1337,3,1993-04-21,1994-07-18,Group of the Party of European Socialists
1337,4,1994-07-19,1994-11-30,Group of the Party of European Socialists
1337,4,1994-12-01,1999-07-19,Group of the Party of European Socialists
1337,5,1999-07-20,2004-07-19,Group of the Party of European Socialists
1337,6,2004-07-20,2009-07-13,Socialist Group in the European Parliament
806,10,1981-02-09,1981-10-18,Communist and Allies Group
806,1,1981-02-09,1981-10-18,Communist and Allies Group
1552,10,1984-07-24,1989-07-24,Socialist Group
1552,1,1979-07-17,1984-07-23,Socialist Group
1552,2,1984-07-24,1989-07-24,Socialist Group
1781,10,1984-07-24,1985-02-10,Group of the European People's Party (Christian-Democratic Group)
1781,10,1985-02-11,1989-07-24,Group of the European People's Party (Christian-Democratic Group)
1781,1,1979-07-17,1981-02-08,Group of the European People's Party (Christian-Democratic Group)
1781,1,1981-02-09,1983-10-22,Group of the European People's Party (Christian-Democratic Group)
1781,1,1983-10-23,1984-07-23,Group of the European People's Party (Christian-Democratic Group)
1781,2,1984-07-24,1985-02-10,Group of the European People's Party (Christian-Democratic Group)
1781,2,1985-02-11,1989-07-24,Group of the European People's Party (Christian-Democratic Group)
1076,10,1999-07-20,2000-09-07,Group of the Party of European Socialists
1076,3,1989-07-25,1993-04-20,Socialist Group
1076,3,1993-04-21,1994-07-18,Group of the Party of European Socialists
1076,4,1994-07-19,1999-07-19,Group of the Party of European Socialists
1076,5,1999-07-20,2000-09-07,Group of the Party of European Socialists
1020,10,1994-07-19,1999-07-19,Group of the Party of European Socialists
1020,3,1989-07-25,1993-01-11,Group for the European United Left
1020,3,1993-01-12,1993-04-20,Socialist Group
1020,3,1993-04-21,1994-07-18,Group of the Party of European Socialists
1020,4,1994-07-19,1999-07-19,Group of the Party of European Socialists
197619,10,2019-07-02,2024-07-15,Non-attached Members
197619,9,2019-07-02,2024-07-15,Non-attached Members
1640,10,1984-12-18,1989-07-24,Socialist Group
1640,2,1984-12-18,1989-07-24,Socialist Group
135490,10,2015-11-25,2019-07-01,Confederal Group of the European United Left
135490,8,2015-11-25,2019-07-01,Confederal Group of the European United Left
5729,10,2024-07-16,,Group of the Progressive Alliance of Socialists and Democrats in the European Parliament
5729,5,2000-01-13,2003-09-28,Group of the Party of European Socialists
5729,7,2009-07-14,2014-06-30,Group of the Progressive Alliance of Socialists and Democrats in the European Parliament
5729,8,2014-07-01,2018-04-16,Group of the Progressive Alliance of Socialists and Democrats in the European Parliament
5729,8,2018-04-17,2019-07-01,Group of the Progressive Alliance of Socialists and Democrats in the European Parliament
5729,9,2019-07-02,2024-07-15,Group of the Progressive Alliance of Socialists and Democrats in the European Parliament
1941,10,2009-07-14,2009-07-20,Group of the European People's Party (Christian Democrats)
1941,10,2009-07-21,2014-06-30,Group of the European People's Party (Christian Democrats)
1941,4,1994-07-19,1999-07-19,Non-attached
1941,5,1999-07-21,1999-07-21,Non-attached
1941,5,1999-07-22,2004-07-19,Union for Europe of the Nations Group
1941,6,2004-07-20,2009-07-13,Union for Europe of the Nations Group
1941,7,2009-07-14,2009-07-20,Group of the European People's Party (Christian Democrats)
1941,7,2009-07-21,2014-06-30,Group of the European People's Party (Christian Democrats)
197467,10,2019-07-02,2024-07-15,European Conservatives and Reformists Group
197467,9,2019-07-02,2024-07-15,European Conservatives and Reformists Group
99650,10,2014-07-01,2014-10-15,Europe of Freedom and Direct Democracy Group
99650,10,2014-10-16,2014-10-19,Non-attached Members
99650,10,2014-10-20,2019-07-01,Europe of Freedom and Direct Democracy Group
99650,8,2014-07-01,2014-10-15,Europe of Freedom and Direct Democracy Group
99650,8,2014-10-16,2014-10-19,Non-attached Members
99650,8,2014-10-20,2019-07-01,Europe of Freedom and Direct Democracy Group
197582,10,2019-07-02,2024-07-15,Identity and Democracy Group
197582,9,2019-07-02,2024-07-15,Identity and Democracy Group
2300,10,1996-11-11,1999-07-19,Group of the European People's Party (Christian-Democratic Group)
2300,4,1996-11-11,1999-07-19,Group of the European People's Party (Christian-Democratic Group)
1840,10,1991-12-19,1993-10-26,Left Unity
1840,3,1991-12-19,1993-10-26,Left Unity
197591,10,2024-07-16,,Group of the Progressive Alliance of Socialists and Democrats in the European Parliament
197591,9,2019-07-02,2024-07-15,Group of the Progressive Alliance of Socialists and Democrats in the European Parliament
23708,10,2003-04-23,2004-04-30,Group of the European People's Party (Christian Democrats) and European Democrats
23708,10,2004-05-01,2004-07-19,Group of the European People's Party (Christian Democrats) and European Democrats
23708,5,2003-04-23,2004-04-30,Group of the European People's Party (Christian Democrats) and European Democrats
23708,5,2004-05-01,2004-07-19,Group of the European People's Party (Christian Democrats) and European Democrats
2199,10,1999-07-20,2004-07-19,Union for Europe of the Nations Group
2199,4,1994-07-19,1995-07-04,Group of the European Democratic Alliance
2199,4,1995-07-05,1999-07-19,Group Union for Europe
2199,5,1999-07-20,2004-07-19,Union for Europe of the Nations Group
197680,10,2019-07-02,2024-07-15,Identity and Democracy Group
197680,9,2019-07-02,2024-07-15,Identity and Democracy Group
190519,10,2019-07-02,2024-07-15,Renew Europe Group
190519,8,2017-11-14,2019-07-01,Group of the Alliance of Liberals and Democrats for Europe
190519,9,2019-07-02,2024-07-15,Renew Europe Group
197863,10,2024-07-16,,Group of the European People's Party (Christian Democrats)
197863,9,2019-07-02,2024-07-15,Group of the European People's Party (Christian Democrats)
112748,10,2024-07-16,,Group of the Progressive Alliance of Socialists and Democrats in the European Parliament
112748,7,2012-04-01,2013-06-30,Group of the Progressive Alliance of Socialists and Democrats in the European Parliament
112748,7,2013-07-01,2014-06-30,Group of the Progressive Alliance of Socialists and Democrats in the European Parliament
112748,8,2014-07-01,2019-07-01,Group of the Progressive Alliance of Socialists and Democrats in the European Parliament
112748,9,2019-07-02,2024-07-15,Group of the Progressive Alliance of Socialists and Democrats in the European Parliament
124903,10,2014-07-01,2018-11-13,Group of the European People's Party (Christian Democrats)
124903,8,2014-07-01,2018-11-13,Group of the European People's Party (Christian Democrats)
96873,10,2009-07-14,2014-06-30,Group of the Alliance of Liberals and Democrats for Europe
96873,7,2009-07-14,2014-06-30,Group of the Alliance of Liberals and Democrats for Europe
96648,10,2019-07-02,2022-09-13,Group of the Greens/European Free Alliance
96648,10,2022-09-14,2022-10-12,Group of the Greens/European Free Alliance
96648,10,2022-10-13,2024-07-15,Group of the Greens/European Free Alliance
96648,7,2009-07-14,2014-06-30,Group of the Greens/European Free Alliance
96648,8,2014-07-01,2019-07-01,Group of the Greens/European Free Alliance
96648,9,2019-07-02,2022-09-13,Group of the Greens/European Free Alliance
96648,9,2022-09-14,2022-10-12,Group of the Greens/European Free Alliance
96648,9,2022-10-13,2024-07-15,Group of the Greens/European Free Alliance
114840,10,2012-09-01,2014-06-30,Group of the Progressive Alliance of Socialists and Democrats in the European Parliament
114840,7,2012-09-01,2014-06-30,Group of the Progressive Alliance of Socialists and Democrats in the European Parliament
204333,10,2024-07-16,,Group of the European People's Party (Christian Democrats)
204333,9,2020-02-01,2024-07-15,Group of the European People's Party (Christian Democrats)
1261,10,1989-07-25,1993-04-20,Socialist Group
1261,10,1993-04-21,1994-07-18,Group of the Party of European Socialists
1261,1,1980-01-16,1984-07-23,Socialist Group
1261,2,1984-07-24,1989-07-24,Socialist Group
1261,3,1989-07-25,1993-04-20,Socialist Group
1261,3,1993-04-21,1994-07-18,Group of the Party of European Socialists
96823,10,2009-07-14,2014-06-30,Group of the European People's Party (Christian Democrats)
96823,7,2009-07-14,2014-06-30,Group of the European People's Party (Christian Democrats)
1595,10,1984-07-24,1989-07-24,Group of the European People's Party (Christian-Democratic Group)
1595,2,1984-07-24,1989-07-24,Group of the European People's Party (Christian-Democratic Group)
26810,10,2004-04-02,2004-07-19,Group of the European People's Party (Christian Democrats) and European Democrats
26810,5,2004-04-02,2004-07-19,Group of the European People's Party (Christian Democrats) and European Democrats
4244,10,1999-07-20,2004-07-19,Group of the Greens/European Free Alliance
4244,5,1999-07-20,2004-07-19,Group of the Greens/European Free Alliance
1167,10,2000-08-01,2004-07-19,Confederal Group of the European United Left/Nordic Green Left
1167,3,1989-07-25,1994-07-18,Left Unity
1167,4,1994-07-19,1995-01-05,Confederal Group of the European United Left
1167,4,1995-01-06,1999-07-19,Confederal Group of the European United Left/Nordic Green Left
1167,5,2000-08-01,2004-07-19,Confederal Group of the European United Left/Nordic Green Left
34248,10,2005-09-26,2006-12-31,Group of the Alliance of Liberals and Democrats for Europe
34248,10,2007-01-01,2007-06-05,Group of the Alliance of Liberals and Democrats for Europe
34248,6,2005-09-26,2006-12-31,Group of the Alliance of Liberals and Democrats for Europe
34248,6,2007-01-01,2007-06-05,Group of the Alliance of Liberals and Democrats for Europe
1026,10,2004-07-20,2004-12-08,Group of the Alliance of Liberals and Democrats for Europe
1026,10,2004-12-09,2005-05-08,Group of the Alliance of Liberals and Democrats for Europe
1026,10,2005-05-09,2007-12-31,Group of the Alliance of Liberals and Democrats for Europe
1026,3,1989-07-25,1992-05-13,Group of the European People's Party (Christian-Democratic Group)
1026,3,1992-05-14,1994-07-18,Group of the European People's Party (Christian-Democratic Group)
1026,4,1994-07-19,1999-07-19,Group of the European People's Party (Christian-Democratic Group)
1026,5,1999-07-20,2002-03-07,Group of the European People's Party (Christian Democrats) and European Democrats
1026,5,2002-03-08,2004-07-19,Group of the European People's Party (Christian Democrats) and European Democrats
1026,6,2004-07-20,2004-12-08,Group of the Alliance of Liberals and Democrats for Europe
1026,6,2004-12-09,2005-05-08,Group of the Alliance of Liberals and Democrats for Europe
1026,6,2005-05-09,2007-12-31,Group of the Alliance of Liberals and Democrats for Europe
40599,10,2024-12-01,,Group of the European People's Party (Christian Democrats)
40599,6,2008-04-04,2009-07-13,Group of the European People's Party (Christian Democrats) and European Democrats
40599,7,2009-07-14,2014-06-30,Group of the European People's Party (Christian Democrats)
40599,8,2014-07-01,2019-07-01,Group of the European People's Party (Christian Democrats)
40599,9,2019-07-02,2024-07-15,Group of the European People's Party (Christian Democrats)
1749,10,1986-01-01,1987-07-05,European Democratic Group
1749,2,1986-01-01,1987-07-05,European Democratic Group
1655,10,1984-07-24,1989-07-24,Socialist Group
1655,2,1984-07-24,1989-07-24,Socialist Group
4746,10,2024-07-16,,European Conservatives and Reformists Group
4746,5,1999-07-21,1999-07-21,Non-attached
4746,5,1999-07-22,2004-07-19,Union for Europe of the Nations Group
4746,6,2004-07-20,2009-07-13,Union for Europe of the Nations Group
4746,7,2009-07-14,2014-06-30,Group of the European People's Party (Christian Democrats)
4746,9,2020-02-01,2024-07-15,European Conservatives and Reformists Group
971,10,1989-07-25,1994-07-18,Group of the European People's Party (Christian-Democratic Group)
971,2,1984-07-24,1989-07-24,Group of the European People's Party (Christian-Democratic Group)
971,3,1989-07-25,1994-07-18,Group of the European People's Party (Christian-Democratic Group)
28297,10,2019-07-02,2024-07-15,European Conservatives and Reformists Group
28297,6,2004-07-20,2004-08-30,Group of the European People's Party (Christian Democrats) and European Democrats
28297,6,2004-08-31,2009-07-13,Group of the European People's Party (Christian Democrats) and European Democrats
28297,7,2009-07-14,2012-07-10,Group of the European People's Party (Christian Democrats)
28297,7,2012-07-11,2014-06-30,Group of the European People's Party (Christian Democrats)
28297,8,2014-07-01,2016-11-15,Group of the European People's Party (Christian Democrats)
28297,8,2016-11-16,2017-03-22,Group of the European People's Party (Christian Democrats)
28297,8,2017-03-23,2019-03-26,Non-attached Members
28297,8,2019-03-27,2019-07-01,European Conservatives and Reformists Group
28297,9,2019-07-02,2024-07-15,European Conservatives and Reformists Group
1491,10,1984-07-24,1989-07-24,Socialist Group
1491,1,1979-07-17,1982-03-08,Socialist Group
1491,1,1982-03-09,1984-07-23,Socialist Group
1491,2,1984-07-24,1989-07-24,Socialist Group
28256,10,2009-07-14,2014-05-15,Group of the European People's Party (Christian Democrats)
28256,6,2004-07-20,2009-07-13,Group of the European People's Party (Christian Democrats) and European Democrats
28256,7,2009-07-14,2014-05-15,Group of the European People's Party (Christian Democrats)
209140,10,2020-11-10,2024-07-15,Renew Europe Group
209140,9,2020-11-10,2024-07-15,Renew Europe Group
118949,10,2024-07-16,,Patriots for Europe Group
118949,9,2019-07-02,2024-07-15,Renew Europe Group
1680,10,1987-09-14,1989-07-24,Communist and Allies Group
1680,2,1987-09-14,1989-07-24,Communist and Allies Group
1868,10,1999-07-20,2003-03-19,"Group of the European Liberal, Democrat and Reform Party"
1868,3,1992-07-08,1992-07-08,Group of the European People's Party (Christian-Democratic Group)
1868,3,1992-07-09,1993-07-14,Rainbow Group in the European Parliament
1868,4,1994-07-19,1996-09-17,Group of the European Radical Alliance
1868,5,1999-07-20,2003-03-19,"Group of the European Liberal, Democrat and Reform Party"
4465,10,2019-07-02,2022-10-12,European Conservatives and Reformists Group
4465,5,1999-07-20,2000-06-20,Group of the European People's Party (Christian Democrats) and European Democrats
4465,8,2014-07-01,2015-05-18,Group of the European People's Party (Christian Democrats)
4465,8,2015-05-19,2015-05-20,European Conservatives and Reformists Group
4465,8,2015-05-21,2016-12-12,European Conservatives and Reformists Group
4465,8,2016-12-13,2019-07-01,European Conservatives and Reformists Group
4465,9,2019-07-02,2022-10-12,European Conservatives and Reformists Group
1873,10,2009-07-14,2009-07-23,Group of the European People's Party (Christian Democrats)
1873,10,2009-07-24,2011-12-22,Group of the European People's Party (Christian Democrats)
1873,3,1992-10-19,1994-07-18,Group of the European People's Party (Christian-Democratic Group)
1873,4,1994-07-19,1999-07-19,Group of the European People's Party (Christian-Democratic Group)
1873,5,1999-07-20,2004-07-19,Group of the European People's Party (Christian Democrats) and European Democrats
1873,6,2004-07-20,2004-08-30,Group of the European People's Party (Christian Democrats) and European Democrats
1873,6,2004-08-31,2009-07-13,Group of the European People's Party (Christian Democrats) and European Democrats
1873,7,2009-07-14,2009-07-23,Group of the European People's Party (Christian Democrats)
1873,7,2009-07-24,2011-12-22,Group of the European People's Party (Christian Democrats)
96932,10,2024-07-16,,Group of the Progressive Alliance of Socialists and Democrats in the European Parliament
96932,7,2009-07-14,2014-06-30,Group of the Progressive Alliance of Socialists and Democrats in the European Parliament
96932,8,2014-07-01,2019-07-01,Group of the Progressive Alliance of Socialists and Democrats in the European Parliament
96932,9,2019-07-02,2024-07-15,Group of the Progressive Alliance of Socialists and Democrats in the European Parliament
1685,10,1987-09-14,1988-09-15,Liberal and Democratic Reformist Group
1685,2,1987-09-14,1988-09-15,Liberal and Democratic Reformist Group
28270,10,2004-07-20,2009-07-13,Group of the Alliance of Liberals and Democrats for Europe
28270,6,2004-07-20,2009-07-13,Group of the Alliance of Liberals and Democrats for Europe
768,10,1979-07-17,1984-07-23,Socialist Group
768,1,1979-07-17,1984-07-23,Socialist Group
124792,10,2014-07-01,2015-07-14,Group of the Progressive Alliance of Socialists and Democrats in the European Parliament
124792,10,2015-07-15,2015-08-24,Europe of Nations and Freedom Group
124792,10,2015-08-25,2018-03-01,Europe of Nations and Freedom Group
124792,10,2018-03-02,2018-04-02,Non-attached Members
124792,10,2018-04-03,2019-07-01,European Conservatives and Reformists Group
124792,8,2014-07-01,2015-07-14,Group of the Progressive Alliance of Socialists and Democrats in the European Parliament
124792,8,2015-07-15,2015-08-24,Europe of Nations and Freedom Group
124792,8,2015-08-25,2018-03-01,Europe of Nations and Freedom Group
124792,8,2018-03-02,2018-04-02,Non-attached Members
124792,8,2018-04-03,2019-07-01,European Conservatives and Reformists Group
1664,10,1986-01-01,1987-07-05,Socialist Group
1664,2,1986-01-01,1987-07-05,Socialist Group
1878,10,1999-07-20,1999-07-21,Technical Group of Independent Members
1878,10,1999-07-22,2001-10-02,Technical Group of Independent Members
1878,10,2001-10-03,2004-07-19,Non-attached
1878,3,1993-04-17,1994-07-18,Liberal and Democratic Reformist Group
1878,4,1994-07-19,1996-11-10,Europe of Nations Group (Coordination Group)
1878,4,1996-11-11,1997-01-12,Non-attached
1878,4,1997-01-13,1999-04-18,Group of Independents for a Europe of Nations
1878,4,1999-04-19,1999-07-19,Non-attached
1878,5,1999-07-20,1999-07-21,Technical Group of Independent Members
1878,5,1999-07-22,2001-10-02,Technical Group of Independent Members
1878,5,2001-10-03,2004-07-19,Non-attached
4747,10,2004-07-20,2009-07-13,Group of the Alliance of Liberals and Democrats for Europe
4747,5,1999-07-20,2002-03-06,"Group of the European Liberal, Democrat and Reform Party"
4747,5,2002-03-07,2004-07-19,"Group of the European Liberal, Democrat and Reform Party"
4747,6,2004-07-20,2009-07-13,Group of the Alliance of Liberals and Democrats for Europe
34235,10,2009-07-14,2014-06-30,Group of the Alliance of Liberals and Democrats for Europe
34235,6,2005-09-26,2006-12-31,Group of the Alliance of Liberals and Democrats for Europe
34235,6,2007-01-01,2007-06-05,Group of the Alliance of Liberals and Democrats for Europe
34235,7,2009-07-14,2014-06-30,Group of the Alliance of Liberals and Democrats for Europe
2221,10,1994-07-19,1996-11-10,Europe of Nations Group (Coordination Group)
2221,10,1996-11-11,1997-01-12,Non-attached
2221,10,1997-01-13,1999-07-19,Group of Independents for a Europe of Nations
2221,4,1994-07-19,1996-11-10,Europe of Nations Group (Coordination Group)
2221,4,1996-11-11,1997-01-12,Non-attached
2221,4,1997-01-13,1999-07-19,Group of Independents for a Europe of Nations
1756,10,1986-04-02,1986-06-30,Group of the European Democratic Alliance
1756,2,1986-04-02,1986-06-30,Group of the European Democratic Alliance
4268,10,1999-07-20,2004-07-19,Group of the Party of European Socialists
4268,5,1999-07-20,2004-07-19,Group of the Party of European Socialists
1043,10,1989-07-25,1990-04-10,Group of the European People's Party (Christian-Democratic Group)
1043,10,1990-04-11,1992-01-20,Group of the European People's Party (Christian-Democratic Group)
1043,10,1992-01-21,1992-05-13,Group of the European People's Party (Christian-Democratic Group)
1043,10,1992-05-14,1994-07-18,Group of the European People's Party (Christian-Democratic Group)
1043,1,1981-01-01,1981-10-18,Non-attached
1043,1,1981-11-02,1984-07-23,Non-attached
1043,3,1989-07-25,1990-04-10,Group of the European People's Party (Christian-Democratic Group)
1043,3,1990-04-11,1992-01-20,Group of the European People's Party (Christian-Democratic Group)
1043,3,1992-01-21,1992-05-13,Group of the European People's Party (Christian-Democratic Group)
1043,3,1992-05-14,1994-07-18,Group of the European People's Party (Christian-Democratic Group)
23811,10,2003-04-18,2004-04-30,Group of the Party of European Socialists
23811,10,2004-05-01,2004-07-19,Group of the Party of European Socialists
23811,5,2003-04-18,2004-04-30,Group of the Party of European Socialists
23811,5,2004-05-01,2004-07-19,Group of the Party of European Socialists
1416,10,1989-07-25,1992-04-30,European Democratic Group
1416,10,1992-05-01,1994-07-18,Group of the European People's Party (Christian-Democratic Group)
1416,1,1979-07-17,1984-07-23,European Democratic Group
1416,2,1984-07-24,1989-07-24,European Democratic Group
1416,3,1989-07-25,1992-04-30,European Democratic Group
1416,3,1992-05-01,1994-07-18,Group of the European People's Party (Christian-Democratic Group)
1276,10,1989-07-25,1994-07-18,Group of the European People's Party (Christian-Democratic Group)
1276,3,1989-07-25,1994-07-18,Group of the European People's Party (Christian-Democratic Group)
1757,10,1984-07-24,1987-06-24,Group of the European Right
1757,2,1984-07-24,1987-06-24,Group of the European Right
1815,10,1994-07-19,1999-07-19,The Green Group in the European Parliament
1815,2,1984-07-24,1989-07-24,Rainbow Group
1815,4,1994-07-19,1999-07-19,The Green Group in the European Parliament
96846,10,2009-07-14,2012-12-18,Non-attached Members
96846,7,2009-07-14,2012-12-18,Non-attached Members
1696,10,1984-07-24,1986-01-27,Group of the European People's Party (Christian-Democratic Group)
1696,2,1984-07-24,1986-01-27,Group of the European People's Party (Christian-Democratic Group)
103246,10,2024-07-16,,Patriots for Europe Group
103246,7,2011-09-13,2014-06-30,Non-attached Members
103246,8,2015-09-01,2015-09-07,Non-attached Members
103246,8,2015-09-08,2019-07-01,Europe of Nations and Freedom Group
28128,10,2004-07-20,2009-07-13,Group of the Alliance of Liberals and Democrats for Europe
28128,6,2004-07-20,2009-07-13,Group of the Alliance of Liberals and Democrats for Europe
801,10,1979-07-17,1984-07-23,Socialist Group
801,1,1979-07-17,1984-07-23,Socialist Group
28216,10,2004-07-20,2007-02-26,Group of the Alliance of Liberals and Democrats for Europe
28216,10,2007-02-27,2008-01-14,Group of the Alliance of Liberals and Democrats for Europe
28216,10,2008-01-15,2008-06-25,Group of the Alliance of Liberals and Democrats for Europe
28216,10,2008-06-26,2009-07-13,Group of the Alliance of Liberals and Democrats for Europe
28216,6,2004-07-20,2007-02-26,Group of the Alliance of Liberals and Democrats for Europe
28216,6,2007-02-27,2008-01-14,Group of the Alliance of Liberals and Democrats for Europe
28216,6,2008-01-15,2008-06-25,Group of the Alliance of Liberals and Democrats for Europe
28216,6,2008-06-26,2009-07-13,Group of the Alliance of Liberals and Democrats for Europe
4273,10,2004-07-20,2006-10-05,Group of the Alliance of Liberals and Democrats for Europe
4273,5,1999-07-20,2004-07-19,"Group of the European Liberal, Democrat and Reform Party"
4273,6,2004-07-20,2006-10-05,Group of the Alliance of Liberals and Democrats for Europe
23801,10,2003-04-23,2004-04-30,Non-attached
23801,10,2004-05-01,2004-07-19,Non-attached
23801,5,2003-04-23,2004-04-30,Non-attached
23801,5,2004-05-01,2004-07-19,Non-attached
23786,10,2003-04-23,2004-04-30,Group of the European People's Party (Christian Democrats) and European Democrats
23786,10,2004-05-01,2004-07-19,Group of the European People's Party (Christian Democrats) and European Democrats
23786,5,2003-04-23,2004-04-30,Group of the European People's Party (Christian Democrats) and European Democrats
23786,5,2004-05-01,2004-07-19,Group of the European People's Party (Christian Democrats) and European Democrats
4239,10,2004-07-20,2009-07-13,Socialist Group in the European Parliament
4239,5,1999-07-20,2004-07-19,Group of the Party of European Socialists
4239,6,2004-07-20,2009-07-13,Socialist Group in the European Parliament
1507,10,1985-09-24,1989-07-24,Rainbow Group
1507,2,1985-09-24,1989-07-24,Rainbow Group
26739,10,2004-03-24,2004-04-30,Group of the European People's Party (Christian Democrats) and European Democrats
26739,10,2004-05-01,2004-07-19,Group of the European People's Party (Christian Democrats) and European Democrats
26739,5,2004-03-24,2004-04-30,Group of the European People's Party (Christian Democrats) and European Democrats
26739,5,2004-05-01,2004-07-19,Group of the European People's Party (Christian Democrats) and European Democrats
2059,10,1995-01-01,1996-11-10,Group of the European People's Party (Christian-Democratic Group)
2059,10,1999-04-13,1999-07-19,Group of the European People's Party (Christian-Democratic Group)
2059,4,1995-01-01,1996-11-10,Group of the European People's Party (Christian-Democratic Group)
2059,4,1999-04-13,1999-07-19,Group of the European People's Party (Christian-Democratic Group)
2333,10,1998-10-08,1999-07-19,Group of the European Radical Alliance
2333,4,1998-10-08,1999-07-19,Group of the European Radical Alliance
653,10,1979-07-17,1981-08-25,Group of the European People's Party (Christian-Democratic Group)
653,1,1979-07-17,1981-08-25,Group of the European People's Party (Christian-Democratic Group)
197740,10,2019-07-02,2024-07-15,Non-attached Members
197740,9,2019-07-02,2024-07-15,Non-attached Members
96812,10,2024-07-16,,Group of the Progressive Alliance of Socialists and Democrats in the European Parliament
96812,7,2009-07-14,2014-06-30,Group of the Progressive Alliance of Socialists and Democrats in the European Parliament
96812,8,2014-07-01,2015-04-14,Group of the Progressive Alliance of Socialists and Democrats in the European Parliament
96812,8,2015-04-15,2015-07-21,Non-attached Members
96812,8,2015-07-22,2019-07-01,Group of the Progressive Alliance of Socialists and Democrats in the European Parliament
96812,9,2019-07-02,2024-07-15,Group of the Progressive Alliance of Socialists and Democrats in the European Parliament
197655,10,2024-07-16,,European Conservatives and Reformists Group
197655,9,2019-07-02,2020-05-12,Group of the Progressive Alliance of Socialists and Democrats in the European Parliament
197655,9,2020-05-13,2020-05-13,European Conservatives and Reformists Group
197655,9,2020-05-14,2024-07-15,European Conservatives and Reformists Group
1480,10,1984-07-24,1989-07-24,Socialist Group
1480,1,1979-07-17,1984-07-23,Socialist Group
1480,2,1984-07-24,1989-07-24,Socialist Group
197593,10,2019-07-02,2023-08-09,Renew Europe Group
197593,9,2019-07-02,2023-08-09,Renew Europe Group
1002,10,2004-07-20,2007-01-16,Group of the Alliance of Liberals and Democrats for Europe
1002,10,2007-01-17,2009-07-13,Group of the Alliance of Liberals and Democrats for Europe
1002,1,1979-07-17,1979-12-09,Group for the Technical Coordination and Defence of Independent Groups and Members
1002,1,1979-12-10,1980-04-13,Group for the Technical Coordination and Defence of Independent Groups and Members
1002,1,1980-04-14,1984-02-10,Group for the Technical Coordination and Defence of Independent Groups and Members
1002,1,1984-02-11,1984-07-23,Group for the Technical Coordination and Defence of Independent Groups and Members
1002,2,1984-07-24,1987-09-16,Non-attached
1002,2,1987-09-17,1987-11-17,Technical Coordination and Defence of Independent Groups and Members
1002,2,1987-11-18,1989-07-24,Non-attached
1002,3,1989-07-25,1994-07-18,Non-attached
1002,4,1994-07-19,1996-03-28,Group of the European Radical Alliance
1002,5,1999-07-20,2001-10-02,Technical Group of Independent Members
1002,5,2001-10-03,2004-07-19,Non-attached
1002,6,2004-07-20,2007-01-16,Group of the Alliance of Liberals and Democrats for Europe
1002,6,2007-01-17,2009-07-13,Group of the Alliance of Liberals and Democrats for Europe
197687,10,2024-07-16,,Patriots for Europe Group
197687,9,2019-07-02,2024-07-15,Identity and Democracy Group
924,10,1982-04-19,1984-07-23,Group of European Progressive Democrats
924,1,1982-04-19,1984-07-23,Group of European Progressive Democrats
669,10,1981-01-01,1981-10-18,Non-attached
669,1,1981-01-01,1981-10-18,Non-attached
28346,10,2023-04-06,2024-07-15,Group of the Progressive Alliance of Socialists and Democrats in the European Parliament
28346,6,2004-07-20,2005-05-24,Socialist Group in the European Parliament
28346,8,2014-07-01,2018-04-16,Group of the Progressive Alliance of Socialists and Democrats in the European Parliament
28346,8,2018-04-17,2019-07-01,Group of the Progressive Alliance of Socialists and Democrats in the European Parliament
28346,9,2023-04-06,2024-07-15,Group of the Progressive Alliance of Socialists and Democrats in the European Parliament
1417,10,1989-07-25,1992-02-04,European Democratic Group
1417,10,1992-02-05,1992-04-30,European Democratic Group
1417,10,1992-05-01,1994-07-18,Group of the European People's Party (Christian-Democratic Group)
1417,1,1979-07-17,1983-04-10,European Democratic Group
1417,1,1983-04-11,1984-07-23,European Democratic Group
1417,2,1984-07-24,1987-04-05,European Democratic Group
1417,2,1987-04-06,1989-07-24,European Democratic Group
1417,3,1989-07-25,1992-02-04,European Democratic Group
1417,3,1992-02-05,1992-04-30,European Democratic Group
1417,3,1992-05-01,1994-07-18,Group of the European People's Party (Christian-Democratic Group)
197552,10,2024-07-16,,European Conservatives and Reformists Group
197552,9,2019-07-02,2020-03-09,European Conservatives and Reformists Group
197552,9,2020-03-10,2022-04-04,European Conservatives and Reformists Group
197552,9,2022-04-05,2023-06-12,European Conservatives and Reformists Group
197552,9,2023-06-13,2024-07-15,European Conservatives and Reformists Group
1355,10,1994-07-19,1999-06-20,Group of the Party of European Socialists
1355,2,1986-01-01,1987-07-05,Socialist Group
1355,2,1987-07-06,1989-07-24,Socialist Group
1355,3,1989-07-25,1993-04-20,Socialist Group
1355,3,1993-04-21,1994-01-18,Group of the Party of European Socialists
1355,3,1994-01-19,1994-07-18,Group of the Party of European Socialists
1355,4,1994-07-19,1999-06-20,Group of the Party of European Socialists
1116,10,1989-07-25,1993-01-11,Group for the European United Left
1116,10,1993-01-12,1993-04-20,Socialist Group
1116,10,1993-04-21,1994-07-18,Group of the Party of European Socialists
1116,3,1989-07-25,1993-01-11,Group for the European United Left
1116,3,1993-01-12,1993-04-20,Socialist Group
1116,3,1993-04-21,1994-07-18,Group of the Party of European Socialists
1360,10,1989-07-25,1993-04-20,Socialist Group
1360,10,1993-04-21,1994-07-18,Group of the Party of European Socialists
1360,2,1986-01-01,1987-07-05,Socialist Group
1360,2,1987-07-06,1989-07-24,Socialist Group
1360,3,1989-07-25,1993-04-20,Socialist Group
1360,3,1993-04-21,1994-07-18,Group of the Party of European Socialists
781,10,1980-11-26,1982-03-08,Liberal and Democratic Group
781,10,1982-03-09,1984-07-23,Liberal and Democratic Group
781,1,1980-11-26,1982-03-08,Liberal and Democratic Group
781,1,1982-03-09,1984-07-23,Liberal and Democratic Group
2276,10,2000-03-01,2004-07-19,Group of the European People's Party (Christian Democrats) and European Democrats
2276,4,1995-12-12,1996-06-09,Group of the European People's Party (Christian-Democratic Group)
2276,4,1996-06-10,1999-07-19,Group of the European People's Party (Christian-Democratic Group)
2276,5,2000-03-01,2004-07-19,Group of the European People's Party (Christian Democrats) and European Democrats
1415,10,1989-07-25,1993-04-20,Socialist Group
1415,10,1993-04-21,1994-07-18,Group of the Party of European Socialists
1415,2,1984-07-24,1989-07-24,Socialist Group
1415,3,1989-07-25,1993-04-20,Socialist Group
1415,3,1993-04-21,1994-07-18,Group of the Party of European Socialists
1534,10,1984-07-24,1986-03-09,Rainbow Group
1534,10,1986-03-10,1986-12-03,Rainbow Group
1534,10,1986-12-04,1987-03-04,Rainbow Group
1534,10,1987-03-05,1989-07-24,Rainbow Group
1534,2,1984-07-24,1986-03-09,Rainbow Group
1534,2,1986-03-10,1986-12-03,Rainbow Group
1534,2,1986-12-04,1987-03-04,Rainbow Group
1534,2,1987-03-05,1989-07-24,Rainbow Group
4303,10,2004-07-20,2009-07-13,Confederal Group of the European United Left
4303,5,1999-07-20,1999-10-12,Confederal Group of the European United Left/Nordic Green Left
4303,5,1999-10-13,2004-07-19,Confederal Group of the European United Left/Nordic Green Left
4303,6,2004-07-20,2009-07-13,Confederal Group of the European United Left
33987,10,2005-09-26,2006-12-31,Group of the European People's Party (Christian Democrats) and European Democrats
33987,10,2007-01-01,2007-12-09,Group of the European People's Party (Christian Democrats) and European Democrats
33987,10,2007-12-10,2008-12-18,Group of the European People's Party (Christian Democrats) and European Democrats
33987,6,2005-09-26,2006-12-31,Group of the European People's Party (Christian Democrats) and European Democrats
33987,6,2007-01-01,2007-12-09,Group of the European People's Party (Christian Democrats) and European Democrats
33987,6,2007-12-10,2008-12-18,Group of the European People's Party (Christian Democrats) and European Democrats
4274,10,2009-07-14,2009-07-19,Group of the Alliance of Liberals and Democrats for Europe
4274,10,2009-07-20,2014-06-30,Group of the Alliance of Liberals and Democrats for Europe
4274,5,1999-07-20,2004-07-19,"Group of the European Liberal, Democrat and Reform Party"
4274,6,2006-10-19,2009-07-13,Group of the Alliance of Liberals and Democrats for Europe
4274,7,2009-07-14,2009-07-19,Group of the Alliance of Liberals and Democrats for Europe
4274,7,2009-07-20,2014-06-30,Group of the Alliance of Liberals and Democrats for Europe
183022,10,2016-05-04,2019-07-01,Group of the Alliance of Liberals and Democrats for Europe
183022,8,2016-05-04,2019-07-01,Group of the Alliance of Liberals and Democrats for Europe
1746,10,2009-07-14,2014-06-30,Group of the European People's Party (Christian Democrats)
1746,2,1984-07-24,1988-04-13,Group of the European People's Party (Christian-Democratic Group)
1746,5,1999-07-20,2004-07-19,Group of the European People's Party (Christian Democrats) and European Democrats
1746,7,2009-07-14,2014-06-30,Group of the European People's Party (Christian Democrats)
1710,10,1992-04-06,1994-07-18,Group of the European People's Party (Christian-Democratic Group)
1710,1,1979-07-17,1979-10-23,Group of the European People's Party (Christian-Democratic Group)
1710,2,1984-07-24,1987-04-05,Group of the European People's Party (Christian-Democratic Group)
1710,2,1987-04-06,1989-07-24,Group of the European People's Party (Christian-Democratic Group)
1710,3,1992-04-06,1994-07-18,Group of the European People's Party (Christian-Democratic Group)
4330,10,1999-07-20,2003-06-17,Group of the Party of European Socialists
4330,5,1999-07-20,2003-06-17,Group of the Party of European Socialists
1649,10,1984-07-24,1986-04-15,Group of the European Right
1649,2,1984-07-24,1986-04-15,Group of the European Right
1334,10,1989-07-25,1991-12-10,Socialist Group
1334,10,1991-12-11,1993-04-20,Socialist Group
1334,10,1993-04-21,1993-12-28,Group of the Party of European Socialists
1334,2,1986-01-01,1987-07-05,Socialist Group
1334,2,1987-07-06,1987-10-25,Socialist Group
1334,2,1987-10-26,1989-07-24,Socialist Group
1334,3,1989-07-25,1991-12-10,Socialist Group
1334,3,1991-12-11,1993-04-20,Socialist Group
1334,3,1993-04-21,1993-12-28,Group of the Party of European Socialists
1959,10,1999-07-20,2002-06-26,Group of the Party of European Socialists
1959,10,2002-06-27,2002-06-30,Non-attached
1959,10,2002-07-01,2004-07-19,Confederal Group of the European United Left/Nordic Green Left
1959,4,1994-07-19,1997-01-28,Group of the European Radical Alliance
1959,4,1997-01-29,1999-07-19,Group of the European Radical Alliance
1959,5,1999-07-20,2002-06-26,Group of the Party of European Socialists
1959,5,2002-06-27,2002-06-30,Non-attached
1959,5,2002-07-01,2004-07-19,Confederal Group of the European United Left/Nordic Green Left
1200,10,1994-07-19,1999-07-19,Group of the European People's Party (Christian-Democratic Group)
1200,3,1989-07-25,1994-07-18,Group of the European People's Party (Christian-Democratic Group)
1200,4,1994-07-19,1999-07-19,Group of the European People's Party (Christian-Democratic Group)
88882,10,2024-07-16,,Group of the Progressive Alliance of Socialists and Democrats in the European Parliament
88882,8,2014-07-01,2017-06-29,Group of the Progressive Alliance of Socialists and Democrats in the European Parliament
88882,9,2020-02-01,2024-07-15,Group of the Progressive Alliance of Socialists and Democrats in the European Parliament
1946,10,2014-07-01,2014-12-31,Group of the Alliance of Liberals and Democrats for Europe
1946,4,1994-07-19,1994-08-01,"Group of the European Liberal, Democrat and Reform Party"
1946,4,1994-08-02,1999-06-28,"Group of the European Liberal, Democrat and Reform Party"
1946,6,2004-07-20,2007-02-26,Group of the Alliance of Liberals and Democrats for Europe
1946,6,2007-02-27,2008-06-25,Group of the Alliance of Liberals and Democrats for Europe
1946,6,2008-06-26,2009-07-13,Group of the Alliance of Liberals and Democrats for Europe
1946,7,2009-07-14,2014-06-30,Group of the Alliance of Liberals and Democrats for Europe
1946,8,2014-07-01,2014-12-31,Group of the Alliance of Liberals and Democrats for Europe
1579,10,1988-04-13,1989-07-24,Non-attached
1579,2,1988-04-13,1989-07-24,Non-attached
129164,10,2021-01-26,2024-07-15,Group of the European People's Party (Christian Democrats)
129164,8,2014-11-06,2019-07-01,Group of the European People's Party (Christian Democrats)
129164,9,2021-01-26,2024-07-15,Group of the European People's Party (Christian Democrats)
124710,10,2019-07-02,2024-07-15,Group of the European People's Party (Christian Democrats)
124710,8,2014-07-01,2019-07-01,Group of the European People's Party (Christian Democrats)
124710,9,2019-07-02,2024-07-15,Group of the European People's Party (Christian Democrats)
1816,10,1987-09-15,1989-07-24,Socialist Group
1816,2,1987-09-15,1989-07-24,Socialist Group
2224,10,2009-07-14,2009-07-20,Group of the European People's Party (Christian Democrats)
2224,10,2009-07-21,2014-02-28,Group of the European People's Party (Christian Democrats)
2224,4,1994-07-19,1999-07-19,Group of the European People's Party (Christian-Democratic Group)
2224,5,1999-07-20,2004-07-19,Group of the European People's Party (Christian Democrats) and European Democrats
2224,6,2004-07-20,2004-08-30,Group of the European People's Party (Christian Democrats) and European Democrats
2224,6,2004-08-31,2009-07-13,Group of the European People's Party (Christian Democrats) and European Democrats
2224,7,2009-07-14,2009-07-20,Group of the European People's Party (Christian Democrats)
2224,7,2009-07-21,2014-02-28,Group of the European People's Party (Christian Democrats)
28506,10,2009-07-14,2010-06-22,Europe of freedom and democracy Group
28506,10,2010-06-23,2012-12-10,Non-attached Members
28506,10,2012-12-11,2013-09-08,Europe of freedom and democracy Group
28506,10,2013-09-09,2014-06-30,Non-attached Members
28506,6,2004-07-20,2009-07-13,Independence/Democracy Group
28506,7,2009-07-14,2010-06-22,Europe of freedom and democracy Group
28506,7,2010-06-23,2012-12-10,Non-attached Members
28506,7,2012-12-11,2013-09-08,Europe of freedom and democracy Group
28506,7,2013-09-09,2014-06-30,Non-attached Members
1934,10,2009-07-14,2014-06-30,Group of the Greens/European Free Alliance
1934,4,1994-07-19,1999-07-19,The Green Group in the European Parliament
1934,5,1999-07-20,2002-01-07,Group of the Greens/European Free Alliance
1934,5,2002-01-08,2004-07-19,Group of the Greens/European Free Alliance
1934,6,2004-07-20,2005-05-23,Group of the Greens/European Free Alliance
1934,6,2005-05-24,2007-07-19,Group of the Greens/European Free Alliance
1934,6,2007-07-20,2009-07-13,Group of the Greens/European Free Alliance
1934,7,2009-07-14,2014-06-30,Group of the Greens/European Free Alliance
4749,10,1999-07-20,2004-07-19,Group of the European People's Party (Christian Democrats) and European Democrats
4749,5,1999-07-20,2004-07-19,Group of the European People's Party (Christian Democrats) and European Democrats
96979,10,2009-07-14,2014-06-30,Group of the Progressive Alliance of Socialists and Democrats in the European Parliament
96979,7,2009-07-14,2014-06-30,Group of the Progressive Alliance of Socialists and Democrats in the European Parliament
1090,10,1989-07-25,1994-07-18,Group of the European People's Party (Christian-Democratic Group)
1090,3,1989-07-25,1994-07-18,Group of the European People's Party (Christian-Democratic Group)
2050,10,1994-07-19,1999-07-19,Group of the European People's Party (Christian-Democratic Group)
2050,4,1994-07-19,1999-07-19,Group of the European People's Party (Christian-Democratic Group)
716,10,1980-11-13,1984-07-23,Socialist Group
716,1,1980-11-13,1984-07-23,Socialist Group
197520,10,2019-07-02,2024-07-15,European Conservatives and Reformists Group
197520,9,2019-07-02,2024-07-15,European Conservatives and Reformists Group
2164,10,1994-07-19,1999-07-19,Group of the Party of European Socialists
2164,4,1994-07-19,1999-07-19,Group of the Party of European Socialists
1565,10,1987-09-14,1989-07-24,Socialist Group
1565,2,1987-09-14,1989-07-24,Socialist Group
96732,10,2009-07-14,2014-06-30,Group of the Greens/European Free Alliance
96732,7,2009-07-14,2014-06-30,Group of the Greens/European Free Alliance
237465,10,2024-07-16,,Group of the Progressive Alliance of Socialists and Democrats in the European Parliament
237465,9,2022-10-03,2024-07-15,Group of the Progressive Alliance of Socialists and Democrats in the European Parliament
1114,10,1994-07-19,1999-07-19,The Green Group in the European Parliament
1114,3,1989-07-25,1990-10-31,The Green Group in the European Parliament
1114,3,1990-11-01,1994-07-18,The Green Group in the European Parliament
1114,4,1994-07-19,1999-07-19,The Green Group in the European Parliament
197827,10,2019-07-02,2020-12-17,Group of the European United Left
197827,10,2020-12-18,2024-07-15,The Left group in the European Parliament
197827,9,2019-07-02,2020-12-17,Group of the European United Left
197827,9,2020-12-18,2024-07-15,The Left group in the European Parliament
96771,10,2019-07-02,2024-07-15,Group of the European People's Party (Christian Democrats)
96771,7,2009-07-14,2014-06-30,Group of the European People's Party (Christian Democrats)
96771,8,2014-07-01,2019-07-01,Group of the European People's Party (Christian Democrats)
96771,9,2019-07-02,2024-07-15,Group of the European People's Party (Christian Democrats)
28173,10,2004-07-20,2009-07-13,Group of the European People's Party (Christian Democrats) and European Democrats
28173,6,2004-07-20,2009-07-13,Group of the European People's Party (Christian Democrats) and European Democrats
2242,10,1994-07-19,1999-07-19,Group of the European Radical Alliance
2242,4,1994-07-19,1999-07-19,Group of the European Radical Alliance
254718,10,2024-03-26,2024-07-15,The Left group in the European Parliament
254718,9,2024-03-26,2024-07-15,The Left group in the European Parliament
124854,10,2014-07-01,2019-07-01,Group of the European People's Party (Christian Democrats)
124854,8,2014-07-01,2019-07-01,Group of the European People's Party (Christian Democrats)
659,10,1979-07-17,1984-07-23,Group of the European People's Party (Christian-Democratic Group)
659,1,1979-07-17,1984-07-23,Group of the European People's Party (Christian-Democratic Group)
96769,10,2009-07-14,2014-06-30,Confederal Group of the European United Left
96769,7,2009-07-14,2014-06-30,Confederal Group of the European United Left
197549,10,2024-07-16,,Group of the Greens/European Free Alliance
197549,9,2019-07-02,2024-07-15,Group of the Greens/European Free Alliance
1615,10,1984-07-24,1985-09-02,Rainbow Group
1615,2,1984-07-24,1985-09-02,Rainbow Group
197446,10,2019-07-02,2024-07-15,Group of the Progressive Alliance of Socialists and Democrats in the European Parliament
197446,9,2019-07-02,2024-07-15,Group of the Progressive Alliance of Socialists and Democrats in the European Parliament
1512,10,1984-07-24,1989-07-24,European Democratic Group
1512,1,1979-07-17,1984-07-23,European Democratic Group
1512,2,1984-07-24,1989-07-24,European Democratic Group
1235,10,1999-07-20,2004-07-19,Group of the Party of European Socialists
1235,1,1979-07-17,1984-07-23,Socialist Group
1235,2,1984-07-24,1989-07-24,Socialist Group
1235,3,1989-07-25,1993-04-20,Socialist Group
1235,3,1993-04-21,1994-07-18,Group of the Party of European Socialists
1235,4,1994-07-19,1997-02-03,Group of the Party of European Socialists
1235,4,1997-02-04,1999-07-19,Group of the Party of European Socialists
1235,5,1999-07-20,2004-07-19,Group of the Party of European Socialists
2147,10,1999-07-20,1999-10-11,Group of the European People's Party (Christian Democrats) and European Democrats
2147,10,1999-10-12,2002-03-07,Group of the European People's Party (Christian Democrats) and European Democrats
2147,10,2002-03-08,2004-07-19,Group of the European People's Party (Christian Democrats) and European Democrats
2147,4,1995-01-01,1995-10-08,Group of the European People's Party (Christian-Democratic Group)
2147,4,1995-10-09,1999-07-19,Group of the European People's Party (Christian-Democratic Group)
2147,5,1999-07-20,1999-10-11,Group of the European People's Party (Christian Democrats) and European Democrats
2147,5,1999-10-12,2002-03-07,Group of the European People's Party (Christian Democrats) and European Democrats
2147,5,2002-03-08,2004-07-19,Group of the European People's Party (Christian Democrats) and European Democrats
1457,10,1994-07-19,1995-01-23,Group of the Party of European Socialists
1457,2,1984-07-24,1987-04-05,Socialist Group
1457,2,1987-04-06,1987-10-25,Socialist Group
1457,2,1987-10-26,1989-07-24,Socialist Group
1457,3,1989-07-25,1993-04-20,Socialist Group
1457,3,1993-04-21,1994-07-18,Group of the Party of European Socialists
1457,4,1994-07-19,1995-01-23,Group of the Party of European Socialists
2146,10,1995-01-01,1995-10-08,"Group of the European Liberal, Democrat and Reform Party"
2146,4,1995-01-01,1995-10-08,"Group of the European Liberal, Democrat and Reform Party"
126644,10,2019-07-02,2022-09-12,Renew Europe Group
126644,10,2022-09-13,2024-07-15,Renew Europe Group
126644,9,2019-07-02,2022-09-12,Renew Europe Group
126644,9,2022-09-13,2024-07-15,Renew Europe Group
96973,10,2009-07-14,2014-06-30,Group of the European People's Party (Christian Democrats)
96973,7,2009-07-14,2014-06-30,Group of the European People's Party (Christian Democrats)
96881,10,2009-07-14,2012-01-03,Confederal Group of the European United Left
96881,7,2009-07-14,2012-01-03,Confederal Group of the European United Left
23792,10,2009-07-14,2009-07-15,European Conservatives and Reformists Group
23792,10,2009-07-16,2011-03-07,European Conservatives and Reformists Group
23792,10,2011-03-08,2011-03-08,European Conservatives and Reformists Group
23792,10,2011-03-09,2014-02-03,European Conservatives and Reformists Group
23792,10,2014-02-04,2014-06-30,European Conservatives and Reformists Group
23792,5,2003-04-23,2003-12-17,Group of the European People's Party (Christian Democrats) and European Democrats
23792,5,2003-12-18,2004-04-30,Union for Europe of the Nations Group
23792,5,2004-05-01,2004-07-19,Union for Europe of the Nations Group
23792,6,2004-07-20,2007-07-19,Union for Europe of the Nations Group
23792,6,2007-07-20,2007-08-06,Union for Europe of the Nations Group
23792,7,2009-07-14,2009-07-15,European Conservatives and Reformists Group
23792,7,2009-07-16,2011-03-07,European Conservatives and Reformists Group
23792,7,2011-03-08,2011-03-08,European Conservatives and Reformists Group
23792,7,2011-03-09,2014-02-03,European Conservatives and Reformists Group
23792,7,2014-02-04,2014-06-30,European Conservatives and Reformists Group
4425,10,2004-07-20,2009-07-13,Socialist Group in the European Parliament
4425,5,1999-07-20,2004-07-19,Group of the Party of European Socialists
4425,6,2004-07-20,2009-07-13,Socialist Group in the European Parliament
648,10,1979-07-17,1984-07-23,Group of the European People's Party (Christian-Democratic Group)
648,1,1979-07-17,1984-07-23,Group of the European People's Party (Christian-Democratic Group)
28298,10,2024-07-16,,Group of the Progressive Alliance of Socialists and Democrats in the European Parliament
28298,6,2004-07-20,2009-07-13,Socialist Group in the European Parliament
28298,7,2009-07-14,2014-06-30,Group of the Progressive Alliance of Socialists and Democrats in the European Parliament
28298,8,2014-07-01,2019-07-01,Group of the Progressive Alliance of Socialists and Democrats in the European Parliament
28298,9,2019-07-02,2024-07-15,Group of the Progressive Alliance of Socialists and Democrats in the European Parliament
28312,10,2004-07-20,2008-10-14,Socialist Group in the European Parliament
28312,6,2004-07-20,2008-10-14,Socialist Group in the European Parliament
34578,10,2019-07-02,2024-07-15,Group of the Progressive Alliance of Socialists and Democrats in the European Parliament
34578,9,2019-07-02,2024-07-15,Group of the Progressive Alliance of Socialists and Democrats in the European Parliament
197696,10,2019-07-02,2020-01-31,Group of the Greens/European Free Alliance
197696,9,2019-07-02,2020-01-31,Group of the Greens/European Free Alliance
1030,10,1989-07-25,1991-12-11,Liberal and Democratic Reformist Group
1030,10,1991-12-12,1993-06-09,Group of the European People's Party (Christian-Democratic Group)
1030,3,1989-07-25,1991-12-11,Liberal and Democratic Reformist Group
1030,3,1991-12-12,1993-06-09,Group of the European People's Party (Christian-Democratic Group)
34229,10,2005-09-26,2006-12-31,Socialist Group in the European Parliament
34229,10,2007-01-01,2007-06-05,Socialist Group in the European Parliament
34229,10,2007-06-06,2009-07-13,Socialist Group in the European Parliament
34229,6,2005-09-26,2006-12-31,Socialist Group in the European Parliament
34229,6,2007-01-01,2007-06-05,Socialist Group in the European Parliament
34229,6,2007-06-06,2009-07-13,Socialist Group in the European Parliament
2130,10,1999-07-20,2001-05-13,Group of the Party of European Socialists
2130,10,2001-05-14,2002-01-16,Group of the Party of European Socialists
2130,10,2002-01-17,2004-07-19,Group of the Party of European Socialists
2130,4,1994-07-19,1999-07-19,Group of the European Radical Alliance
2130,5,1999-07-20,2001-05-13,Group of the Party of European Socialists
2130,5,2001-05-14,2002-01-16,Group of the Party of European Socialists
2130,5,2002-01-17,2004-07-19,Group of the Party of European Socialists
1998,10,1999-07-20,2000-04-02,Group of the European People's Party (Christian Democrats) and European Democrats
1998,10,2000-04-03,2002-03-07,Group of the European People's Party (Christian Democrats) and European Democrats
1998,10,2002-03-08,2004-07-19,Group of the European People's Party (Christian Democrats) and European Democrats
1998,4,1994-07-19,1996-04-14,Group of the European People's Party (Christian-Democratic Group)
1998,4,1996-04-15,1997-02-02,Group of the European People's Party (Christian-Democratic Group)
1998,4,1997-02-03,1997-02-06,Group of the European People's Party (Christian-Democratic Group)
1998,4,1997-02-07,1999-07-19,Group of the European People's Party (Christian-Democratic Group)
1998,5,1999-07-20,2000-04-02,Group of the European People's Party (Christian Democrats) and European Democrats
1998,5,2000-04-03,2002-03-07,Group of the European People's Party (Christian Democrats) and European Democrats
1998,5,2002-03-08,2004-07-19,Group of the European People's Party (Christian Democrats) and European Democrats
1707,10,1984-07-24,1986-03-09,Socialist Group
1707,10,1986-03-10,1989-07-24,Socialist Group
1707,1,1979-07-17,1982-03-08,Socialist Group
1707,1,1982-03-09,1984-07-23,Socialist Group
1707,2,1984-07-24,1986-03-09,Socialist Group
1707,2,1986-03-10,1989-07-24,Socialist Group
23821,10,2019-07-02,2021-01-01,Group of the European People's Party (Christian Democrats)
23821,5,2003-04-18,2004-04-30,Group of the European People's Party (Christian Democrats) and European Democrats
23821,5,2004-05-01,2004-07-19,Group of the European People's Party (Christian Democrats) and European Democrats
23821,6,2004-07-20,2004-11-13,Group of the European People's Party (Christian Democrats) and European Democrats
23821,6,2004-11-14,2007-02-14,Group of the European People's Party (Christian Democrats) and European Democrats
23821,6,2007-02-15,2009-07-13,Group of the European People's Party (Christian Democrats) and European Democrats
23821,7,2009-07-14,2014-06-30,Group of the European People's Party (Christian Democrats)
23821,8,2014-07-01,2019-07-01,Group of the European People's Party (Christian Democrats)
23821,9,2019-07-02,2021-01-01,Group of the European People's Party (Christian Democrats)
23783,10,2003-04-23,2004-04-30,Group of the European People's Party (Christian Democrats) and European Democrats
23783,10,2004-05-01,2004-07-19,Group of the European People's Party (Christian Democrats) and European Democrats
23783,5,2003-04-23,2004-04-30,Group of the European People's Party (Christian Democrats) and European Democrats
23783,5,2004-05-01,2004-07-19,Group of the European People's Party (Christian Democrats) and European Democrats
1286,10,1989-07-25,1992-01-20,Group of the European People's Party (Christian-Democratic Group)
1286,10,1992-01-21,1994-07-18,Group of the European People's Party (Christian-Democratic Group)
1286,3,1989-07-25,1992-01-20,Group of the European People's Party (Christian-Democratic Group)
1286,3,1992-01-21,1994-07-18,Group of the European People's Party (Christian-Democratic Group)
1189,10,1989-07-25,1990-12-14,Socialist Group
1189,1,1979-07-17,1984-07-23,Socialist Group
1189,2,1984-07-24,1989-07-24,Socialist Group
1189,3,1989-07-25,1990-12-14,Socialist Group
197534,10,2024-07-16,,Group of the European People's Party (Christian Democrats)
197534,9,2019-07-02,2024-07-15,Group of the European People's Party (Christian Democrats)
95018,10,2008-12-22,2009-07-13,Group of the European People's Party (Christian Democrats) and European Democrats
95018,6,2008-12-22,2009-07-13,Group of the European People's Party (Christian Democrats) and European Democrats
1582,10,1984-07-24,1989-07-24,Communist and Allies Group
1582,2,1984-07-24,1989-07-24,Communist and Allies Group
1912,10,1994-07-19,1999-07-19,Group of the Party of European Socialists
1912,4,1994-07-19,1999-07-19,Group of the Party of European Socialists
124866,10,2024-07-16,,Renew Europe Group
124866,8,2014-07-01,2019-07-01,Group of the Alliance of Liberals and Democrats for Europe
124866,9,2019-07-02,2024-07-15,Renew Europe Group
4562,10,2011-06-06,2012-02-02,Group of the European People's Party (Christian Democrats)
4562,10,2012-02-03,2014-06-30,Group of the European People's Party (Christian Democrats)
4562,5,1999-07-20,1999-10-11,Group of the European People's Party (Christian Democrats) and European Democrats
4562,5,1999-10-12,2002-03-07,Group of the European People's Party (Christian Democrats) and European Democrats
4562,5,2002-03-08,2004-07-19,Group of the European People's Party (Christian Democrats) and European Democrats
4562,6,2004-07-20,2004-08-30,Group of the European People's Party (Christian Democrats) and European Democrats
4562,6,2004-08-31,2009-07-13,Group of the European People's Party (Christian Democrats) and European Democrats
4562,7,2011-06-06,2012-02-02,Group of the European People's Party (Christian Democrats)
4562,7,2012-02-03,2014-06-30,Group of the European People's Party (Christian Democrats)
886,10,1981-09-18,1983-04-14,Group of European Progressive Democrats
886,1,1981-09-18,1983-04-14,Group of European Progressive Democrats
1209,10,1994-07-19,1999-07-19,Non-attached
1209,2,1984-07-24,1989-07-24,Group of the European Right
1209,3,1989-07-25,1991-05-12,Technical Group of the European Right
1209,3,1991-05-13,1994-07-18,Technical Group of the European Right
1209,4,1994-07-19,1999-07-19,Non-attached
1798,10,1984-07-24,1989-07-24,Group of the European Democratic Alliance
1798,2,1984-07-24,1989-07-24,Group of the European Democratic Alliance
197404,10,2024-07-16,,Group of the European People's Party (Christian Democrats)
197404,9,2019-07-02,2024-07-15,Group of the European People's Party (Christian Democrats)
22197,10,2001-11-06,2004-07-19,"Group of the European Liberal, Democrat and Reform Party"
22197,5,2001-11-06,2004-07-19,"Group of the European Liberal, Democrat and Reform Party"
197601,10,2019-07-02,2020-01-31,Non-attached Members
197601,9,2019-07-02,2020-01-31,Non-attached Members
2282,10,1996-04-26,1996-11-10,Non-attached
2282,10,1996-11-11,1999-07-19,Non-attached
2282,4,1996-04-26,1996-11-10,Non-attached
2282,4,1996-11-11,1999-07-19,Non-attached
28120,10,2009-07-14,2013-04-05,Group of the European People's Party (Christian Democrats)
28120,6,2004-07-20,2004-08-30,Group of the European People's Party (Christian Democrats) and European Democrats
28120,6,2004-08-31,2009-07-13,Group of the European People's Party (Christian Democrats) and European Democrats
28120,7,2009-07-14,2013-04-05,Group of the European People's Party (Christian Democrats)
125092,10,2014-07-01,2019-07-01,Confederal Group of the European United Left
125092,8,2014-07-01,2019-07-01,Confederal Group of the European United Left
197786,10,2024-07-16,,Patriots for Europe Group
197786,9,2019-07-02,2024-07-15,Identity and Democracy Group
1897,10,1994-04-29,1994-07-18,Group of the European People's Party (Christian-Democratic Group)
1897,3,1994-04-29,1994-07-18,Group of the European People's Party (Christian-Democratic Group)
1211,10,1994-07-19,1999-07-19,Non-attached
1211,3,1989-07-25,1991-05-12,Technical Group of the European Right
1211,3,1991-05-13,1994-07-18,Technical Group of the European Right
1211,4,1994-07-19,1999-07-19,Non-attached
99419,10,2009-10-14,2014-05-12,Confederal Group of the European United Left
99419,7,2009-10-14,2014-05-12,Confederal Group of the European United Left
28300,10,2013-12-17,2014-06-30,Group of the European People's Party (Christian Democrats)
28300,6,2004-07-20,2009-07-13,Group of the European People's Party (Christian Democrats) and European Democrats
28300,7,2013-12-17,2014-06-30,Group of the European People's Party (Christian Democrats)
2260,10,1999-07-20,2000-04-15,Group of the European People's Party (Christian Democrats) and European Democrats
2260,4,1995-10-09,1995-10-11,Group of the European People's Party (Christian-Democratic Group)
2260,4,1995-10-12,1996-11-12,Group of the European People's Party (Christian-Democratic Group)
2260,4,1996-11-13,1999-07-19,Group of the European People's Party (Christian-Democratic Group)
2260,5,1999-07-20,2000-04-15,Group of the European People's Party (Christian Democrats) and European Democrats
1774,10,1984-07-24,1986-03-09,Group of the European Democratic Alliance
1774,10,1986-03-10,1987-04-05,Group of the European Democratic Alliance
1774,10,1987-04-06,1987-09-01,Group of the European Democratic Alliance
1774,1,1979-07-17,1980-10-16,Group of European Progressive Democrats
1774,2,1984-07-24,1986-03-09,Group of the European Democratic Alliance
1774,2,1986-03-10,1987-04-05,Group of the European Democratic Alliance
1774,2,1987-04-06,1987-09-01,Group of the European Democratic Alliance
1025,10,1989-07-25,1993-04-16,Liberal and Democratic Reformist Group
1025,3,1989-07-25,1993-04-16,Liberal and Democratic Reformist Group
1058,10,1989-07-25,1994-07-18,Group of the European People's Party (Christian-Democratic Group)
1058,3,1989-07-25,1994-07-18,Group of the European People's Party (Christian-Democratic Group)
21815,10,2001-06-14,2001-07-18,Union for Europe of the Nations Group
21815,5,2001-06-14,2001-07-18,Union for Europe of the Nations Group
197870,10,2024-07-16,,Group of the Greens/European Free Alliance
197870,9,2019-07-02,2024-07-15,Group of the Greens/European Free Alliance
198329,10,2019-07-02,2024-07-15,Group of the Progressive Alliance of Socialists and Democrats in the European Parliament
198329,9,2019-07-02,2024-07-15,Group of the Progressive Alliance of Socialists and Democrats in the European Parliament
125032,10,2014-07-01,2019-07-01,Group of the European People's Party (Christian Democrats)
125032,8,2014-07-01,2019-07-01,Group of the European People's Party (Christian Democrats)
1321,10,1999-07-20,2004-07-19,Group of the Party of European Socialists
1321,3,1989-07-25,1993-04-20,Socialist Group
1321,3,1993-04-21,1994-07-18,Group of the Party of European Socialists
1321,4,1994-07-19,1999-07-19,Group of the Party of European Socialists
1321,5,1999-07-20,2004-07-19,Group of the Party of European Socialists
2156,10,1999-07-20,2003-09-30,Group of the European People's Party (Christian Democrats) and European Democrats
2156,4,1994-07-19,1996-11-05,"Group of the European Liberal, Democrat and Reform Party"
2156,4,1996-11-06,1998-07-15,Group of the European People's Party (Christian-Democratic Group)
2156,4,1998-07-16,1999-07-19,Group of the European People's Party (Christian-Democratic Group)
2156,5,1999-07-20,2003-09-30,Group of the European People's Party (Christian Democrats) and European Democrats
1600,10,1984-07-24,1985-12-12,Liberal and Democratic Group
1600,10,1985-12-13,1989-01-05,Liberal and Democratic Reformist Group
1600,1,1979-07-17,1984-07-23,Liberal and Democratic Group
1600,2,1984-07-24,1985-12-12,Liberal and Democratic Group
1600,2,1985-12-13,1989-01-05,Liberal and Democratic Reformist Group
28310,10,2009-07-14,2014-06-30,Group of the Progressive Alliance of Socialists and Democrats in the European Parliament
28310,6,2004-07-20,2009-07-13,Socialist Group in the European Parliament
28310,7,2009-07-14,2014-06-30,Group of the Progressive Alliance of Socialists and Democrats in the European Parliament
197700,10,2019-07-02,2020-01-31,Renew Europe Group
197700,9,2019-07-02,2020-01-31,Renew Europe Group
782,10,1979-07-17,1984-07-23,Group of the European People's Party (Christian-Democratic Group)
782,1,1979-07-17,1984-07-23,Group of the European People's Party (Christian-Democratic Group)
4389,10,1999-07-20,2004-07-19,Group of the European People's Party (Christian Democrats) and European Democrats
4389,5,1999-07-20,2004-07-19,Group of the European People's Party (Christian Democrats) and European Democrats
96835,10,2014-07-01,2019-07-01,Group of the European People's Party (Christian Democrats)
96835,7,2009-07-14,2014-06-30,Group of the European People's Party (Christian Democrats)
96835,8,2014-07-01,2019-07-01,Group of the European People's Party (Christian Democrats)
1423,10,1989-07-25,1993-04-20,Socialist Group
1423,10,1993-04-21,1994-07-18,Group of the Party of European Socialists
1423,2,1987-03-05,1989-07-24,Socialist Group
1423,3,1989-07-25,1993-04-20,Socialist Group
1423,3,1993-04-21,1994-07-18,Group of the Party of European Socialists
41007,10,2009-07-14,2014-06-30,Group of the European People's Party (Christian Democrats)
41007,6,2008-05-16,2009-07-13,Group of the European People's Party (Christian Democrats) and European Democrats
41007,7,2009-07-14,2014-06-30,Group of the European People's Party (Christian Democrats)
96716,10,2009-07-14,2014-06-30,Group of the Progressive Alliance of Socialists and Democrats in the European Parliament
96716,7,2009-07-14,2014-06-30,Group of the Progressive Alliance of Socialists and Democrats in the European Parliament
1141,10,1994-07-19,1996-11-05,"Group of the European Liberal, Democrat and Reform Party"
1141,10,1996-11-06,1999-07-19,Group of the European People's Party (Christian-Democratic Group)
1141,3,1989-07-25,1992-01-26,Liberal and Democratic Reformist Group
1141,3,1992-01-27,1994-07-18,Liberal and Democratic Reformist Group
1141,4,1994-07-19,1996-11-05,"Group of the European Liberal, Democrat and Reform Party"
1141,4,1996-11-06,1999-07-19,Group of the European People's Party (Christian-Democratic Group)
28980,10,2004-07-20,2009-07-13,Socialist Group in the European Parliament
28980,6,2004-07-20,2009-07-13,Socialist Group in the European Parliament
2307,10,2011-03-31,2014-06-30,Group of the European People's Party (Christian Democrats)
2307,4,1996-11-11,1999-07-19,Group of the European People's Party (Christian-Democratic Group)
2307,5,1999-07-20,2004-07-19,Group of the European People's Party (Christian Democrats) and European Democrats
2307,6,2006-02-01,2009-07-13,Group of the European People's Party (Christian Democrats) and European Democrats
2307,7,2011-03-31,2014-06-30,Group of the European People's Party (Christian Democrats)
1160,10,1994-07-19,1999-07-19,Group of the European People's Party (Christian-Democratic Group)
1160,3,1989-07-25,1994-07-18,Liberal and Democratic Reformist Group
1160,4,1994-07-19,1999-07-19,Group of the European People's Party (Christian-Democratic Group)
2015,10,1994-07-19,1995-07-04,Group of the European Democratic Alliance
2015,10,1995-07-05,1999-07-19,Group Union for Europe
2015,4,1994-07-19,1995-07-04,Group of the European Democratic Alliance
2015,4,1995-07-05,1999-07-19,Group Union for Europe
1546,10,1986-01-01,1987-09-13,Group of the European Democratic Alliance
1546,2,1986-01-01,1987-09-13,Group of the European Democratic Alliance
2304,10,2004-07-20,2009-07-13,Confederal Group of the European United Left
2304,4,1996-11-11,1997-02-13,Confederal Group of the European United Left/Nordic Green Left
2304,4,1997-02-14,1999-07-19,Confederal Group of the European United Left/Nordic Green Left
2304,5,1999-07-20,1999-10-12,Confederal Group of the European United Left/Nordic Green Left
2304,5,1999-10-13,2004-07-19,Confederal Group of the European United Left/Nordic Green Left
2304,6,2004-07-20,2009-07-13,Confederal Group of the European United Left
124947,10,2014-07-01,2019-07-01,Group of the Progressive Alliance of Socialists and Democrats in the European Parliament
124947,8,2014-07-01,2019-07-01,Group of the Progressive Alliance of Socialists and Democrats in the European Parliament
1164,10,2014-07-01,2019-07-01,Non-attached Members
1164,3,1989-07-25,1994-07-18,Technical Group of the European Right
1164,4,1994-07-19,1999-07-19,Non-attached
1164,5,1999-07-20,2001-10-02,Technical Group of Independent Members
1164,5,2001-10-03,2004-07-19,Non-attached
1164,6,2004-07-20,2007-01-14,Non-attached Members
1164,6,2007-01-15,2007-11-13,"Identity, Tradition and Sovereignty Group"
1164,6,2007-11-14,2009-07-13,Non-attached Members
1164,7,2009-07-14,2014-06-30,Non-attached Members
1164,8,2014-07-01,2019-07-01,Non-attached Members
1070,10,1989-07-25,1994-07-18,Liberal and Democratic Reformist Group
1070,3,1989-07-25,1994-07-18,Liberal and Democratic Reformist Group
23768,10,2019-07-02,2024-07-15,Group of the Progressive Alliance of Socialists and Democrats in the European Parliament
23768,5,2003-04-23,2004-04-30,Group of the Party of European Socialists
23768,5,2004-05-01,2004-07-19,Group of the Party of European Socialists
23768,6,2004-07-20,2009-07-13,Socialist Group in the European Parliament
23768,7,2009-07-14,2014-06-30,Group of the Progressive Alliance of Socialists and Democrats in the European Parliament
23768,8,2014-07-01,2019-07-01,Group of the Progressive Alliance of Socialists and Democrats in the European Parliament
23768,9,2019-07-02,2024-07-15,Group of the Progressive Alliance of Socialists and Democrats in the European Parliament
1404,10,1994-07-19,1999-07-19,Group of the Party of European Socialists
1404,2,1984-07-24,1989-07-24,Socialist Group
1404,3,1989-07-25,1993-04-20,Socialist Group
1404,3,1993-04-21,1994-07-18,Group of the Party of European Socialists
1404,4,1994-07-19,1999-07-19,Group of the Party of European Socialists
1593,10,1987-07-06,1989-07-24,Liberal and Democratic Reformist Group
1593,2,1987-07-06,1989-07-24,Liberal and Democratic Reformist Group
1827,10,1987-02-13,1989-07-24,Socialist Group
1827,2,1987-02-13,1989-07-24,Socialist Group
2006,10,1999-07-20,2004-07-19,Group of the Party of European Socialists
2006,4,1994-07-19,1999-07-19,Group of the Party of European Socialists
2006,5,1999-07-20,2004-07-19,Group of the Party of European Socialists
1721,10,1984-07-24,1989-07-24,European Democratic Group
1721,1,1979-07-17,1984-07-23,European Democratic Group
1721,2,1984-07-24,1989-07-24,European Democratic Group
197809,10,2019-07-02,2020-01-09,Non-attached Members
197809,10,2020-01-10,2020-01-31,European Conservatives and Reformists Group
197809,9,2019-07-02,2020-01-09,Non-attached Members
197809,9,2020-01-10,2020-01-31,European Conservatives and Reformists Group
197452,10,2019-07-02,2024-07-15,Renew Europe Group
197452,9,2019-07-02,2024-07-15,Renew Europe Group
1157,10,1994-07-19,1994-11-30,Confederal Group of the European United Left
1157,10,1994-12-01,1995-01-05,Confederal Group of the European United Left
1157,10,1995-01-06,1997-01-21,Confederal Group of the European United Left/Nordic Green Left
1157,10,1997-01-22,1997-04-30,Confederal Group of the European United Left/Nordic Green Left
1157,1,1979-07-17,1982-03-08,Communist and Allies Group
1157,1,1982-03-09,1984-07-23,Communist and Allies Group
1157,2,1984-07-24,1988-02-16,Communist and Allies Group
1157,2,1988-02-17,1989-07-24,Communist and Allies Group
1157,3,1989-07-25,1991-06-09,Left Unity
1157,3,1991-06-10,1992-01-15,Left Unity
1157,3,1992-01-16,1993-02-10,Left Unity
1157,3,1993-02-11,1994-07-18,Left Unity
1157,4,1994-07-19,1994-11-30,Confederal Group of the European United Left
1157,4,1994-12-01,1995-01-05,Confederal Group of the European United Left
1157,4,1995-01-06,1997-01-21,Confederal Group of the European United Left/Nordic Green Left
1157,4,1997-01-22,1997-04-30,Confederal Group of the European United Left/Nordic Green Left
96766,10,2009-07-14,2011-03-23,Group of the European People's Party (Christian Democrats)
96766,7,2009-07-14,2011-03-23,Group of the European People's Party (Christian Democrats)
1082,10,1989-07-25,1994-07-18,Liberal and Democratic Reformist Group
1082,1,1979-07-17,1983-08-04,Liberal and Democratic Group
1082,3,1989-07-25,1994-07-18,Liberal and Democratic Reformist Group
34231,10,2009-07-14,2014-06-30,Group of the Progressive Alliance of Socialists and Democrats in the European Parliament
34231,6,2005-09-26,2006-12-31,Socialist Group in the European Parliament
34231,6,2007-01-01,2007-06-05,Socialist Group in the European Parliament
34231,6,2007-06-06,2009-07-13,Socialist Group in the European Parliament
34231,7,2009-07-14,2014-06-30,Group of the Progressive Alliance of Socialists and Democrats in the European Parliament
1265,10,1994-07-19,1999-07-19,Group of the European People's Party (Christian-Democratic Group)
1265,1,1979-07-17,1984-07-23,Group of the European People's Party (Christian-Democratic Group)
1265,2,1984-07-24,1989-07-24,Group of the European People's Party (Christian-Democratic Group)
1265,3,1989-07-25,1994-07-18,Group of the European People's Party (Christian-Democratic Group)
1265,4,1994-07-19,1999-07-19,Group of the European People's Party (Christian-Democratic Group)
1485,10,1988-04-28,1989-07-24,Socialist Group
1485,2,1988-04-28,1989-07-24,Socialist Group
1980,10,2004-07-20,2009-07-13,Socialist Group in the European Parliament
1980,4,1994-07-19,1999-07-19,Group of the Party of European Socialists
1980,5,2001-03-28,2001-04-04,Group of the Party of European Socialists
1980,6,2004-07-20,2009-07-13,Socialist Group in the European Parliament
769,10,1979-07-23,1984-07-23,Group of the European People's Party (Christian-Democratic Group)
769,1,1979-07-23,1984-07-23,Group of the European People's Party (Christian-Democratic Group)
2288,10,1996-11-11,1999-07-19,"Group of the European Liberal, Democrat and Reform Party"
2288,4,1996-11-11,1999-07-19,"Group of the European Liberal, Democrat and Reform Party"
2248,10,1994-07-19,1995-07-04,Forza Europa Group
2248,10,1995-07-05,1996-10-23,Group Union for Europe
2248,10,1996-10-24,1996-12-09,Group Union for Europe
2248,10,1996-12-10,1998-06-14,Group Union for Europe
2248,10,1998-06-15,1999-07-19,Group of the European People's Party (Christian-Democratic Group)
2248,4,1994-07-19,1995-07-04,Forza Europa Group
2248,4,1995-07-05,1996-10-23,Group Union for Europe
2248,4,1996-10-24,1996-12-09,Group Union for Europe
2248,4,1996-12-10,1998-06-14,Group Union for Europe
2248,4,1998-06-15,1999-07-19,Group of the European People's Party (Christian-Democratic Group)
197432,10,2024-07-16,,Renew Europe Group
197432,9,2019-07-02,2024-07-15,Renew Europe Group
34000,10,2005-09-26,2006-12-31,Non-attached Members
34000,10,2007-01-01,2007-01-14,Non-attached Members
34000,10,2007-01-15,2007-11-11,"Identity, Tradition and Sovereignty Group"
34000,10,2007-11-12,2007-12-09,Non-attached Members
34000,6,2005-09-26,2006-12-31,Non-attached Members
34000,6,2007-01-01,2007-01-14,Non-attached Members
34000,6,2007-01-15,2007-11-11,"Identity, Tradition and Sovereignty Group"
34000,6,2007-11-12,2007-12-09,Non-attached Members
1648,10,1986-01-01,1987-07-05,Socialist Group
1648,10,1987-07-06,1989-07-24,Socialist Group
1648,2,1986-01-01,1987-07-05,Socialist Group
1648,2,1987-07-06,1989-07-24,Socialist Group
197392,10,2024-07-16,,Group of the Progressive Alliance of Socialists and Democrats in the European Parliament
197392,9,2019-07-02,2024-07-15,Group of the Progressive Alliance of Socialists and Democrats in the European Parliament
1135,10,1994-07-19,1999-07-19,Group of the Party of European Socialists
1135,2,1984-07-24,1989-07-24,Communist and Allies Group
1135,3,1989-07-25,1993-01-11,Group for the European United Left
1135,3,1993-01-12,1993-02-14,Socialist Group
1135,3,1993-02-15,1993-04-20,Socialist Group
1135,3,1993-04-21,1994-07-18,Group of the Party of European Socialists
1135,4,1994-07-19,1999-07-19,Group of the Party of European Socialists
883,10,1979-07-17,1982-03-30,Socialist Group
883,1,1979-07-17,1982-03-30,Socialist Group
124870,8,2014-07-01,2016-12-13,Group of the Progressive Alliance of Socialists and Democrats in the European Parliament
124870,8,2016-12-14,2018-04-16,Group of the Progressive Alliance of Socialists and Democrats in the European Parliament
124870,8,2018-04-17,2019-06-26,Group of the Progressive Alliance of Socialists and Democrats in the European Parliament
124700,10,2024-07-16,,Renew Europe Group
124700,8,2014-07-01,2019-07-01,Group of the Alliance of Liberals and Democrats for Europe
124700,9,2019-07-02,2024-07-15,Renew Europe Group
1061,10,2004-07-20,2009-07-13,Socialist Group in the European Parliament
1061,3,1989-07-25,1993-04-20,Socialist Group
1061,3,1993-04-21,1994-07-18,Group of the Party of European Socialists
1061,4,1994-07-19,1999-07-19,Group of the Party of European Socialists
1061,5,1999-07-20,2004-07-19,Group of the Party of European Socialists
1061,6,2004-07-20,2009-07-13,Socialist Group in the European Parliament
197836,10,2019-07-02,2024-07-15,Group of the European People's Party (Christian Democrats)
197836,9,2019-07-02,2024-07-15,Group of the European People's Party (Christian Democrats)
96663,10,2014-07-01,2014-10-22,European Conservatives and Reformists Group
96663,10,2014-10-23,2016-12-12,European Conservatives and Reformists Group
96663,10,2016-12-13,2017-01-15,European Conservatives and Reformists Group
96663,10,2017-01-16,2017-02-08,European Conservatives and Reformists Group
96663,10,2017-02-09,2019-07-01,European Conservatives and Reformists Group
96663,7,2009-07-14,2010-02-15,Europe of freedom and democracy Group
96663,7,2010-02-16,2012-01-26,Europe of freedom and democracy Group
96663,7,2012-01-27,2014-06-30,Europe of freedom and democracy Group
96663,8,2014-07-01,2014-10-22,European Conservatives and Reformists Group
96663,8,2014-10-23,2016-12-12,European Conservatives and Reformists Group
96663,8,2016-12-13,2017-01-15,European Conservatives and Reformists Group
96663,8,2017-01-16,2017-02-08,European Conservatives and Reformists Group
96663,8,2017-02-09,2019-07-01,European Conservatives and Reformists Group
23802,10,2003-04-23,2004-04-30,Non-attached
23802,10,2004-05-01,2004-07-19,Non-attached
23802,5,2003-04-23,2004-04-30,Non-attached
23802,5,2004-05-01,2004-07-19,Non-attached
1390,10,1989-07-25,1992-04-30,European Democratic Group
1390,10,1992-05-01,1994-07-18,Group of the European People's Party (Christian-Democratic Group)
1390,1,1979-07-17,1984-07-23,European Democratic Group
1390,2,1984-07-24,1989-07-24,European Democratic Group
1390,3,1989-07-25,1992-04-30,European Democratic Group
1390,3,1992-05-01,1994-07-18,Group of the European People's Party (Christian-Democratic Group)
1132,10,1989-07-25,1994-07-18,The Green Group in the European Parliament
1132,3,1989-07-25,1994-07-18,The Green Group in the European Parliament
1706,10,1984-07-24,1987-04-05,Socialist Group
1706,10,1987-04-06,1989-07-24,Socialist Group
1706,1,1979-07-17,1982-03-08,Socialist Group
1706,1,1982-03-09,1984-07-23,Socialist Group
1706,2,1984-07-24,1987-04-05,Socialist Group
1706,2,1987-04-06,1989-07-24,Socialist Group
1766,10,1986-03-20,1987-04-03,Liberal and Democratic Reformist Group
1766,2,1986-03-20,1987-04-03,Liberal and Democratic Reformist Group
1825,10,1994-07-19,1994-07-27,Group of the European People's Party (Christian-Democratic Group)
1825,10,1994-07-28,1999-07-19,Group of the European People's Party (Christian-Democratic Group)
1825,2,1984-07-24,1989-07-24,Group of the European People's Party (Christian-Democratic Group)
1825,4,1994-07-19,1994-07-27,Group of the European People's Party (Christian-Democratic Group)
1825,4,1994-07-28,1999-07-19,Group of the European People's Party (Christian-Democratic Group)
96936,10,2024-07-16,,Group of the European People's Party (Christian Democrats)
96936,7,2009-07-14,2012-02-02,Group of the European People's Party (Christian Democrats)
96936,7,2012-02-03,2014-06-30,Group of the European People's Party (Christian Democrats)
96936,8,2014-07-01,2019-07-01,Group of the European People's Party (Christian Democrats)
96936,9,2020-02-01,2024-07-15,Group of the European People's Party (Christian Democrats)
1957,10,1999-07-20,1999-10-12,Confederal Group of the European United Left/Nordic Green Left
1957,10,1999-10-13,2004-07-19,Confederal Group of the European United Left/Nordic Green Left
1957,4,1994-07-19,1995-01-05,Confederal Group of the European United Left
1957,4,1995-01-06,1997-02-13,Confederal Group of the European United Left/Nordic Green Left
1957,4,1997-02-14,1999-07-19,Confederal Group of the European United Left/Nordic Green Left
1957,5,1999-07-20,1999-10-12,Confederal Group of the European United Left/Nordic Green Left
1957,5,1999-10-13,2004-07-19,Confederal Group of the European United Left/Nordic Green Left
1144,10,1989-07-25,1992-12-16,Socialist Group
1144,10,1992-12-17,1994-07-18,Non-attached
1144,2,1984-07-24,1986-10-05,Socialist Group
1144,2,1986-10-06,1987-04-05,Socialist Group
1144,2,1987-04-06,1987-10-25,Socialist Group
1144,2,1987-10-26,1989-07-24,Socialist Group
1144,3,1989-07-25,1992-12-16,Socialist Group
1144,3,1992-12-17,1994-07-18,Non-attached
4407,10,1999-07-20,2001-06-10,Group of the European People's Party (Christian Democrats) and European Democrats
4407,5,1999-07-20,2001-06-10,Group of the European People's Party (Christian Democrats) and European Democrats
197458,10,2019-07-02,2024-07-15,Group of the European People's Party (Christian Democrats)
197458,9,2019-07-02,2024-07-15,Group of the European People's Party (Christian Democrats)
1948,10,1994-07-19,1997-02-03,Group of the Party of European Socialists
1948,10,1997-02-04,1999-07-19,Group of the Party of European Socialists
1948,4,1994-07-19,1997-02-03,Group of the Party of European Socialists
1948,4,1997-02-04,1999-07-19,Group of the Party of European Socialists
96875,10,2009-07-14,2014-06-30,Group of the Alliance of Liberals and Democrats for Europe
96875,7,2009-07-14,2014-06-30,Group of the Alliance of Liberals and Democrats for Europe
1220,10,1989-07-25,1989-09-11,Non-attached
1220,10,1989-09-12,1994-07-18,Group of the European Democratic Alliance
1220,3,1989-07-25,1989-09-11,Non-attached
1220,3,1989-09-12,1994-07-18,Group of the European Democratic Alliance
96957,10,2014-07-01,2016-12-12,European Conservatives and Reformists Group
96957,10,2016-12-13,2017-01-15,European Conservatives and Reformists Group
96957,10,2017-01-16,2017-07-04,European Conservatives and Reformists Group
96957,10,2017-07-05,2018-02-28,European Conservatives and Reformists Group
96957,10,2018-03-01,2019-07-01,European Conservatives and Reformists Group
96957,7,2009-07-14,2011-03-08,European Conservatives and Reformists Group
96957,7,2011-03-09,2014-06-30,European Conservatives and Reformists Group
96957,8,2014-07-01,2016-12-12,European Conservatives and Reformists Group
96957,8,2016-12-13,2017-01-15,European Conservatives and Reformists Group
96957,8,2017-01-16,2017-07-04,European Conservatives and Reformists Group
96957,8,2017-07-05,2018-02-28,European Conservatives and Reformists Group
96957,8,2018-03-01,2019-07-01,European Conservatives and Reformists Group
197586,10,2019-07-02,2023-10-02,Identity and Democracy Group
197586,10,2023-10-03,2023-10-18,Non-attached Members
197586,10,2023-10-19,2024-07-15,Group of the European People's Party (Christian Democrats)
197586,9,2019-07-02,2023-10-02,Identity and Democracy Group
197586,9,2023-10-03,2023-10-18,Non-attached Members
197586,9,2023-10-19,2024-07-15,Group of the European People's Party (Christian Democrats)
4552,10,2004-07-20,2009-07-13,Group of the European People's Party (Christian Democrats) and European Democrats
4552,5,1999-07-20,2004-07-19,Group of the European People's Party (Christian Democrats) and European Democrats
4552,6,2004-07-20,2009-07-13,Group of the European People's Party (Christian Democrats) and European Democrats
1446,10,1989-07-25,1993-04-20,Socialist Group
1446,10,1993-04-21,1994-07-18,Group of the Party of European Socialists
1446,1,1979-07-17,1984-07-23,Socialist Group
1446,2,1984-07-24,1989-07-24,Socialist Group
1446,3,1989-07-25,1993-04-20,Socialist Group
1446,3,1993-04-21,1994-07-18,Group of the Party of European Socialists
33611,10,2005-05-25,2009-07-13,Non-attached Members
33611,6,2005-05-25,2009-07-13,Non-attached Members
741,10,1979-09-28,1982-02-16,Group for the Technical Coordination and Defence of Independent Groups and Members
741,10,1982-02-17,1984-07-23,Socialist Group
741,1,1979-09-28,1982-02-16,Group for the Technical Coordination and Defence of Independent Groups and Members
741,1,1982-02-17,1984-07-23,Socialist Group
28147,10,2004-07-20,2006-07-15,Group of the European People's Party (Christian Democrats) and European Democrats
28147,6,2004-07-20,2006-07-15,Group of the European People's Party (Christian Democrats) and European Democrats
39316,10,2007-10-01,2009-07-13,Group of the European People's Party (Christian Democrats) and European Democrats
39316,6,2007-10-01,2009-07-13,Group of the European People's Party (Christian Democrats) and European Democrats
1102,10,1998-11-11,1999-07-19,Group of the European People's Party (Christian-Democratic Group)
1102,3,1989-07-25,1994-07-18,Group of the European People's Party (Christian-Democratic Group)
1102,4,1998-11-11,1999-07-19,Group of the European People's Party (Christian-Democratic Group)
2089,10,1995-01-01,1995-02-28,"Group of the European Liberal, Democrat and Reform Party"
2089,10,1995-03-01,1996-11-10,"Group of the European Liberal, Democrat and Reform Party"
2089,4,1995-01-01,1995-02-28,"Group of the European Liberal, Democrat and Reform Party"
2089,4,1995-03-01,1996-11-10,"Group of the European Liberal, Democrat and Reform Party"
889,10,1979-07-17,1981-12-16,Group of the European People's Party (Christian-Democratic Group)
889,1,1979-07-17,1981-12-16,Group of the European People's Party (Christian-Democratic Group)
1776,10,1984-07-24,1989-07-24,Group of the European People's Party (Christian-Democratic Group)
1776,1,1979-07-17,1984-07-23,Group of the European People's Party (Christian-Democratic Group)
1776,2,1984-07-24,1989-07-24,Group of the European People's Party (Christian-Democratic Group)
1532,10,1984-07-24,1985-01-16,Communist and Allies Group
1532,2,1984-07-24,1985-01-16,Communist and Allies Group
2110,10,2004-07-20,2007-07-22,Group of the European People's Party (Christian Democrats) and European Democrats
2110,10,2007-07-23,2009-07-13,Group of the European People's Party (Christian Democrats) and European Democrats
2110,4,1995-01-01,1995-10-08,Group of the European People's Party (Christian-Democratic Group)
2110,4,1995-10-09,1999-07-19,Group of the European People's Party (Christian-Democratic Group)
2110,5,1999-07-20,2002-03-07,Group of the European People's Party (Christian Democrats) and European Democrats
2110,5,2002-03-08,2004-07-19,Group of the European People's Party (Christian Democrats) and European Democrats
2110,6,2004-07-20,2007-07-22,Group of the European People's Party (Christian Democrats) and European Democrats
2110,6,2007-07-23,2009-07-13,Group of the European People's Party (Christian Democrats) and European Democrats
1461,10,1999-07-20,2004-04-14,Confederal Group of the European United Left/Nordic Green Left
1461,1,1981-11-02,1984-07-23,Communist and Allies Group
1461,2,1984-07-24,1989-07-24,Communist and Allies Group
1461,3,1989-07-25,1991-06-09,Left Unity
1461,3,1991-06-10,1992-01-15,Left Unity
1461,3,1992-01-16,1994-07-18,Left Unity
1461,4,1994-07-19,1995-01-05,Confederal Group of the European United Left
1461,4,1995-01-06,1999-07-19,Confederal Group of the European United Left/Nordic Green Left
1461,5,1999-07-20,2004-04-14,Confederal Group of the European United Left/Nordic Green Left
28265,10,2004-07-20,2009-07-13,Group of the Greens/European Free Alliance
28265,6,2004-07-20,2009-07-13,Group of the Greens/European Free Alliance
26676,10,2004-03-02,2004-04-30,Group of the Party of European Socialists
26676,10,2004-05-01,2004-07-19,Group of the Party of European Socialists
26676,5,2004-03-02,2004-04-30,Group of the Party of European Socialists
26676,5,2004-05-01,2004-07-19,Group of the Party of European Socialists
1646,10,1984-07-24,1989-07-24,Group of the European People's Party (Christian-Democratic Group)
1646,1,1979-07-17,1984-07-23,Group of the European People's Party (Christian-Democratic Group)
1646,2,1984-07-24,1989-07-24,Group of the European People's Party (Christian-Democratic Group)
1514,10,1984-07-24,1989-07-24,Socialist Group
1514,1,1979-07-17,1984-07-23,Socialist Group
1514,2,1984-07-24,1989-07-24,Socialist Group
197704,10,2019-07-02,2020-01-31,Non-attached Members
197704,9,2019-07-02,2020-01-31,Non-attached Members
97228,10,2009-07-14,2010-11-17,Group of the Alliance of Liberals and Democrats for Europe
97228,10,2010-11-18,2014-06-30,Group of the Progressive Alliance of Socialists and Democrats in the European Parliament
97228,7,2009-07-14,2010-11-17,Group of the Alliance of Liberals and Democrats for Europe
97228,7,2010-11-18,2014-06-30,Group of the Progressive Alliance of Socialists and Democrats in the European Parliament
197646,10,2024-07-16,,Group of the European People's Party (Christian Democrats)
197646,9,2019-07-02,2024-07-15,Group of the European People's Party (Christian Democrats)
873,10,1981-09-11,1984-07-23,Socialist Group
873,1,1981-09-11,1984-07-23,Socialist Group
1402,10,1994-07-19,1999-07-19,Group of the Party of European Socialists
1402,2,1984-07-24,1989-07-24,Socialist Group
1402,3,1989-07-25,1993-04-20,Socialist Group
1402,3,1993-04-21,1994-07-18,Group of the Party of European Socialists
1402,4,1994-07-19,1999-07-19,Group of the Party of European Socialists
96711,10,2024-07-16,,Renew Europe Group
96711,7,2009-07-14,2012-05-15,Group of the Greens/European Free Alliance
96711,7,2014-05-03,2014-06-30,Group of the Greens/European Free Alliance
96711,9,2019-07-02,2024-07-15,Renew Europe Group
28255,10,2009-07-14,2014-06-30,Non-attached Members
28255,6,2004-07-20,2007-01-14,Non-attached Members
28255,6,2007-01-15,2007-11-13,"Identity, Tradition and Sovereignty Group"
28255,6,2007-11-14,2009-07-13,Non-attached Members
28255,7,2009-07-14,2014-06-30,Non-attached Members
1330,10,1994-07-19,1999-07-19,Group of the European People's Party (Christian-Democratic Group)
1330,2,1986-01-01,1987-07-05,European Democratic Group
1330,2,1987-07-06,1989-07-24,European Democratic Group
1330,3,1989-07-25,1990-11-18,Group of the European People's Party (Christian-Democratic Group)
1330,3,1990-11-19,1994-07-18,Group of the European People's Party (Christian-Democratic Group)
1330,4,1994-07-19,1999-07-19,Group of the European People's Party (Christian-Democratic Group)
28390,10,2024-07-16,,Group of the European People's Party (Christian Democrats)
28390,6,2004-07-20,2009-07-13,Group of the European People's Party (Christian Democrats) and European Democrats
28390,7,2009-07-14,2009-07-23,Group of the European People's Party (Christian Democrats)
28390,7,2009-07-24,2014-06-30,Group of the European People's Party (Christian Democrats)
28390,8,2014-07-01,2019-07-01,Group of the European People's Party (Christian Democrats)
28390,9,2019-07-02,2024-07-15,Group of the European People's Party (Christian Democrats)
112071,10,2012-02-15,2014-06-30,Group of the Progressive Alliance of Socialists and Democrats in the European Parliament
112071,7,2012-02-15,2014-06-30,Group of the Progressive Alliance of Socialists and Democrats in the European Parliament
820,10,1979-07-17,1981-08-31,Socialist Group
820,1,1979-07-17,1981-08-31,Socialist Group
1495,10,1984-07-24,1989-07-24,Communist and Allies Group
1495,2,1984-07-24,1989-07-24,Communist and Allies Group
1003,10,1989-07-25,1990-06-14,Group of the European People's Party (Christian-Democratic Group)
1003,10,1990-06-15,1992-01-20,Group of the European People's Party (Christian-Democratic Group)
1003,10,1992-01-21,1993-02-03,Group of the European People's Party (Christian-Democratic Group)
1003,10,1993-02-04,1994-07-18,Group of the European People's Party (Christian-Democratic Group)
1003,2,1984-07-24,1989-07-24,Group of the European People's Party (Christian-Democratic Group)
1003,3,1989-07-25,1990-06-14,Group of the European People's Party (Christian-Democratic Group)
1003,3,1990-06-15,1992-01-20,Group of the European People's Party (Christian-Democratic Group)
1003,3,1992-01-21,1993-02-03,Group of the European People's Party (Christian-Democratic Group)
1003,3,1993-02-04,1994-07-18,Group of the European People's Party (Christian-Democratic Group)
2171,10,2004-07-20,2009-07-13,Socialist Group in the European Parliament
2171,4,1994-07-19,1999-07-19,Group of the Party of European Socialists
2171,5,1999-07-20,2004-07-19,Group of the Party of European Socialists
2171,6,2004-07-20,2009-07-13,Socialist Group in the European Parliament
23880,10,2003-04-17,2004-04-30,Group of the European People's Party (Christian Democrats) and European Democrats
23880,10,2004-05-01,2004-07-19,Group of the European People's Party (Christian Democrats) and European Democrats
23880,5,2003-04-17,2004-04-30,Group of the European People's Party (Christian Democrats) and European Democrats
23880,5,2004-05-01,2004-07-19,Group of the European People's Party (Christian Democrats) and European Democrats
72753,10,2008-06-23,2009-07-13,Union for Europe of the Nations Group
72753,6,2008-06-23,2009-07-13,Union for Europe of the Nations Group
2310,10,1999-07-20,2000-03-07,Group of the Party of European Socialists
2310,10,2000-03-08,2002-01-16,Group of the Party of European Socialists
2310,10,2002-01-17,2004-07-19,Group of the Party of European Socialists
2310,4,1997-02-06,1999-07-19,Group of the Party of European Socialists
2310,5,1999-07-20,2000-03-07,Group of the Party of European Socialists
2310,5,2000-03-08,2002-01-16,Group of the Party of European Socialists
2310,5,2002-01-17,2004-07-19,Group of the Party of European Socialists
2040,10,1994-07-19,1999-07-19,Group of the Party of European Socialists
2040,4,1994-07-19,1999-07-19,Group of the Party of European Socialists
95298,10,2009-02-01,2009-07-13,Socialist Group in the European Parliament
95298,6,2009-02-01,2009-07-13,Socialist Group in the European Parliament
2152,10,2024-07-16,,Group of the Greens/European Free Alliance
2152,4,1994-07-19,1999-07-19,The Green Group in the European Parliament
33997,10,2019-07-02,2024-07-15,Group of the Progressive Alliance of Socialists and Democrats in the European Parliament
33997,6,2005-09-26,2006-12-31,Socialist Group in the European Parliament
33997,6,2007-01-01,2007-12-09,Socialist Group in the European Parliament
33997,6,2007-12-10,2009-07-13,Socialist Group in the European Parliament
33997,7,2009-07-14,2012-06-06,Group of the Progressive Alliance of Socialists and Democrats in the European Parliament
33997,7,2012-06-07,2014-06-30,Group of the Progressive Alliance of Socialists and Democrats in the European Parliament
33997,8,2014-07-01,2014-10-31,Group of the Progressive Alliance of Socialists and Democrats in the European Parliament
33997,9,2019-07-02,2024-07-15,Group of the Progressive Alliance of Socialists and Democrats in the European Parliament
197546,10,2019-07-02,2024-07-15,Group of the Greens/European Free Alliance
197546,9,2019-07-02,2024-07-15,Group of the Greens/European Free Alliance
1327,10,1994-07-19,1994-11-28,Group of the European People's Party (Christian-Democratic Group)
1327,10,1994-11-29,1999-07-19,Group of the European People's Party (Christian-Democratic Group)
1327,2,1987-07-06,1989-07-24,European Democratic Group
1327,3,1989-07-25,1994-07-18,Group of the European People's Party (Christian-Democratic Group)
1327,4,1994-07-19,1994-11-28,Group of the European People's Party (Christian-Democratic Group)
1327,4,1994-11-29,1999-07-19,Group of the European People's Party (Christian-Democratic Group)
28244,10,2017-11-06,2019-07-01,Group of the Alliance of Liberals and Democrats for Europe
28244,6,2004-07-20,2009-07-13,Group of the Alliance of Liberals and Democrats for Europe
28244,7,2009-07-14,2014-06-30,Group of the Alliance of Liberals and Democrats for Europe
28244,8,2017-11-06,2019-07-01,Group of the Alliance of Liberals and Democrats for Europe
2136,10,1994-07-19,1999-07-19,Group of the Party of European Socialists
2136,4,1994-07-19,1999-07-19,Group of the Party of European Socialists
125071,10,2014-07-01,2019-07-01,Non-attached Members
125071,8,2014-07-01,2019-07-01,Non-attached Members
23710,10,2003-04-23,2004-04-30,Group of the Party of European Socialists
23710,10,2004-05-01,2004-07-19,Group of the Party of European Socialists
23710,5,2003-04-23,2004-04-30,Group of the Party of European Socialists
23710,5,2004-05-01,2004-07-19,Group of the Party of European Socialists
2041,10,1994-07-19,1996-11-05,"Group of the European Liberal, Democrat and Reform Party"
2041,10,1996-11-06,1999-07-01,Group of the European People's Party (Christian-Democratic Group)
2041,4,1994-07-19,1996-11-05,"Group of the European Liberal, Democrat and Reform Party"
2041,4,1996-11-06,1999-07-01,Group of the European People's Party (Christian-Democratic Group)
28154,10,2014-07-01,2019-07-01,Group of the Progressive Alliance of Socialists and Democrats in the European Parliament
28154,6,2004-07-20,2009-07-13,Socialist Group in the European Parliament
28154,7,2009-07-14,2014-06-30,Group of the Progressive Alliance of Socialists and Democrats in the European Parliament
28154,8,2014-07-01,2019-07-01,Group of the Progressive Alliance of Socialists and Democrats in the European Parliament
1686,10,1984-07-24,1986-03-19,Group of the European Democratic Alliance
1686,2,1984-07-24,1986-03-19,Group of the European Democratic Alliance
2153,10,1995-01-24,1997-02-03,Group of the Party of European Socialists
2153,4,1995-01-24,1997-02-03,Group of the Party of European Socialists
26851,10,2015-07-20,2015-12-14,Confederal Group of the European United Left
26851,10,2015-12-15,2017-01-11,Confederal Group of the European United Left
26851,10,2017-01-12,2019-07-01,Confederal Group of the European United Left
26851,5,2004-04-15,2004-07-19,Confederal Group of the European United Left/Nordic Green Left
26851,7,2009-07-14,2014-06-30,Confederal Group of the European United Left
26851,8,2015-07-20,2015-12-14,Confederal Group of the European United Left
26851,8,2015-12-15,2017-01-11,Confederal Group of the European United Left
26851,8,2017-01-12,2019-07-01,Confederal Group of the European United Left
34251,10,2005-09-26,2006-12-31,Group of the Alliance of Liberals and Democrats for Europe
34251,10,2007-01-01,2007-02-26,Group of the Alliance of Liberals and Democrats for Europe
34251,10,2007-02-27,2007-06-05,Group of the Alliance of Liberals and Democrats for Europe
34251,6,2005-09-26,2006-12-31,Group of the Alliance of Liberals and Democrats for Europe
34251,6,2007-01-01,2007-02-26,Group of the Alliance of Liberals and Democrats for Europe
34251,6,2007-02-27,2007-06-05,Group of the Alliance of Liberals and Democrats for Europe
1208,10,1989-07-25,1993-04-20,Socialist Group
1208,10,1993-04-21,1994-07-18,Group of the Party of European Socialists
1208,3,1989-07-25,1993-04-20,Socialist Group
1208,3,1993-04-21,1994-07-18,Group of the Party of European Socialists
124766,10,2024-07-16,,Renew Europe Group
124766,8,2014-07-01,2014-11-04,Group of the Alliance of Liberals and Democrats for Europe
124766,8,2014-11-05,2017-01-31,Group of the Alliance of Liberals and Democrats for Europe
124766,8,2017-02-01,2019-07-01,Group of the Alliance of Liberals and Democrats for Europe
124766,9,2019-07-02,2024-07-15,Renew Europe Group
197783,10,2019-07-02,2024-07-15,Group of the Progressive Alliance of Socialists and Democrats in the European Parliament
197783,9,2019-07-02,2024-07-15,Group of the Progressive Alliance of Socialists and Democrats in the European Parliament
4745,10,1999-07-20,2001-10-02,Technical Group of Independent Members
4745,10,2001-10-03,2004-07-19,Non-attached
4745,5,1999-07-20,2001-10-02,Technical Group of Independent Members
4745,5,2001-10-03,2004-07-19,Non-attached
103488,10,2014-07-01,2019-05-20,Group of the Progressive Alliance of Socialists and Democrats in the European Parliament
103488,7,2010-07-19,2014-06-30,Group of the Progressive Alliance of Socialists and Democrats in the European Parliament
103488,8,2014-07-01,2019-05-20,Group of the Progressive Alliance of Socialists and Democrats in the European Parliament
1893,10,1999-07-20,2004-07-19,Group of the Party of European Socialists
1893,3,1994-01-18,1994-07-18,Group of the Party of European Socialists
1893,4,1994-07-19,1999-07-19,Group of the Party of European Socialists
1893,5,1999-07-20,2004-07-19,Group of the Party of European Socialists
4424,10,1999-07-20,2004-07-19,Group of the Party of European Socialists
4424,5,1999-07-20,2004-07-19,Group of the Party of European Socialists
1732,10,1984-07-24,1985-12-12,Liberal and Democratic Group
1732,10,1985-12-13,1989-07-24,Liberal and Democratic Reformist Group
1732,2,1984-07-24,1985-12-12,Liberal and Democratic Group
1732,2,1985-12-13,1989-07-24,Liberal and Democratic Reformist Group
1266,10,2004-07-20,2009-07-13,Socialist Group in the European Parliament
1266,1,1979-07-17,1984-07-23,Socialist Group
1266,2,1984-07-24,1989-07-24,Socialist Group
1266,3,1989-07-25,1993-04-20,Socialist Group
1266,3,1993-04-21,1994-07-18,Group of the Party of European Socialists
1266,4,1994-07-19,1994-09-05,Group of the Party of European Socialists
1266,4,1994-09-06,1997-02-03,Group of the Party of European Socialists
1266,4,1997-02-04,1999-07-19,Group of the Party of European Socialists
1266,5,1999-07-20,2002-03-06,Group of the Party of European Socialists
1266,5,2002-03-07,2004-07-19,Group of the Party of European Socialists
1266,6,2004-07-20,2009-07-13,Socialist Group in the European Parliament
1702,10,1984-07-24,1985-12-12,Liberal and Democratic Group
1702,10,1985-12-13,1986-09-05,Liberal and Democratic Reformist Group
1702,1,1979-07-17,1984-07-23,Liberal and Democratic Group
1702,2,1984-07-24,1985-12-12,Liberal and Democratic Group
1702,2,1985-12-13,1986-09-05,Liberal and Democratic Reformist Group
96655,10,2014-07-01,2019-07-01,Group of the Progressive Alliance of Socialists and Democrats in the European Parliament
96655,7,2009-07-14,2014-06-30,Group of the Progressive Alliance of Socialists and Democrats in the European Parliament
96655,8,2014-07-01,2019-07-01,Group of the Progressive Alliance of Socialists and Democrats in the European Parliament
4351,10,1999-07-20,2000-07-31,Confederal Group of the European United Left/Nordic Green Left
4351,5,1999-07-20,2000-07-31,Confederal Group of the European United Left/Nordic Green Left
2179,10,1994-07-19,1999-07-19,Group of the Party of European Socialists
2179,4,1994-07-19,1999-07-19,Group of the Party of European Socialists
4359,10,1999-07-20,2004-07-19,Union for Europe of the Nations Group
4359,5,1999-07-20,2004-07-19,Union for Europe of the Nations Group
124843,10,2014-07-01,2014-11-06,Group of the European People's Party (Christian Democrats)
124843,8,2014-07-01,2014-11-06,Group of the European People's Party (Christian Democrats)
710,10,1979-07-17,1984-07-23,Liberal and Democratic Group
710,1,1979-07-17,1984-07-23,Liberal and Democratic Group
1161,10,1989-07-25,1994-02-22,Technical Group of the European Right
1161,10,1994-02-23,1994-07-18,Non-attached
1161,3,1989-07-25,1994-02-22,Technical Group of the European Right
1161,3,1994-02-23,1994-07-18,Non-attached
25843,10,2003-10-21,2004-07-19,Group of the European People's Party (Christian Democrats) and European Democrats
25843,5,2003-10-21,2004-07-19,Group of the European People's Party (Christian Democrats) and European Democrats
183338,10,2020-02-01,2024-07-15,Group of the Greens/European Free Alliance
183338,8,2016-06-07,2019-07-01,Group of the Greens/European Free Alliance
183338,9,2020-02-01,2024-07-15,Group of the Greens/European Free Alliance
1001,10,1997-07-17,1999-07-19,Group of the Party of European Socialists
1001,3,1989-07-25,1993-04-20,Socialist Group
1001,3,1993-04-21,1994-07-18,Group of the Party of European Socialists
1001,4,1997-07-17,1999-07-19,Group of the Party of European Socialists
124889,10,2014-07-01,2019-07-01,Group of the European People's Party (Christian Democrats)
124889,8,2014-07-01,2019-07-01,Group of the European People's Party (Christian Democrats)
1709,10,1984-07-24,1988-12-31,Group of the European Democratic Alliance
1709,2,1984-07-24,1988-12-31,Group of the European Democratic Alliance
4522,10,2004-07-20,2009-07-13,Group of the Alliance of Liberals and Democrats for Europe
4522,5,1999-07-20,2004-07-19,"Group of the European Liberal, Democrat and Reform Party"
4522,6,2004-07-20,2009-07-13,Group of the Alliance of Liberals and Democrats for Europe
2299,10,1996-11-11,1999-03-28,Confederal Group of the European United Left/Nordic Green Left
2299,4,1996-11-11,1999-03-28,Confederal Group of the European United Left/Nordic Green Left
197493,10,2024-07-16,,European Conservatives and Reformists Group
197493,9,2019-07-02,2024-07-15,Identity and Democracy Group
2253,10,1994-07-19,1995-07-04,Forza Europa Group
2253,10,1995-07-05,1998-06-14,Group Union for Europe
2253,10,1998-06-15,1999-07-19,Group of the European People's Party (Christian-Democratic Group)
2253,4,1994-07-19,1995-07-04,Forza Europa Group
2253,4,1995-07-05,1998-06-14,Group Union for Europe
2253,4,1998-06-15,1999-07-19,Group of the European People's Party (Christian-Democratic Group)
4446,10,1999-07-20,2004-07-19,Group of the Party of European Socialists
4446,5,1999-07-20,2004-07-19,Group of the Party of European Socialists
191377,10,2018-01-30,2019-07-01,Group of the Progressive Alliance of Socialists and Democrats in the European Parliament
191377,8,2018-01-30,2019-07-01,Group of the Progressive Alliance of Socialists and Democrats in the European Parliament
124823,10,2014-07-01,2014-10-22,European Conservatives and Reformists Group
124823,10,2014-10-23,2016-12-12,European Conservatives and Reformists Group
124823,10,2016-12-13,2019-07-01,European Conservatives and Reformists Group
124823,8,2014-07-01,2014-10-22,European Conservatives and Reformists Group
124823,8,2014-10-23,2016-12-12,European Conservatives and Reformists Group
124823,8,2016-12-13,2019-07-01,European Conservatives and Reformists Group
101039,10,2024-07-16,,Patriots for Europe Group
101039,9,2019-07-02,2024-07-15,Identity and Democracy Group
251874,10,2024-07-16,,Group of the European People's Party (Christian Democrats)
251874,9,2024-02-05,2024-02-20,Non-attached Members
251874,9,2024-02-21,2024-07-15,Group of the European People's Party (Christian Democrats)
1676,10,1984-07-24,1985-02-10,Socialist Group
1676,10,1985-02-11,1986-10-05,Socialist Group
1676,10,1986-10-06,1989-07-24,Socialist Group
1676,1,1979-11-07,1984-07-23,Socialist Group
1676,2,1984-07-24,1985-02-10,Socialist Group
1676,2,1985-02-11,1986-10-05,Socialist Group
1676,2,1986-10-06,1989-07-24,Socialist Group
197732,10,2019-07-02,2022-09-09,Group of the Progressive Alliance of Socialists and Democrats in the European Parliament
197732,9,2019-07-02,2022-09-09,Group of the Progressive Alliance of Socialists and Democrats in the European Parliament
125107,10,2014-07-01,2019-07-01,Group of the European People's Party (Christian Democrats)
125107,8,2014-07-01,2019-07-01,Group of the European People's Party (Christian Democrats)
999,10,1989-07-25,1991-05-13,Technical Group of the European Right
999,10,1991-05-14,1994-07-18,Non-attached
999,3,1989-07-25,1991-05-13,Technical Group of the European Right
999,3,1991-05-14,1994-07-18,Non-attached
1027,10,1994-07-19,1997-09-30,Group of the Party of European Socialists
1027,10,1997-10-01,1999-07-19,Group of the Party of European Socialists
1027,2,1984-07-24,1989-07-24,Socialist Group
1027,3,1989-07-25,1993-04-20,Socialist Group
1027,3,1993-04-21,1994-07-18,Group of the Party of European Socialists
1027,4,1994-07-19,1997-09-30,Group of the Party of European Socialists
1027,4,1997-10-01,1999-07-19,Group of the Party of European Socialists
4401,10,1999-07-20,2004-07-19,Confederal Group of the European United Left/Nordic Green Left
4401,5,1999-07-20,2004-07-19,Confederal Group of the European United Left/Nordic Green Left
197720,10,2019-07-02,2021-03-23,Group of the European People's Party (Christian Democrats)
197720,10,2021-03-24,2024-07-15,Group of the European People's Party (Christian Democrats)
197720,9,2019-07-02,2021-03-23,Group of the European People's Party (Christian Democrats)
197720,9,2021-03-24,2024-07-15,Group of the European People's Party (Christian Democrats)
1122,10,2009-07-14,2014-06-30,Group of the European People's Party (Christian Democrats)
1122,3,1989-07-25,1989-11-06,Group of the European People's Party (Christian-Democratic Group)
1122,3,1989-11-07,1994-07-18,Group of the European People's Party (Christian-Democratic Group)
1122,4,1994-07-19,1999-07-19,Group of the European People's Party (Christian-Democratic Group)
1122,5,1999-07-20,2004-07-19,Group of the European People's Party (Christian Democrats) and European Democrats
1122,6,2004-07-20,2004-08-30,Group of the European People's Party (Christian Democrats) and European Democrats
1122,6,2004-08-31,2007-02-14,Group of the European People's Party (Christian Democrats) and European Democrats
1122,6,2007-02-15,2009-07-13,Group of the European People's Party (Christian Democrats) and European Democrats
1122,7,2009-07-14,2014-06-30,Group of the European People's Party (Christian Democrats)
1004,10,1989-07-25,1992-01-20,Group for the European United Left
1004,10,1992-01-21,1993-01-11,Group for the European United Left
1004,10,1993-01-12,1993-02-14,Socialist Group
1004,10,1993-02-15,1993-04-20,Socialist Group
1004,10,1993-04-21,1994-07-18,Group of the Party of European Socialists
1004,2,1984-07-24,1989-07-24,Communist and Allies Group
1004,3,1989-07-25,1992-01-20,Group for the European United Left
1004,3,1992-01-21,1993-01-11,Group for the European United Left
1004,3,1993-01-12,1993-02-14,Socialist Group
1004,3,1993-02-15,1993-04-20,Socialist Group
1004,3,1993-04-21,1994-07-18,Group of the Party of European Socialists
124879,10,2014-07-01,2018-03-01,Non-attached Members
124879,8,2014-07-01,2018-03-01,Non-attached Members
1967,10,1994-07-19,1999-06-14,"Group of the European Liberal, Democrat and Reform Party"
1967,4,1994-07-19,1999-06-14,"Group of the European Liberal, Democrat and Reform Party"
197495,10,2019-07-02,2024-07-15,Group of the Progressive Alliance of Socialists and Democrats in the European Parliament
197495,9,2019-07-02,2024-07-15,Group of the Progressive Alliance of Socialists and Democrats in the European Parliament
1572,10,1986-06-03,1989-07-24,Group of the European People's Party (Christian-Democratic Group)
1572,2,1986-06-03,1989-07-24,Group of the European People's Party (Christian-Democratic Group)
1307,10,2003-06-20,2004-07-19,Group of the Party of European Socialists
1307,2,1986-01-01,1987-07-05,Socialist Group
1307,2,1987-07-06,1989-07-24,Socialist Group
1307,3,1989-07-25,1993-04-20,Socialist Group
1307,3,1993-04-21,1994-07-18,Group of the Party of European Socialists
1307,4,1994-07-19,1999-07-19,Group of the Party of European Socialists
1307,5,2003-06-20,2004-07-19,Group of the Party of European Socialists
236052,10,2022-07-29,2024-07-15,Identity and Democracy Group
236052,9,2022-07-29,2024-07-15,Identity and Democracy Group
4381,10,1999-07-20,2001-01-30,Union for Europe of the Nations Group
4381,10,2001-01-31,2003-03-10,Non-attached
4381,10,2003-03-11,2004-07-19,Union for Europe of the Nations Group
4381,5,1999-07-20,2001-01-30,Union for Europe of the Nations Group
4381,5,2001-01-31,2003-03-10,Non-attached
4381,5,2003-03-11,2004-07-19,Union for Europe of the Nations Group
1921,10,1994-07-19,1999-04-22,Group of the European People's Party (Christian-Democratic Group)
1921,4,1994-07-19,1999-04-22,Group of the European People's Party (Christian-Democratic Group)
28119,10,2004-07-20,2008-05-08,Independence/Democracy Group
28119,10,2008-05-09,2008-10-21,Independence/Democracy Group
28119,10,2008-10-22,2009-07-13,Independence/Democracy Group
28119,6,2004-07-20,2008-05-08,Independence/Democracy Group
28119,6,2008-05-09,2008-10-21,Independence/Democracy Group
28119,6,2008-10-22,2009-07-13,Independence/Democracy Group
39725,10,2024-07-16,,Group of the European People's Party (Christian Democrats)
39725,6,2007-12-10,2009-07-13,Group of the European People's Party (Christian Democrats) and European Democrats
39725,7,2009-07-14,2009-09-15,Group of the European People's Party (Christian Democrats)
39725,7,2009-09-16,2014-06-30,Group of the European People's Party (Christian Democrats)
39725,8,2014-07-01,2019-07-01,Group of the European People's Party (Christian Democrats)
39725,9,2019-07-02,2024-07-15,Group of the European People's Party (Christian Democrats)
124891,10,2019-07-02,2019-11-20,European Conservatives and Reformists Group
124891,10,2019-11-21,2024-07-15,European Conservatives and Reformists Group
124891,8,2014-07-01,2018-02-28,European Conservatives and Reformists Group
124891,8,2018-03-01,2018-03-07,European Conservatives and Reformists Group
124891,8,2018-03-08,2019-07-01,European Conservatives and Reformists Group
124891,9,2019-07-02,2019-11-20,European Conservatives and Reformists Group
124891,9,2019-11-21,2024-07-15,European Conservatives and Reformists Group
1153,10,1989-07-25,1992-01-20,Group of the European People's Party (Christian-Democratic Group)
1153,10,1992-01-21,1992-04-05,Group of the European People's Party (Christian-Democratic Group)
1153,3,1989-07-25,1992-01-20,Group of the European People's Party (Christian-Democratic Group)
1153,3,1992-01-21,1992-04-05,Group of the European People's Party (Christian-Democratic Group)
124771,10,2019-07-02,2024-07-15,Identity and Democracy Group
124771,8,2014-07-01,2015-06-14,Non-attached Members
124771,8,2015-06-15,2019-07-01,Europe of Nations and Freedom Group
124771,9,2019-07-02,2024-07-15,Identity and Democracy Group
4398,10,2009-07-14,2014-06-30,Group of the Alliance of Liberals and Democrats for Europe
4398,5,1999-07-20,2004-07-19,Group of the Party of European Socialists
4398,7,2009-07-14,2014-06-30,Group of the Alliance of Liberals and Democrats for Europe
1632,10,1984-07-24,1985-12-01,Group of the European People's Party (Christian-Democratic Group)
1632,1,1979-07-17,1984-07-23,Group of the European People's Party (Christian-Democratic Group)
1632,2,1984-07-24,1985-12-01,Group of the European People's Party (Christian-Democratic Group)
96992,10,2009-07-14,2011-12-13,Group of the European People's Party (Christian Democrats)
96992,10,2011-12-14,2012-01-26,Europe of freedom and democracy Group
96992,10,2012-01-27,2014-06-30,Europe of freedom and democracy Group
96992,7,2009-07-14,2011-12-13,Group of the European People's Party (Christian Democrats)
96992,7,2011-12-14,2012-01-26,Europe of freedom and democracy Group
96992,7,2012-01-27,2014-06-30,Europe of freedom and democracy Group
111033,10,2018-11-28,2019-07-01,Group of the European People's Party (Christian Democrats)
111033,7,2011-12-01,2014-06-30,Group of the European People's Party (Christian Democrats)
111033,8,2018-11-28,2019-07-01,Group of the European People's Party (Christian Democrats)
23800,10,2003-04-23,2004-04-30,Group of the European People's Party (Christian Democrats) and European Democrats
23800,10,2004-05-01,2004-07-19,Group of the European People's Party (Christian Democrats) and European Democrats
23800,5,2003-04-23,2004-04-30,Group of the European People's Party (Christian Democrats) and European Democrats
23800,5,2004-05-01,2004-07-19,Group of the European People's Party (Christian Democrats) and European Democrats
28200,10,2004-07-20,2009-07-13,Socialist Group in the European Parliament
28200,6,2004-07-20,2009-07-13,Socialist Group in the European Parliament
976,10,1989-07-25,1993-04-20,Socialist Group
976,10,1993-04-21,1994-07-18,Group of the Party of European Socialists
976,1,1981-06-17,1984-07-23,Socialist Group
976,2,1984-07-24,1989-07-24,Socialist Group
976,3,1989-07-25,1993-04-20,Socialist Group
976,3,1993-04-21,1994-07-18,Group of the Party of European Socialists
96773,10,2009-07-14,2012-02-02,Group of the European People's Party (Christian Democrats)
96773,10,2012-02-03,2013-12-02,Group of the European People's Party (Christian Democrats)
96773,7,2009-07-14,2012-02-02,Group of the European People's Party (Christian Democrats)
96773,7,2012-02-03,2013-12-02,Group of the European People's Party (Christian Democrats)
28130,10,2009-07-14,2014-06-30,Group of the Progressive Alliance of Socialists and Democrats in the European Parliament
28130,6,2004-07-20,2009-07-13,Socialist Group in the European Parliament
28130,7,2009-07-14,2014-06-30,Group of the Progressive Alliance of Socialists and Democrats in the European Parliament
908,10,1980-07-11,1982-02-15,Group of European Progressive Democrats
908,1,1980-07-11,1982-02-15,Group of European Progressive Democrats
25421,10,2003-09-03,2004-07-19,"Group of the European Liberal, Democrat and Reform Party"
25421,5,2003-09-03,2004-07-19,"Group of the European Liberal, Democrat and Reform Party"
99283,10,2019-07-02,2024-07-15,Identity and Democracy Group
99283,9,2019-07-02,2024-07-15,Identity and Democracy Group
1656,10,1993-03-31,1994-07-18,Group of the European Democratic Alliance
1656,2,1984-07-24,1989-07-24,Group of the European Democratic Alliance
1656,3,1993-03-31,1994-07-18,Group of the European Democratic Alliance
992,10,1989-07-25,1993-04-20,Socialist Group
992,10,1993-04-21,1994-07-18,Group of the Party of European Socialists
992,3,1989-07-25,1993-04-20,Socialist Group
992,3,1993-04-21,1994-07-18,Group of the Party of European Socialists
96714,10,2009-07-14,2012-07-08,Group of the Progressive Alliance of Socialists and Democrats in the European Parliament
96714,7,2009-07-14,2012-07-08,Group of the Progressive Alliance of Socialists and Democrats in the European Parliament
26830,10,2004-05-01,2004-07-19,"Group of the European Liberal, Democrat and Reform Party"
26830,5,2004-05-01,2004-07-19,"Group of the European Liberal, Democrat and Reform Party"
666,10,1979-07-17,1984-07-23,Group of the European People's Party (Christian-Democratic Group)
666,1,1979-07-17,1984-07-23,Group of the European People's Party (Christian-Democratic Group)
4266,10,2004-07-20,2007-01-31,Socialist Group in the European Parliament
4266,5,1999-07-20,2004-07-19,Group of the Party of European Socialists
4266,6,2004-07-20,2007-01-31,Socialist Group in the European Parliament
1574,10,1984-07-24,1985-12-12,Liberal and Democratic Group
1574,10,1985-12-13,1988-05-13,Liberal and Democratic Reformist Group
1574,10,1988-05-14,1989-07-24,Liberal and Democratic Reformist Group
1574,1,1979-07-17,1984-07-23,Liberal and Democratic Group
1574,2,1984-07-24,1985-12-12,Liberal and Democratic Group
1574,2,1985-12-13,1988-05-13,Liberal and Democratic Reformist Group
1574,2,1988-05-14,1989-07-24,Liberal and Democratic Reformist Group
192635,10,2019-07-02,2024-07-15,Identity and Democracy Group
192635,8,2018-04-17,2019-07-01,Europe of Nations and Freedom Group
192635,9,2019-07-02,2024-07-15,Identity and Democracy Group
251268,10,2024-01-01,2024-07-15,Renew Europe Group
251268,9,2024-01-01,2024-07-15,Renew Europe Group
26809,10,2004-04-02,2004-07-19,Group of the Party of European Socialists
26809,5,2004-04-02,2004-07-19,Group of the Party of European Socialists
1714,10,1984-07-24,1985-02-10,Group of the European People's Party (Christian-Democratic Group)
1714,10,1985-02-11,1987-04-05,Group of the European People's Party (Christian-Democratic Group)
1714,10,1987-04-06,1989-07-24,Group of the European People's Party (Christian-Democratic Group)
1714,1,1979-07-17,1982-03-08,Group of the European People's Party (Christian-Democratic Group)
1714,1,1982-03-09,1984-07-23,Group of the European People's Party (Christian-Democratic Group)
1714,2,1984-07-24,1985-02-10,Group of the European People's Party (Christian-Democratic Group)
1714,2,1985-02-11,1987-04-05,Group of the European People's Party (Christian-Democratic Group)
1714,2,1987-04-06,1989-07-24,Group of the European People's Party (Christian-Democratic Group)
204335,10,2020-02-01,2024-07-15,Group of the Greens/European Free Alliance
204335,9,2020-02-01,2024-07-15,Group of the Greens/European Free Alliance
748,10,1981-11-02,1984-07-23,Socialist Group
748,1,1981-11-02,1984-07-23,Socialist Group
1822,10,1984-07-24,1989-07-24,Group of the European Democratic Alliance
1822,2,1984-07-24,1989-07-24,Group of the European Democratic Alliance
23712,10,2019-07-02,2023-06-12,European Conservatives and Reformists Group
23712,10,2023-06-13,2024-07-15,European Conservatives and Reformists Group
23712,5,2003-04-23,2004-04-30,Group of the European People's Party (Christian Democrats) and European Democrats
23712,5,2004-05-01,2004-07-19,Group of the European People's Party (Christian Democrats) and European Democrats
23712,6,2004-07-20,2004-08-30,Group of the European People's Party (Christian Democrats) and European Democrats
23712,6,2004-08-31,2009-07-13,Group of the European People's Party (Christian Democrats) and European Democrats
23712,7,2009-07-14,2009-07-15,European Conservatives and Reformists Group
23712,7,2009-07-16,2010-02-17,European Conservatives and Reformists Group
23712,7,2010-02-18,2011-03-07,European Conservatives and Reformists Group
23712,7,2011-03-08,2011-12-12,European Conservatives and Reformists Group
23712,7,2011-12-13,2014-06-30,European Conservatives and Reformists Group
23712,8,2014-07-01,2016-12-12,European Conservatives and Reformists Group
23712,8,2016-12-13,2017-01-10,European Conservatives and Reformists Group
23712,8,2017-01-11,2017-01-15,European Conservatives and Reformists Group
23712,8,2017-01-16,2017-07-04,European Conservatives and Reformists Group
23712,8,2017-07-05,2017-10-24,European Conservatives and Reformists Group
23712,8,2017-10-25,2018-01-07,European Conservatives and Reformists Group
23712,8,2018-01-08,2018-07-03,European Conservatives and Reformists Group
23712,8,2018-07-04,2019-07-01,European Conservatives and Reformists Group
23712,9,2019-07-02,2023-06-12,European Conservatives and Reformists Group
23712,9,2023-06-13,2024-07-15,European Conservatives and Reformists Group
1937,10,1994-07-19,1999-07-19,Group of the Party of European Socialists
1937,4,1994-07-19,1999-07-19,Group of the Party of European Socialists
833,10,1979-07-17,1984-07-23,Group of the European People's Party (Christian-Democratic Group)
833,1,1979-07-17,1984-07-23,Group of the European People's Party (Christian-Democratic Group)
1370,10,2004-07-20,2009-07-13,Group of the European People's Party (Christian Democrats) and European Democrats
1370,2,1984-07-24,1987-04-05,European Democratic Group
1370,2,1987-04-06,1989-07-24,European Democratic Group
1370,3,1989-07-25,1992-02-04,European Democratic Group
1370,3,1992-02-05,1992-04-30,European Democratic Group
1370,3,1992-05-01,1993-02-03,Group of the European People's Party (Christian-Democratic Group)
1370,3,1993-02-04,1994-07-18,Group of the European People's Party (Christian-Democratic Group)
1370,4,1994-07-19,1999-07-19,Group of the European People's Party (Christian-Democratic Group)
1370,5,1999-07-20,1999-10-11,Group of the European People's Party (Christian Democrats) and European Democrats
1370,5,1999-10-12,2002-03-07,Group of the European People's Party (Christian Democrats) and European Democrats
1370,5,2002-03-08,2004-07-19,Group of the European People's Party (Christian Democrats) and European Democrats
1370,6,2004-07-20,2009-07-13,Group of the European People's Party (Christian Democrats) and European Democrats
124989,10,2019-07-02,2020-12-12,Renew Europe Group
124989,8,2014-07-01,2019-07-01,Group of the Alliance of Liberals and Democrats for Europe
124989,9,2019-07-02,2020-12-12,Renew Europe Group
1839,10,1991-11-13,1991-12-10,The Green Group in the European Parliament
1839,3,1991-11-13,1991-12-10,The Green Group in the European Parliament
135540,10,2015-11-27,2019-07-01,European Conservatives and Reformists Group
135540,8,2015-11-27,2019-07-01,European Conservatives and Reformists Group
34249,10,2014-07-01,2019-07-01,Group of the Alliance of Liberals and Democrats for Europe
34249,6,2005-09-26,2006-12-31,Group of the Alliance of Liberals and Democrats for Europe
34249,6,2007-01-01,2007-06-05,Group of the Alliance of Liberals and Democrats for Europe
34249,6,2007-06-06,2007-07-19,Group of the Alliance of Liberals and Democrats for Europe
34249,6,2007-07-20,2009-07-13,Group of the Alliance of Liberals and Democrats for Europe
34249,7,2009-07-14,2009-07-19,Group of the Alliance of Liberals and Democrats for Europe
34249,7,2009-07-20,2014-06-30,Group of the Alliance of Liberals and Democrats for Europe
34249,8,2014-07-01,2019-07-01,Group of the Alliance of Liberals and Democrats for Europe
2052,10,1995-01-01,1996-10-29,Group of the European People's Party (Christian-Democratic Group)
2052,4,1995-01-01,1996-10-29,Group of the European People's Party (Christian-Democratic Group)
957,10,1979-07-17,1984-07-23,Group of the European People's Party (Christian-Democratic Group)
957,1,1979-07-17,1984-07-23,Group of the European People's Party (Christian-Democratic Group)
125034,10,2014-07-01,2014-07-31,Confederal Group of the European United Left
125034,8,2014-07-01,2014-07-31,Confederal Group of the European United Left
966,10,2004-07-20,2007-01-14,Non-attached Members
966,10,2007-01-15,2007-11-13,"Identity, Tradition and Sovereignty Group"
966,10,2007-11-14,2009-07-13,Non-attached Members
966,3,1989-09-05,1994-07-18,Technical Group of the European Right
966,4,1994-07-19,1999-07-19,Non-attached
966,5,1999-07-20,2001-10-02,Technical Group of Independent Members
966,5,2001-10-03,2004-07-19,Non-attached
966,6,2004-07-20,2007-01-14,Non-attached Members
966,6,2007-01-15,2007-11-13,"Identity, Tradition and Sovereignty Group"
966,6,2007-11-14,2009-07-13,Non-attached Members
1914,10,2009-07-14,2014-06-30,Group of the Progressive Alliance of Socialists and Democrats in the European Parliament
1914,4,1994-07-19,1999-07-19,Group of the Party of European Socialists
1914,5,1999-07-20,2004-07-19,Group of the Party of European Socialists
1914,6,2004-07-20,2009-07-13,Socialist Group in the European Parliament
1914,7,2009-07-14,2014-06-30,Group of the Progressive Alliance of Socialists and Democrats in the European Parliament
28615,10,2024-07-16,,European Conservatives and Reformists Group
28615,6,2004-07-20,2004-11-13,Union for Europe of the Nations Group
28615,6,2004-11-14,2006-05-16,Union for Europe of the Nations Group
28615,6,2006-05-17,2007-07-19,Union for Europe of the Nations Group
28615,6,2007-07-20,2009-07-13,Union for Europe of the Nations Group
28615,7,2009-07-14,2009-07-15,European Conservatives and Reformists Group
28615,7,2009-07-16,2014-06-30,European Conservatives and Reformists Group
28615,8,2014-07-01,2016-12-12,European Conservatives and Reformists Group
28615,8,2016-12-13,2017-07-04,European Conservatives and Reformists Group
28615,8,2017-07-05,2017-10-24,European Conservatives and Reformists Group
28615,8,2017-10-25,2019-07-01,European Conservatives and Reformists Group
28615,9,2019-07-02,2022-04-04,European Conservatives and Reformists Group
28615,9,2022-04-05,2024-07-15,European Conservatives and Reformists Group
38845,10,2007-07-04,2009-07-13,Socialist Group in the European Parliament
38845,6,2007-07-04,2009-07-13,Socialist Group in the European Parliament
96698,10,2019-07-02,2021-01-20,Renew Europe Group
96698,10,2021-01-21,2024-07-15,Non-attached Members
96698,7,2009-07-14,2009-07-19,Group of the Alliance of Liberals and Democrats for Europe
96698,7,2009-07-20,2012-11-15,Group of the Alliance of Liberals and Democrats for Europe
96698,8,2014-07-01,2019-07-01,Group of the Alliance of Liberals and Democrats for Europe
96698,9,2019-07-02,2021-01-20,Renew Europe Group
96698,9,2021-01-21,2024-07-15,Non-attached Members
825,10,1983-03-11,1984-07-23,Socialist Group
825,1,1983-03-11,1984-07-23,Socialist Group
124841,10,2014-07-01,2019-07-01,Group of the Progressive Alliance of Socialists and Democrats in the European Parliament
124841,8,2014-07-01,2019-07-01,Group of the Progressive Alliance of Socialists and Democrats in the European Parliament
4326,10,2009-07-14,2014-06-30,Group of the European People's Party (Christian Democrats)
4326,5,1999-07-20,2004-07-19,Group of the European People's Party (Christian Democrats) and European Democrats
4326,6,2004-07-20,2009-07-13,Group of the European People's Party (Christian Democrats) and European Democrats
4326,7,2009-07-14,2014-06-30,Group of the European People's Party (Christian Democrats)
1301,10,1989-07-25,1992-04-30,European Democratic Group
1301,10,1992-05-01,1994-07-18,Group of the European People's Party (Christian-Democratic Group)
1301,3,1989-07-25,1992-04-30,European Democratic Group
1301,3,1992-05-01,1994-07-18,Group of the European People's Party (Christian-Democratic Group)
982,10,1989-07-25,1990-02-11,Group of the European People's Party (Christian-Democratic Group)
982,10,1990-02-12,1992-01-20,Group of the European People's Party (Christian-Democratic Group)
982,10,1992-01-21,1993-02-03,Group of the European People's Party (Christian-Democratic Group)
982,10,1993-02-04,1994-07-18,Group of the European People's Party (Christian-Democratic Group)
982,3,1989-07-25,1990-02-11,Group of the European People's Party (Christian-Democratic Group)
982,3,1990-02-12,1992-01-20,Group of the European People's Party (Christian-Democratic Group)
982,3,1992-01-21,1993-02-03,Group of the European People's Party (Christian-Democratic Group)
982,3,1993-02-04,1994-07-18,Group of the European People's Party (Christian-Democratic Group)
1563,10,1987-10-29,1989-07-24,Group of the European Democratic Alliance
1563,2,1987-10-29,1989-07-24,Group of the European Democratic Alliance
1673,10,1984-07-24,1988-09-24,European Democratic Group
1673,1,1979-07-17,1980-04-13,European Democratic Group
1673,1,1980-04-14,1982-03-08,European Democratic Group
1673,1,1982-03-09,1984-07-23,European Democratic Group
1673,2,1984-07-24,1988-09-24,European Democratic Group
22950,10,2002-09-01,2004-01-27,Group of the Greens/European Free Alliance
22950,10,2004-01-28,2004-07-19,Group of the Party of European Socialists
22950,5,2002-09-01,2004-01-27,Group of the Greens/European Free Alliance
22950,5,2004-01-28,2004-07-19,Group of the Party of European Socialists
28358,10,2009-07-14,2014-06-30,European Conservatives and Reformists Group
28358,6,2004-07-20,2009-07-13,Union for Europe of the Nations Group
28358,7,2009-07-14,2014-06-30,European Conservatives and Reformists Group
718,10,1979-07-17,1984-07-23,Socialist Group
718,1,1979-07-17,1984-07-23,Socialist Group
193879,10,2018-09-05,2019-07-01,Group of the Alliance of Liberals and Democrats for Europe
193879,8,2018-09-05,2019-07-01,Group of the Alliance of Liberals and Democrats for Europe
4304,10,1999-07-20,2004-07-19,Confederal Group of the European United Left/Nordic Green Left
4304,5,1999-07-20,2004-07-19,Confederal Group of the European United Left/Nordic Green Left
726,10,1979-07-17,1982-03-08,Group of the European People's Party (Christian-Democratic Group)
726,10,1982-03-09,1983-10-23,Group of the European People's Party (Christian-Democratic Group)
726,10,1983-10-24,1984-07-23,Group of the European People's Party (Christian-Democratic Group)
726,1,1979-07-17,1982-03-08,Group of the European People's Party (Christian-Democratic Group)
726,1,1982-03-09,1983-10-23,Group of the European People's Party (Christian-Democratic Group)
726,1,1983-10-24,1984-07-23,Group of the European People's Party (Christian-Democratic Group)
1972,10,1999-07-20,1999-10-12,Confederal Group of the European United Left/Nordic Green Left
1972,10,1999-10-13,2004-07-19,Confederal Group of the European United Left/Nordic Green Left
1972,4,1994-07-19,1995-01-05,Confederal Group of the European United Left
1972,4,1995-01-06,1999-07-19,Confederal Group of the European United Left/Nordic Green Left
1972,5,1999-07-20,1999-10-12,Confederal Group of the European United Left/Nordic Green Left
1972,5,1999-10-13,2004-07-19,Confederal Group of the European United Left/Nordic Green Left
28452,10,2004-07-20,2007-10-23,Non-attached Members
28452,10,2007-10-24,2009-07-13,Socialist Group in the European Parliament
28452,6,2004-07-20,2007-10-23,Non-attached Members
28452,6,2007-10-24,2009-07-13,Socialist Group in the European Parliament
197623,10,2024-07-16,,Patriots for Europe Group
197623,9,2019-07-02,2024-07-15,Identity and Democracy Group
1098,10,1989-07-25,1990-09-15,Group of the European People's Party (Christian-Democratic Group)
1098,3,1989-07-25,1990-09-15,Group of the European People's Party (Christian-Democratic Group)
4517,10,2004-07-20,2009-07-13,Group of the European People's Party (Christian Democrats) and European Democrats
4517,5,1999-07-20,2004-07-19,Group of the European People's Party (Christian Democrats) and European Democrats
4517,6,2004-07-20,2009-07-13,Group of the European People's Party (Christian Democrats) and European Democrats
1413,10,2004-07-20,2009-07-13,Socialist Group in the European Parliament
1413,2,1984-07-24,1989-07-24,Socialist Group
1413,3,1989-07-25,1993-04-20,Socialist Group
1413,3,1993-04-21,1993-07-13,Group of the Party of European Socialists
1413,3,1993-07-14,1994-07-18,Group of the Party of European Socialists
1413,4,1994-07-19,1999-07-19,Group of the Party of European Socialists
1413,5,1999-07-20,2004-07-19,Group of the Party of European Socialists
1413,6,2004-07-20,2009-07-13,Socialist Group in the European Parliament
1081,10,1989-07-25,1993-01-11,Group for the European United Left
1081,10,1993-01-12,1993-04-20,Socialist Group
1081,10,1993-04-21,1994-07-18,Group of the Party of European Socialists
1081,2,1984-07-24,1989-07-24,Communist and Allies Group
1081,3,1989-07-25,1993-01-11,Group for the European United Left
1081,3,1993-01-12,1993-04-20,Socialist Group
1081,3,1993-04-21,1994-07-18,Group of the Party of European Socialists
96713,10,2019-07-02,2024-07-15,European Conservatives and Reformists Group
96713,7,2009-07-14,2014-06-30,European Conservatives and Reformists Group
96713,8,2014-07-01,2019-07-01,European Conservatives and Reformists Group
96713,9,2019-07-02,2024-07-15,European Conservatives and Reformists Group
96840,10,2014-07-01,2016-12-14,Group of the Progressive Alliance of Socialists and Democrats in the European Parliament
96840,10,2016-12-15,2019-07-01,Group of the Progressive Alliance of Socialists and Democrats in the European Parliament
96840,7,2009-07-14,2014-06-30,Group of the Progressive Alliance of Socialists and Democrats in the European Parliament
96840,8,2014-07-01,2016-12-14,Group of the Progressive Alliance of Socialists and Democrats in the European Parliament
96840,8,2016-12-15,2019-07-01,Group of the Progressive Alliance of Socialists and Democrats in the European Parliament
214839,10,2024-07-16,,Renew Europe Group
214839,9,2021-02-04,2024-07-15,Renew Europe Group
96757,10,2009-07-14,2014-02-06,Group of the European People's Party (Christian Democrats)
96757,10,2014-02-07,2014-06-30,Group of the European People's Party (Christian Democrats)
96757,7,2009-07-14,2014-02-06,Group of the European People's Party (Christian Democrats)
96757,7,2014-02-07,2014-06-30,Group of the European People's Party (Christian Democrats)
4525,10,2019-07-02,2020-01-31,Non-attached Members
4525,5,1999-07-20,2001-12-10,Group for a Europe of Democracies and Diversities
4525,5,2001-12-11,2004-07-19,Group for a Europe of Democracies and Diversities
4525,6,2004-07-20,2004-12-05,Independence/Democracy Group
4525,6,2004-12-06,2008-10-21,Independence/Democracy Group
4525,6,2008-10-22,2009-07-13,Independence/Democracy Group
4525,7,2009-07-14,2014-06-30,Europe of freedom and democracy Group
4525,8,2014-07-01,2014-10-15,Europe of Freedom and Direct Democracy Group
4525,8,2014-10-16,2014-10-19,Non-attached Members
4525,8,2014-10-20,2017-01-16,Europe of Freedom and Direct Democracy Group
4525,8,2017-01-17,2019-07-01,Europe of Freedom and Direct Democracy Group
4525,9,2019-07-02,2020-01-31,Non-attached Members
747,10,1981-11-02,1982-09-09,Non-attached
747,1,1981-11-02,1982-09-09,Non-attached
1760,10,1986-01-01,1987-07-05,Socialist Group
1760,2,1986-01-01,1987-07-05,Socialist Group
119438,10,2013-07-01,2014-06-30,Group of the European People's Party (Christian Democrats)
119438,7,2013-07-01,2014-06-30,Group of the European People's Party (Christian Democrats)
26828,10,2004-07-20,2004-11-13,Union for Europe of the Nations Group
26828,10,2004-11-14,2009-07-13,Union for Europe of the Nations Group
26828,5,2004-04-07,2004-04-30,Union for Europe of the Nations Group
26828,5,2004-05-01,2004-07-19,Union for Europe of the Nations Group
26828,6,2004-07-20,2004-11-13,Union for Europe of the Nations Group
26828,6,2004-11-14,2009-07-13,Union for Europe of the Nations Group
1613,10,1986-01-01,1987-07-05,Socialist Group
1613,2,1986-01-01,1987-07-05,Socialist Group
1013,10,1989-07-25,1993-04-20,Socialist Group
1013,10,1993-04-21,1994-07-18,Group of the Party of European Socialists
1013,1,1979-07-17,1979-12-09,Socialist Group
1013,1,1979-12-10,1984-07-23,Socialist Group
1013,3,1989-07-25,1993-04-20,Socialist Group
1013,3,1993-04-21,1994-07-18,Group of the Party of European Socialists
1110,10,1989-07-25,1992-01-20,Group of the European People's Party (Christian-Democratic Group)
1110,10,1992-01-21,1993-05-06,Group of the European People's Party (Christian-Democratic Group)
1110,2,1984-07-24,1989-07-24,Group of the European People's Party (Christian-Democratic Group)
1110,3,1989-07-25,1992-01-20,Group of the European People's Party (Christian-Democratic Group)
1110,3,1992-01-21,1993-05-06,Group of the European People's Party (Christian-Democratic Group)
124692,10,2019-07-02,2024-07-15,Group of the Progressive Alliance of Socialists and Democrats in the European Parliament
124692,8,2014-07-01,2019-07-01,Group of the Progressive Alliance of Socialists and Democrats in the European Parliament
124692,9,2019-07-02,2024-07-15,Group of the Progressive Alliance of Socialists and Democrats in the European Parliament
197734,10,2024-07-16,,Non-attached Members
197734,9,2019-07-02,2024-07-15,Non-attached Members
26817,10,2004-03-29,2004-04-30,Group of the European People's Party (Christian Democrats) and European Democrats
26817,10,2004-05-01,2004-07-19,Group of the European People's Party (Christian Democrats) and European Democrats
26817,5,2004-03-29,2004-04-30,Group of the European People's Party (Christian Democrats) and European Democrats
26817,5,2004-05-01,2004-07-19,Group of the European People's Party (Christian Democrats) and European Democrats
4507,10,2014-07-01,2019-07-01,European Conservatives and Reformists Group
4507,5,1999-07-20,2004-07-19,Group for a Europe of Democracies and Diversities
4507,6,2004-07-20,2009-07-13,Independence/Democracy Group
4507,7,2009-07-14,2010-02-15,Europe of freedom and democracy Group
4507,7,2010-02-16,2011-05-22,Europe of freedom and democracy Group
4507,7,2011-05-23,2014-06-30,Europe of freedom and democracy Group
4507,8,2014-07-01,2019-07-01,European Conservatives and Reformists Group
96786,10,2009-07-14,2011-12-28,European Conservatives and Reformists Group
96786,10,2011-12-29,2014-06-30,Europe of freedom and democracy Group
96786,7,2009-07-14,2011-12-28,European Conservatives and Reformists Group
96786,7,2011-12-29,2014-06-30,Europe of freedom and democracy Group
1933,10,2009-07-14,2014-06-30,Group of the Greens/European Free Alliance
1933,4,1994-07-19,1999-07-19,The Green Group in the European Parliament
1933,5,1999-07-20,2004-07-19,Group of the Greens/European Free Alliance
1933,6,2004-07-20,2009-07-13,Group of the Greens/European Free Alliance
1933,7,2009-07-14,2014-06-30,Group of the Greens/European Free Alliance
197782,10,2024-07-16,,Group of the Progressive Alliance of Socialists and Democrats in the European Parliament
197782,9,2019-07-02,2021-12-15,Group of the Progressive Alliance of Socialists and Democrats in the European Parliament
197782,9,2021-12-16,2024-07-15,Group of the Progressive Alliance of Socialists and Democrats in the European Parliament
887,10,1979-07-17,1984-07-23,Communist and Allies Group
887,1,1979-07-17,1984-07-23,Communist and Allies Group
96794,10,2009-07-14,2014-06-30,Group of the European People's Party (Christian Democrats)
96794,7,2009-07-14,2014-06-30,Group of the European People's Party (Christian Democrats)
124997,10,2014-07-01,2019-07-01,Group of the Progressive Alliance of Socialists and Democrats in the European Parliament
124997,8,2014-07-01,2019-07-01,Group of the Progressive Alliance of Socialists and Democrats in the European Parliament
95280,10,2009-01-21,2009-07-13,Socialist Group in the European Parliament
95280,6,2009-01-21,2009-07-13,Socialist Group in the European Parliament
917,10,1979-07-17,1982-05-04,Liberal and Democratic Group
917,10,1982-05-05,1984-07-23,Socialist Group
917,1,1979-07-17,1982-05-04,Liberal and Democratic Group
917,1,1982-05-05,1984-07-23,Socialist Group
888,10,1979-07-17,1980-09-30,Group of European Progressive Democrats
888,1,1979-07-17,1980-09-30,Group of European Progressive Democrats
125003,10,2014-07-01,2019-07-01,Group of the Greens/European Free Alliance
125003,8,2014-07-01,2019-07-01,Group of the Greens/European Free Alliance
1142,10,1994-07-19,1999-07-19,Group of the Party of European Socialists
1142,3,1989-07-25,1993-04-20,Socialist Group
1142,3,1993-04-21,1994-07-18,Group of the Party of European Socialists
1142,4,1994-07-19,1999-07-19,Group of the Party of European Socialists
1326,10,1989-07-25,1994-07-18,Group of the European People's Party (Christian-Democratic Group)
1326,2,1986-01-01,1987-04-05,European Democratic Group
1326,2,1987-04-06,1987-07-05,European Democratic Group
1326,2,1987-07-06,1989-07-24,European Democratic Group
1326,3,1989-07-25,1994-07-18,Group of the European People's Party (Christian-Democratic Group)
1335,10,1994-07-19,1999-07-19,Group of the Party of European Socialists
1335,2,1986-01-01,1987-07-05,Socialist Group
1335,2,1987-07-06,1989-07-24,Socialist Group
1335,3,1989-07-25,1993-04-20,Socialist Group
1335,3,1993-04-21,1994-07-18,Group of the Party of European Socialists
1335,4,1994-07-19,1999-07-19,Group of the Party of European Socialists
1719,10,1986-01-01,1987-09-13,Liberal and Democratic Reformist Group
1719,10,1987-09-14,1989-07-24,Liberal and Democratic Reformist Group
1719,2,1986-01-01,1987-09-13,Liberal and Democratic Reformist Group
1719,2,1987-09-14,1989-07-24,Liberal and Democratic Reformist Group
4323,10,1999-07-20,2004-07-19,Group of the European People's Party (Christian Democrats) and European Democrats
4323,5,1999-07-20,2004-07-19,Group of the European People's Party (Christian Democrats) and European Democrats
28259,10,2004-07-20,2009-06-29,Socialist Group in the European Parliament
28259,6,2004-07-20,2009-06-29,Socialist Group in the European Parliament
21813,10,2001-06-08,2004-07-19,Group of the Greens/European Free Alliance
21813,5,2001-06-08,2004-07-19,Group of the Greens/European Free Alliance
851,10,1979-07-17,1981-12-14,Non-attached
851,10,1981-12-15,1984-07-23,Group for the Technical Coordination and Defence of Independent Groups and Members
851,1,1979-07-17,1981-12-14,Non-attached
851,1,1981-12-15,1984-07-23,Group for the Technical Coordination and Defence of Independent Groups and Members
99416,10,2009-10-14,2014-06-30,Europe of freedom and democracy Group
99416,7,2009-10-14,2014-06-30,Europe of freedom and democracy Group
672,10,1981-08-28,1984-07-23,Group of the European People's Party (Christian-Democratic Group)
672,1,1981-08-28,1984-07-23,Group of the European People's Party (Christian-Democratic Group)
1054,10,1989-07-25,1989-09-24,The Green Group in the European Parliament
1054,10,1989-09-25,1994-07-18,Rainbow Group in the European Parliament
1054,2,1984-07-24,1987-02-27,Rainbow Group
1054,3,1989-07-25,1989-09-24,The Green Group in the European Parliament
1054,3,1989-09-25,1994-07-18,Rainbow Group in the European Parliament
1173,10,1989-07-25,1991-12-10,Socialist Group
1173,10,1991-12-11,1993-04-20,Socialist Group
1173,10,1993-04-21,1994-07-18,Group of the Party of European Socialists
1173,1,1979-07-17,1984-07-23,Socialist Group
1173,2,1984-07-24,1989-07-24,Socialist Group
1173,3,1989-07-25,1991-12-10,Socialist Group
1173,3,1991-12-11,1993-04-20,Socialist Group
1173,3,1993-04-21,1994-07-18,Group of the Party of European Socialists
1263,10,2014-07-01,2019-07-01,Group of the European People's Party (Christian Democrats)
1263,1,1980-06-17,1984-07-23,Group of the European People's Party (Christian-Democratic Group)
1263,2,1984-07-24,1989-07-24,Group of the European People's Party (Christian-Democratic Group)
1263,3,1989-07-25,1992-01-20,Group of the European People's Party (Christian-Democratic Group)
1263,3,1992-01-21,1992-02-11,Group of the European People's Party (Christian-Democratic Group)
1263,3,1992-02-12,1994-07-18,Group of the European People's Party (Christian-Democratic Group)
1263,4,1994-07-19,1994-11-28,Group of the European People's Party (Christian-Democratic Group)
1263,4,1994-11-29,1999-07-19,Group of the European People's Party (Christian-Democratic Group)
1263,5,1999-07-20,1999-10-11,Group of the European People's Party (Christian Democrats) and European Democrats
1263,5,1999-10-12,2002-03-07,Group of the European People's Party (Christian Democrats) and European Democrats
1263,5,2002-03-08,2004-07-19,Group of the European People's Party (Christian Democrats) and European Democrats
1263,6,2004-07-20,2004-08-30,Group of the European People's Party (Christian Democrats) and European Democrats
1263,6,2004-08-31,2009-07-13,Group of the European People's Party (Christian Democrats) and European Democrats
1263,7,2009-07-14,2009-07-23,Group of the European People's Party (Christian Democrats)
1263,7,2009-07-24,2014-06-30,Group of the European People's Party (Christian Democrats)
1263,8,2014-07-01,2019-07-01,Group of the European People's Party (Christian Democrats)
197705,10,2019-07-02,2020-01-31,Non-attached Members
197705,9,2019-07-02,2020-01-31,Non-attached Members
245858,10,2023-07-03,2024-07-15,Group of the Progressive Alliance of Socialists and Democrats in the European Parliament
245858,9,2023-07-03,2024-07-15,Group of the Progressive Alliance of Socialists and Democrats in the European Parliament
28262,10,2004-07-20,2009-07-13,Group of the Alliance of Liberals and Democrats for Europe
28262,6,2004-07-20,2009-07-13,Group of the Alliance of Liberals and Democrats for Europe
124731,10,2014-07-01,2019-07-01,Group of the European People's Party (Christian Democrats)
124731,8,2014-07-01,2019-07-01,Group of the European People's Party (Christian Democrats)
124806,10,2024-07-16,,Group of the European People's Party (Christian Democrats)
124806,8,2014-07-01,2019-07-01,Group of the European People's Party (Christian Democrats)
124806,9,2019-07-02,2024-07-15,Group of the European People's Party (Christian Democrats)
232,10,1990-09-10,1993-04-20,Socialist Group
232,10,1993-04-21,1994-07-18,Group of the Party of European Socialists
232,2,1986-01-01,1987-07-05,Socialist Group
232,3,1990-09-10,1993-04-20,Socialist Group
232,3,1993-04-21,1994-07-18,Group of the Party of European Socialists
1824,10,1984-07-24,1989-07-24,Group of the European Democratic Alliance
1824,2,1984-07-24,1989-07-24,Group of the European Democratic Alliance
1333,10,1999-07-20,2004-07-19,Group of the Party of European Socialists
1333,2,1987-07-06,1988-02-16,Communist and Allies Group
1333,2,1988-02-17,1989-07-24,Communist and Allies Group
1333,3,1989-07-25,1992-12-29,Group for the European United Left
1333,4,1994-07-19,1999-07-19,Group of the Party of European Socialists
1333,5,1999-07-20,2004-07-19,Group of the Party of European Socialists
1978,10,1994-07-19,1994-11-30,Group of the Party of European Socialists
1978,10,1994-12-01,1996-12-31,Group of the Party of European Socialists
1978,10,1997-01-01,1997-06-05,Group of the European Radical Alliance
1978,4,1994-07-19,1994-11-30,Group of the Party of European Socialists
1978,4,1994-12-01,1996-12-31,Group of the Party of European Socialists
1978,4,1997-01-01,1997-06-05,Group of the European Radical Alliance
125237,10,2019-07-02,2021-03-10,Non-attached Members
125237,10,2021-03-11,2024-07-15,Renew Europe Group
125237,8,2014-07-01,2014-10-15,Europe of Freedom and Direct Democracy Group
125237,8,2014-10-16,2014-10-19,Non-attached Members
125237,8,2014-10-20,2019-07-01,Europe of Freedom and Direct Democracy Group
125237,9,2019-07-02,2021-03-10,Non-attached Members
125237,9,2021-03-11,2024-07-15,Renew Europe Group
38160,10,2007-03-01,2007-10-16,Group of the European People's Party (Christian Democrats) and European Democrats
38160,6,2007-03-01,2007-10-16,Group of the European People's Party (Christian Democrats) and European Democrats
39762,10,2007-11-29,2008-01-14,Group of the Alliance of Liberals and Democrats for Europe
39762,10,2008-01-15,2009-07-13,Group of the Alliance of Liberals and Democrats for Europe
39762,6,2007-11-29,2008-01-14,Group of the Alliance of Liberals and Democrats for Europe
39762,6,2008-01-15,2009-07-13,Group of the Alliance of Liberals and Democrats for Europe
1881,10,1993-06-10,1994-07-18,Group of the European Democratic Alliance
1881,3,1993-06-10,1994-07-18,Group of the European Democratic Alliance
4377,10,2004-07-20,2009-07-13,Group of the Alliance of Liberals and Democrats for Europe
4377,5,1999-07-20,2004-07-19,Group of the Greens/European Free Alliance
4377,6,2004-07-20,2009-07-13,Group of the Alliance of Liberals and Democrats for Europe
692,10,1981-01-01,1981-10-18,Non-attached
692,1,1981-01-01,1981-10-18,Non-attached
96959,10,2009-07-14,2014-06-30,Group of the Alliance of Liberals and Democrats for Europe
96959,7,2009-07-14,2014-06-30,Group of the Alliance of Liberals and Democrats for Europe
771,10,1979-07-17,1981-11-22,Socialist Group
771,1,1979-07-17,1981-11-22,Socialist Group
4485,10,1999-07-20,2004-07-19,Group of the Party of European Socialists
4485,5,1999-07-20,2004-07-19,Group of the Party of European Socialists
1384,10,1994-07-19,1994-07-28,Group of the European People's Party (Christian-Democratic Group)
1384,10,1994-07-28,1997-01-15,Group of the European People's Party (Christian-Democratic Group)
1384,10,1997-01-16,1999-07-19,Group of the European People's Party (Christian-Democratic Group)
1384,1,1979-07-17,1984-07-23,European Democratic Group
1384,2,1984-07-24,1989-07-24,European Democratic Group
1384,3,1989-07-25,1992-02-04,European Democratic Group
1384,3,1992-02-05,1992-04-30,European Democratic Group
1384,3,1992-05-01,1992-05-13,Group of the European People's Party (Christian-Democratic Group)
1384,3,1992-05-14,1994-07-18,Group of the European People's Party (Christian-Democratic Group)
1384,4,1994-07-19,1994-07-28,Group of the European People's Party (Christian-Democratic Group)
1384,4,1994-07-28,1997-01-15,Group of the European People's Party (Christian-Democratic Group)
1384,4,1997-01-16,1999-07-19,Group of the European People's Party (Christian-Democratic Group)
250237,10,2023-11-16,2024-07-15,Group of the European People's Party (Christian Democrats)
250237,9,2023-11-16,2024-07-15,Group of the European People's Party (Christian Democrats)
28371,10,2004-07-20,2006-11-14,Non-attached Members
28371,10,2006-11-15,2008-06-09,Union for Europe of the Nations Group
28371,10,2008-06-10,2009-07-13,Group of the Alliance of Liberals and Democrats for Europe
28371,6,2004-07-20,2006-11-14,Non-attached Members
28371,6,2006-11-15,2008-06-09,Union for Europe of the Nations Group
28371,6,2008-06-10,2009-07-13,Group of the Alliance of Liberals and Democrats for Europe
96996,10,2018-04-17,2019-07-01,Europe of Nations and Freedom Group
96996,7,2009-07-14,2014-06-30,Europe of freedom and democracy Group
96996,8,2018-04-17,2019-07-01,Europe of Nations and Freedom Group
28351,10,2004-07-20,2009-07-13,Group of the European People's Party (Christian Democrats) and European Democrats
28351,6,2004-07-20,2009-07-13,Group of the European People's Party (Christian Democrats) and European Democrats
1203,10,1989-07-25,1993-04-20,Socialist Group
1203,10,1993-04-21,1993-07-07,Group of the Party of European Socialists
1203,10,1993-07-08,1994-07-18,Non-attached
1203,2,1984-07-24,1989-07-24,Socialist Group
1203,3,1989-07-25,1993-04-20,Socialist Group
1203,3,1993-04-21,1993-07-07,Group of the Party of European Socialists
1203,3,1993-07-08,1994-07-18,Non-attached
204371,10,2020-01-27,2020-01-31,Group of the Greens/European Free Alliance
204371,9,2020-01-27,2020-01-31,Group of the Greens/European Free Alliance
2096,10,1995-01-01,1996-11-10,Group of the European People's Party (Christian-Democratic Group)
2096,4,1995-01-01,1996-11-10,Group of the European People's Party (Christian-Democratic Group)
958,10,1989-10-26,1994-07-18,Non-attached
958,3,1989-10-26,1994-07-18,Non-attached
4440,10,2009-07-14,2014-06-30,Group of the Alliance of Liberals and Democrats for Europe
4440,5,1999-07-20,2004-07-19,"Group of the European Liberal, Democrat and Reform Party"
4440,6,2004-07-20,2009-07-13,Group of the Alliance of Liberals and Democrats for Europe
4440,7,2009-07-14,2014-06-30,Group of the Alliance of Liberals and Democrats for Europe
1300,10,1994-07-19,1999-07-19,Group of the Party of European Socialists
1300,3,1989-07-25,1993-04-20,Socialist Group
1300,3,1993-04-21,1994-07-18,Group of the Party of European Socialists
1300,4,1994-07-19,1999-07-19,Group of the Party of European Socialists
125101,10,2014-07-01,2016-12-11,Group of the Alliance of Liberals and Democrats for Europe
125101,10,2016-12-12,2019-07-01,Group of the European People's Party (Christian Democrats)
125101,8,2014-07-01,2016-12-11,Group of the Alliance of Liberals and Democrats for Europe
125101,8,2016-12-12,2019-07-01,Group of the European People's Party (Christian Democrats)
1431,10,2009-07-14,2014-06-30,Group of the European People's Party (Christian Democrats)
1431,2,1984-07-24,1989-07-24,Group of the European People's Party (Christian-Democratic Group)
1431,3,1989-07-25,1990-04-11,Group of the European People's Party (Christian-Democratic Group)
1431,5,1999-07-20,1999-10-11,Group of the European People's Party (Christian Democrats) and European Democrats
1431,5,1999-10-12,2000-04-09,Group of the European People's Party (Christian Democrats) and European Democrats
1431,5,2000-04-10,2000-09-03,Group of the European People's Party (Christian Democrats) and European Democrats
1431,7,2009-07-14,2014-06-30,Group of the European People's Party (Christian Democrats)
1803,10,1984-07-24,1987-08-25,Socialist Group
1803,1,1981-06-17,1984-07-23,Socialist Group
1803,2,1984-07-24,1987-08-25,Socialist Group
1068,10,1994-07-19,1994-09-05,Group of the Party of European Socialists
1068,10,1994-09-06,1997-07-15,Group of the Party of European Socialists
1068,1,1981-09-17,1984-07-23,Socialist Group
1068,2,1984-07-24,1986-03-09,Socialist Group
1068,2,1986-03-10,1989-07-24,Socialist Group
1068,3,1989-07-25,1993-04-20,Socialist Group
1068,3,1993-04-21,1994-07-18,Group of the Party of European Socialists
1068,4,1994-07-19,1994-09-05,Group of the Party of European Socialists
1068,4,1994-09-06,1997-07-15,Group of the Party of European Socialists
23718,10,2003-04-17,2004-04-30,Group of the Party of European Socialists
23718,10,2004-05-01,2004-07-19,Group of the Party of European Socialists
23718,5,2003-04-17,2004-04-30,Group of the Party of European Socialists
23718,5,2004-05-01,2004-07-19,Group of the Party of European Socialists
197814,10,2019-07-02,2020-01-31,Non-attached Members
197814,9,2019-07-02,2020-01-31,Non-attached Members
96920,10,2014-07-01,2019-07-01,European Conservatives and Reformists Group
96920,7,2009-07-14,2014-06-30,European Conservatives and Reformists Group
96920,8,2014-07-01,2019-07-01,European Conservatives and Reformists Group
855,10,1979-07-17,1984-07-23,Group of the European People's Party (Christian-Democratic Group)
855,1,1979-07-17,1984-07-23,Group of the European People's Party (Christian-Democratic Group)
28389,10,2019-07-02,2023-10-18,European Conservatives and Reformists Group
28389,6,2004-07-20,2005-12-12,Group of the European People's Party (Christian Democrats) and European Democrats
28389,6,2005-12-13,2009-07-13,Union for Europe of the Nations Group
28389,8,2014-07-01,2019-07-01,European Conservatives and Reformists Group
28389,9,2019-07-02,2023-10-18,European Conservatives and Reformists Group
28463,10,2009-07-14,2013-01-30,Group of the Greens/European Free Alliance
28463,6,2004-07-20,2009-07-13,Group of the European People's Party (Christian Democrats) and European Democrats
28463,7,2009-07-14,2013-01-30,Group of the Greens/European Free Alliance
792,10,1979-07-17,1984-07-23,Group of the European People's Party (Christian-Democratic Group)
792,1,1979-07-17,1984-07-23,Group of the European People's Party (Christian-Democratic Group)
1977,10,2004-07-20,2009-01-31,Socialist Group in the European Parliament
1977,4,1994-07-19,1999-07-19,Group of the Party of European Socialists
1977,5,1999-07-20,2004-07-19,Group of the Party of European Socialists
1977,6,2004-07-20,2009-01-31,Socialist Group in the European Parliament
197812,10,2019-07-02,2020-01-31,Group of the Greens/European Free Alliance
197812,9,2019-07-02,2020-01-31,Group of the Greens/European Free Alliance
124831,10,2019-07-02,2021-04-28,Non-attached Members
124831,10,2021-04-29,2024-07-15,Group of the European People's Party (Christian Democrats)
124831,8,2014-07-01,2014-10-15,Europe of Freedom and Direct Democracy Group
124831,8,2014-10-16,2014-10-19,Non-attached Members
124831,8,2014-10-20,2019-07-01,Europe of Freedom and Direct Democracy Group
124831,9,2019-07-02,2021-04-28,Non-attached Members
124831,9,2021-04-29,2024-07-15,Group of the European People's Party (Christian Democrats)
1684,10,1987-07-06,1987-09-16,Non-attached
1684,10,1987-09-17,1987-11-17,Technical Coordination and Defence of Independent Groups and Members
1684,10,1987-11-18,1987-12-16,Non-attached
1684,2,1987-07-06,1987-09-16,Non-attached
1684,2,1987-09-17,1987-11-17,Technical Coordination and Defence of Independent Groups and Members
1684,2,1987-11-18,1987-12-16,Non-attached
1711,10,1984-07-24,1987-03-31,Group of the European Democratic Alliance
1711,2,1984-07-24,1987-03-31,Group of the European Democratic Alliance
1884,10,1994-07-19,1999-07-19,Group of the European People's Party (Christian-Democratic Group)
1884,3,1993-07-13,1994-07-18,Group of the European People's Party (Christian-Democratic Group)
1884,4,1994-07-19,1999-07-19,Group of the European People's Party (Christian-Democratic Group)
39713,10,2014-07-01,2014-11-16,Group of the European People's Party (Christian Democrats)
39713,10,2014-11-17,2019-07-01,Group of the Alliance of Liberals and Democrats for Europe
39713,6,2007-12-10,2009-07-13,Group of the Alliance of Liberals and Democrats for Europe
39713,7,2009-07-14,2014-06-30,Group of the Alliance of Liberals and Democrats for Europe
39713,8,2014-07-01,2014-11-16,Group of the European People's Party (Christian Democrats)
39713,8,2014-11-17,2019-07-01,Group of the Alliance of Liberals and Democrats for Europe
1204,10,2014-07-01,2019-07-01,Group of the European People's Party (Christian Democrats)
1204,3,1989-07-25,1991-12-11,Liberal and Democratic Reformist Group
1204,3,1991-12-12,1992-01-20,Group of the European People's Party (Christian-Democratic Group)
1204,3,1992-01-21,1993-03-30,Group of the European People's Party (Christian-Democratic Group)
1204,5,1999-07-20,2004-07-19,Group of the European People's Party (Christian Democrats) and European Democrats
1204,6,2004-07-20,2004-11-13,Group of the European People's Party (Christian Democrats) and European Democrats
1204,6,2004-11-14,2009-07-13,Group of the European People's Party (Christian Democrats) and European Democrats
1204,7,2009-07-14,2009-07-20,Group of the European People's Party (Christian Democrats)
1204,7,2009-07-21,2014-06-30,Group of the European People's Party (Christian Democrats)
1204,8,2014-07-01,2019-07-01,Group of the European People's Party (Christian Democrats)
197735,10,2019-07-02,2023-08-16,Group of the Progressive Alliance of Socialists and Democrats in the European Parliament
197735,9,2019-07-02,2023-08-16,Group of the Progressive Alliance of Socialists and Democrats in the European Parliament
96669,10,2009-07-14,2011-02-24,Confederal Group of the European United Left
96669,7,2009-07-14,2011-02-24,Confederal Group of the European United Left
2262,10,1999-07-20,1999-10-12,Confederal Group of the European United Left/Nordic Green Left
2262,10,1999-10-13,2004-07-19,Confederal Group of the European United Left/Nordic Green Left
2262,4,1995-10-09,1997-02-13,Confederal Group of the European United Left/Nordic Green Left
2262,4,1997-02-14,1999-07-19,Confederal Group of the European United Left/Nordic Green Left
2262,5,1999-07-20,1999-10-12,Confederal Group of the European United Left/Nordic Green Left
2262,5,1999-10-13,2004-07-19,Confederal Group of the European United Left/Nordic Green Left
870,10,1979-07-17,1981-06-16,Socialist Group
870,1,1979-07-17,1981-06-16,Socialist Group
1251,10,1989-07-25,1994-07-18,Group of the European People's Party (Christian-Democratic Group)
1251,3,1989-07-25,1994-07-18,Group of the European People's Party (Christian-Democratic Group)
125030,10,2019-07-02,2024-07-15,Group of the European People's Party (Christian Democrats)
125030,8,2014-07-01,2019-07-01,Group of the European People's Party (Christian Democrats)
125030,9,2019-07-02,2024-07-15,Group of the European People's Party (Christian Democrats)
670,10,1979-07-17,1980-05-20,Liberal and Democratic Group
670,1,1979-07-17,1980-05-20,Liberal and Democratic Group
28212,10,2004-07-20,2004-09-30,Non-attached Members
28212,6,2004-07-20,2004-09-30,Non-attached Members
1809,10,1994-07-19,1999-07-19,Non-attached
1809,2,1988-10-07,1989-07-24,Group of the European Right
1809,4,1994-07-19,1999-07-19,Non-attached
1443,10,1999-07-20,2004-07-19,Union for Europe of the Nations Group
1443,2,1984-07-24,1989-07-24,Group of the European Democratic Alliance
1443,3,1989-07-25,1994-07-18,Group of the European Democratic Alliance
1443,4,1994-07-19,1995-07-04,Group of the European Democratic Alliance
1443,4,1995-07-05,1999-07-19,Group Union for Europe
1443,5,1999-07-20,2004-07-19,Union for Europe of the Nations Group
190799,10,2018-01-01,2019-07-01,Group of the Progressive Alliance of Socialists and Democrats in the European Parliament
190799,8,2018-01-01,2019-07-01,Group of the Progressive Alliance of Socialists and Democrats in the European Parliament
2067,10,1995-01-01,1995-01-17,Group of the Party of European Socialists
2067,10,1995-01-18,1995-02-08,Group of the Party of European Socialists
2067,10,1995-02-09,1995-10-08,Group of the Party of European Socialists
2067,10,1995-10-09,1995-10-12,Group of the Party of European Socialists
2067,10,1995-10-13,1997-02-03,Group of the Party of European Socialists
2067,10,1997-02-04,1999-07-19,Group of the Party of European Socialists
2067,4,1995-01-01,1995-01-17,Group of the Party of European Socialists
2067,4,1995-01-18,1995-02-08,Group of the Party of European Socialists
2067,4,1995-02-09,1995-10-08,Group of the Party of European Socialists
2067,4,1995-10-09,1995-10-12,Group of the Party of European Socialists
2067,4,1995-10-13,1997-02-03,Group of the Party of European Socialists
2067,4,1997-02-04,1999-07-19,Group of the Party of European Socialists
96868,10,2019-07-02,2024-07-15,Group of the Greens/European Free Alliance
96868,7,2009-07-14,2014-06-30,Group of the Greens/European Free Alliance
96868,8,2014-07-01,2019-07-01,Group of the Greens/European Free Alliance
96868,9,2019-07-02,2024-07-15,Group of the Greens/European Free Alliance
2165,10,1994-07-19,1995-07-04,Group of the European Democratic Alliance
2165,10,1995-07-05,1995-10-19,Group Union for Europe
2165,4,1994-07-19,1995-07-04,Group of the European Democratic Alliance
2165,4,1995-07-05,1995-10-19,Group Union for Europe
4436,10,2014-07-01,2018-03-19,Group of the Progressive Alliance of Socialists and Democrats in the European Parliament
4436,10,2018-03-20,2018-03-22,Group of the Progressive Alliance of Socialists and Democrats in the European Parliament
4436,5,1999-07-20,2004-07-19,Group of the Party of European Socialists
4436,6,2004-07-20,2009-07-13,Socialist Group in the European Parliament
4436,7,2009-07-14,2014-06-30,Group of the Progressive Alliance of Socialists and Democrats in the European Parliament
4436,8,2014-07-01,2018-03-19,Group of the Progressive Alliance of Socialists and Democrats in the European Parliament
4436,8,2018-03-20,2018-03-22,Group of the Progressive Alliance of Socialists and Democrats in the European Parliament
96951,10,2019-07-02,2020-01-31,Non-attached Members
96951,7,2009-07-14,2014-06-30,Non-attached Members
96951,8,2014-07-01,2019-07-01,Non-attached Members
96951,9,2019-07-02,2020-01-31,Non-attached Members
2069,10,1995-01-01,1995-10-08,Group of the Party of European Socialists
2069,4,1995-01-01,1995-10-08,Group of the Party of European Socialists
28342,10,2009-07-14,2012-01-18,Group of the Progressive Alliance of Socialists and Democrats in the European Parliament
28342,10,2012-01-19,2014-06-30,Group of the Progressive Alliance of Socialists and Democrats in the European Parliament
28342,6,2004-07-20,2009-07-13,Socialist Group in the European Parliament
28342,7,2009-07-14,2012-01-18,Group of the Progressive Alliance of Socialists and Democrats in the European Parliament
28342,7,2012-01-19,2014-06-30,Group of the Progressive Alliance of Socialists and Democrats in the European Parliament
28284,10,2014-07-01,2019-07-01,Group of the European People's Party (Christian Democrats)
28284,6,2004-07-20,2007-11-15,Group of the European People's Party (Christian Democrats) and European Democrats
28284,8,2014-07-01,2019-07-01,Group of the European People's Party (Christian Democrats)
96945,10,2014-07-01,2019-07-01,Group of the Alliance of Liberals and Democrats for Europe
96945,7,2009-07-14,2014-06-30,Group of the Alliance of Liberals and Democrats for Europe
96945,8,2014-07-01,2019-07-01,Group of the Alliance of Liberals and Democrats for Europe
2256,10,1995-05-19,1995-07-04,Group of the European Democratic Alliance
2256,10,1995-07-05,1999-07-19,Group Union for Europe
2256,4,1995-05-19,1995-07-04,Group of the European Democratic Alliance
2256,4,1995-07-05,1999-07-19,Group Union for Europe
131750,10,2015-03-02,2019-07-01,Group of the European People's Party (Christian Democrats)
131750,8,2015-03-02,2019-07-01,Group of the European People's Party (Christian Democrats)
1249,10,1999-07-20,2004-07-19,Group of the Party of European Socialists
1249,2,1984-07-24,1989-07-24,Socialist Group
1249,3,1989-07-25,1993-04-20,Socialist Group
1249,3,1993-04-21,1994-07-18,Group of the Party of European Socialists
1249,4,1994-07-19,1999-07-19,Group of the Party of European Socialists
1249,5,1999-07-20,2004-07-19,Group of the Party of European Socialists
245018,10,2024-07-16,,Group of the Progressive Alliance of Socialists and Democrats in the European Parliament
245018,9,2023-06-02,2024-07-15,Group of the Progressive Alliance of Socialists and Democrats in the European Parliament
124832,10,2014-07-01,2019-07-01,Non-attached Members
124832,8,2014-07-01,2019-07-01,Non-attached Members
28195,10,2004-07-20,2009-07-13,Non-attached Members
28195,6,2004-07-20,2009-07-13,Non-attached Members
1678,10,1984-07-24,1989-07-24,Socialist Group
1678,1,1979-07-17,1979-12-09,Socialist Group
1678,1,1979-12-10,1984-07-23,Socialist Group
1678,2,1984-07-24,1989-07-24,Socialist Group
4516,10,2014-07-01,2014-10-15,Europe of Freedom and Direct Democracy Group
4516,10,2014-10-16,2014-10-19,Non-attached Members
4516,10,2014-10-20,2017-07-31,Europe of Freedom and Direct Democracy Group
4516,5,1999-07-20,2004-07-19,Group of the European People's Party (Christian Democrats) and European Democrats
4516,6,2004-07-20,2005-06-07,Group of the European People's Party (Christian Democrats) and European Democrats
4516,6,2005-06-08,2009-07-13,Non-attached Members
4516,7,2009-07-14,2012-03-04,European Conservatives and Reformists Group
4516,7,2012-03-05,2014-06-30,Europe of freedom and democracy Group
4516,8,2014-07-01,2014-10-15,Europe of Freedom and Direct Democracy Group
4516,8,2014-10-16,2014-10-19,Non-attached Members
4516,8,2014-10-20,2017-07-31,Europe of Freedom and Direct Democracy Group
2275,10,1995-10-31,1997-01-17,Group Union for Europe
2275,4,1995-10-31,1997-01-17,Group Union for Europe
1557,10,1984-07-24,1989-07-24,Communist and Allies Group
1557,1,1979-07-17,1984-07-23,Communist and Allies Group
1557,2,1984-07-24,1989-07-24,Communist and Allies Group
249285,10,2023-09-24,2024-07-15,Group of the Greens/European Free Alliance
249285,9,2023-09-24,2024-07-15,Group of the Greens/European Free Alliance
22861,10,2004-07-20,2009-07-13,Union for Europe of the Nations Group
22861,5,2002-07-02,2004-07-19,Union for Europe of the Nations Group
22861,6,2004-07-20,2009-07-13,Union for Europe of the Nations Group
188623,10,2017-06-28,2019-07-01,European Conservatives and Reformists Group
188623,8,2017-06-28,2019-07-01,European Conservatives and Reformists Group
2167,10,1994-07-19,1995-07-04,Group of the European Democratic Alliance
2167,10,1995-07-05,1999-07-19,Group Union for Europe
2167,4,1994-07-19,1995-07-04,Group of the European Democratic Alliance
2167,4,1995-07-05,1999-07-19,Group Union for Europe
97513,10,2014-07-01,2015-06-14,Non-attached Members
97513,10,2015-06-15,2017-03-15,Europe of Nations and Freedom Group
97513,8,2014-07-01,2015-06-14,Non-attached Members
97513,8,2015-06-15,2017-03-15,Europe of Nations and Freedom Group
1271,10,1994-07-19,1997-10-06,Group of the European People's Party (Christian-Democratic Group)
1271,1,1979-07-17,1982-03-08,Group of the European People's Party (Christian-Democratic Group)
1271,1,1982-03-09,1984-07-23,Group of the European People's Party (Christian-Democratic Group)
1271,2,1984-07-24,1989-07-24,Group of the European People's Party (Christian-Democratic Group)
1271,3,1989-07-25,1992-01-21,Group of the European People's Party (Christian-Democratic Group)
1271,3,1992-01-22,1993-07-13,Group of the European People's Party (Christian-Democratic Group)
1271,3,1993-07-14,1994-07-18,Group of the European People's Party (Christian-Democratic Group)
1271,4,1994-07-19,1997-10-06,Group of the European People's Party (Christian-Democratic Group)
96883,10,2014-07-01,2019-07-01,Group of the Greens/European Free Alliance
96883,7,2009-07-14,2014-06-30,Group of the Greens/European Free Alliance
96883,8,2014-07-01,2019-07-01,Group of the Greens/European Free Alliance
124788,10,2014-07-01,2019-07-01,Group of the Progressive Alliance of Socialists and Democrats in the European Parliament
124788,8,2014-07-01,2019-07-01,Group of the Progressive Alliance of Socialists and Democrats in the European Parliament
2274,10,1995-10-30,1999-07-19,Group of the Party of European Socialists
2274,4,1995-10-30,1999-07-19,Group of the Party of European Socialists
1317,10,1989-07-25,1993-04-20,Socialist Group
1317,10,1993-04-21,1994-07-18,Group of the Party of European Socialists
1317,3,1989-07-25,1993-04-20,Socialist Group
1317,3,1993-04-21,1994-07-18,Group of the Party of European Socialists
1364,10,1999-07-20,2000-03-07,Group of the Party of European Socialists
1364,10,2000-03-08,2002-01-16,Group of the Party of European Socialists
1364,10,2002-01-17,2004-07-19,Group of the Party of European Socialists
1364,2,1987-09-14,1989-07-24,Socialist Group
1364,3,1989-07-25,1990-06-10,Socialist Group
1364,3,1990-06-11,1993-04-20,Socialist Group
1364,3,1993-04-21,1994-07-18,Group of the Party of European Socialists
1364,4,1994-07-19,1995-02-08,Group of the Party of European Socialists
1364,4,1995-02-09,1997-02-03,Group of the Party of European Socialists
1364,4,1997-02-04,1999-07-19,Group of the Party of European Socialists
1364,5,1999-07-20,2000-03-07,Group of the Party of European Socialists
1364,5,2000-03-08,2002-01-16,Group of the Party of European Socialists
1364,5,2002-01-17,2004-07-19,Group of the Party of European Socialists
96859,10,2009-07-14,2014-06-30,Group of the Progressive Alliance of Socialists and Democrats in the European Parliament
96859,7,2009-07-14,2014-06-30,Group of the Progressive Alliance of Socialists and Democrats in the European Parliament
97086,10,2009-07-14,2014-06-30,Group of the Alliance of Liberals and Democrats for Europe
97086,7,2009-07-14,2014-06-30,Group of the Alliance of Liberals and Democrats for Europe
1046,10,1989-07-25,1993-04-20,Socialist Group
1046,10,1993-04-21,1994-07-18,Group of the Party of European Socialists
1046,3,1989-07-25,1993-04-20,Socialist Group
1046,3,1993-04-21,1994-07-18,Group of the Party of European Socialists
2320,10,1997-08-13,1999-07-19,Group of the European Radical Alliance
2320,4,1997-08-13,1999-07-19,Group of the European Radical Alliance
1196,10,1994-07-19,1996-02-01,Group of the Party of European Socialists
1196,1,1979-07-17,1984-07-23,Socialist Group
1196,2,1984-07-24,1989-07-24,Socialist Group
1196,3,1989-07-25,1991-06-04,Socialist Group
1196,3,1991-06-05,1993-04-20,Socialist Group
1196,3,1993-04-21,1994-07-18,Group of the Party of European Socialists
1196,4,1994-07-19,1996-02-01,Group of the Party of European Socialists
197631,10,2019-07-02,2021-10-18,Renew Europe Group
197631,10,2021-10-19,2024-07-15,Renew Europe Group
197631,9,2019-07-02,2021-10-18,Renew Europe Group
197631,9,2021-10-19,2024-07-15,Renew Europe Group
2024,10,1999-07-20,2000-03-07,Group of the Party of European Socialists
2024,10,2000-03-08,2002-01-16,Group of the Party of European Socialists
2024,10,2002-01-17,2004-07-19,Group of the Party of European Socialists
2024,4,1994-07-19,1999-07-19,Group of the Party of European Socialists
2024,5,1999-07-20,2000-03-07,Group of the Party of European Socialists
2024,5,2000-03-08,2002-01-16,Group of the Party of European Socialists
2024,5,2002-01-17,2004-07-19,Group of the Party of European Socialists
124863,10,2014-07-01,2015-12-14,Confederal Group of the European United Left
124863,10,2015-12-15,2017-01-11,Confederal Group of the European United Left
124863,10,2017-01-12,2019-07-01,Confederal Group of the European United Left
124863,8,2014-07-01,2015-12-14,Confederal Group of the European United Left
124863,8,2015-12-15,2017-01-11,Confederal Group of the European United Left
124863,8,2017-01-12,2019-07-01,Confederal Group of the European United Left
1979,10,1999-07-20,2004-07-19,Group of the Party of European Socialists
1979,4,1994-07-19,1999-07-19,Group of the Party of European Socialists
1979,5,1999-07-20,2004-07-19,Group of the Party of European Socialists
1257,10,1989-07-25,1994-07-18,Group of the European People's Party (Christian-Democratic Group)
1257,1,1979-07-17,1984-07-23,Group of the European People's Party (Christian-Democratic Group)
1257,2,1984-07-24,1989-07-24,Group of the European People's Party (Christian-Democratic Group)
1257,3,1989-07-25,1994-07-18,Group of the European People's Party (Christian-Democratic Group)
1509,10,1986-12-05,1989-07-24,Group of the European Democratic Alliance
1509,2,1986-12-05,1989-07-24,Group of the European Democratic Alliance
1322,10,1994-07-19,1997-12-31,Group of the Party of European Socialists
1322,10,1998-01-01,1999-07-19,Confederal Group of the European United Left/Nordic Green Left
1322,3,1989-07-25,1993-04-20,Socialist Group
1322,3,1993-04-21,1994-07-18,Group of the Party of European Socialists
1322,4,1994-07-19,1997-12-31,Group of the Party of European Socialists
1322,4,1998-01-01,1999-07-19,Confederal Group of the European United Left/Nordic Green Left
33569,10,2014-07-01,2017-07-04,European Conservatives and Reformists Group
33569,10,2017-07-05,2019-07-01,European Conservatives and Reformists Group
33569,6,2005-05-12,2009-07-13,Group of the European People's Party (Christian Democrats) and European Democrats
33569,7,2009-07-14,2013-11-18,European Conservatives and Reformists Group
33569,7,2013-11-19,2014-06-30,European Conservatives and Reformists Group
33569,8,2014-07-01,2017-07-04,European Conservatives and Reformists Group
33569,8,2017-07-05,2019-07-01,European Conservatives and Reformists Group
124971,10,2014-07-01,2014-10-15,Europe of Freedom and Direct Democracy Group
124971,10,2014-10-16,2014-10-19,Non-attached Members
124971,10,2014-10-20,2018-05-27,Europe of Freedom and Direct Democracy Group
124971,10,2018-05-28,2019-01-09,Non-attached Members
124971,10,2019-01-10,2019-07-01,Europe of Freedom and Direct Democracy Group
124971,8,2014-07-01,2014-10-15,Europe of Freedom and Direct Democracy Group
124971,8,2014-10-16,2014-10-19,Non-attached Members
124971,8,2014-10-20,2018-05-27,Europe of Freedom and Direct Democracy Group
124971,8,2018-05-28,2019-01-09,Non-attached Members
124971,8,2019-01-10,2019-07-01,Europe of Freedom and Direct Democracy Group
2319,10,2009-07-14,2014-06-30,Group of the Progressive Alliance of Socialists and Democrats in the European Parliament
2319,4,1997-08-02,1997-09-17,Group of the Party of European Socialists
2319,6,2004-07-20,2009-07-13,Socialist Group in the European Parliament
2319,7,2009-07-14,2014-06-30,Group of the Progressive Alliance of Socialists and Democrats in the European Parliament
96906,10,2009-07-14,2012-08-31,Group of the Progressive Alliance of Socialists and Democrats in the European Parliament
96906,7,2009-07-14,2012-08-31,Group of the Progressive Alliance of Socialists and Democrats in the European Parliament
808,10,1979-07-17,1982-03-08,Group of the European People's Party (Christian-Democratic Group)
808,10,1982-03-09,1984-07-23,Group of the European People's Party (Christian-Democratic Group)
808,1,1979-07-17,1982-03-08,Group of the European People's Party (Christian-Democratic Group)
808,1,1982-03-09,1984-07-23,Group of the European People's Party (Christian-Democratic Group)
804,10,1981-11-02,1982-03-08,Group of the European People's Party (Christian-Democratic Group)
804,10,1982-03-09,1984-07-23,Group of the European People's Party (Christian-Democratic Group)
804,1,1981-11-02,1982-03-08,Group of the European People's Party (Christian-Democratic Group)
804,1,1982-03-09,1984-07-23,Group of the European People's Party (Christian-Democratic Group)
4464,10,1999-07-20,2004-07-19,Confederal Group of the European United Left/Nordic Green Left
4464,5,1999-07-20,2004-07-19,Confederal Group of the European United Left/Nordic Green Left
1047,10,1989-07-25,1993-04-20,Socialist Group
1047,10,1993-04-21,1994-07-18,Group of the Party of European Socialists
1047,3,1989-07-25,1993-04-20,Socialist Group
1047,3,1993-04-21,1994-07-18,Group of the Party of European Socialists
2127,10,1994-07-19,1997-02-04,Group of the European Radical Alliance
2127,4,1994-07-19,1997-02-04,Group of the European Radical Alliance
96850,10,2009-07-14,2012-06-16,Group of the European People's Party (Christian Democrats)
96850,7,2009-07-14,2012-06-16,Group of the European People's Party (Christian Democrats)
939,10,1979-07-17,1984-07-23,European Democratic Group
939,1,1979-07-17,1984-07-23,European Democratic Group
4486,10,1999-07-20,2004-07-19,Group of the Party of European Socialists
4486,5,1999-07-20,2004-07-19,Group of the Party of European Socialists
39715,10,2007-12-10,2008-12-18,Group of the European People's Party (Christian Democrats) and European Democrats
39715,6,2007-12-10,2008-12-18,Group of the European People's Party (Christian Democrats) and European Democrats
125063,10,2019-07-02,2022-05-04,Group of the European People's Party (Christian Democrats)
125063,10,2022-05-05,2024-07-15,Renew Europe Group
125063,8,2014-07-01,2019-07-01,Group of the European People's Party (Christian Democrats)
125063,9,2019-07-02,2022-05-04,Group of the European People's Party (Christian Democrats)
125063,9,2022-05-05,2024-07-15,Renew Europe Group
1747,10,1984-07-24,1985-12-12,Liberal and Democratic Group
1747,10,1985-12-13,1986-04-01,Liberal and Democratic Reformist Group
1747,2,1984-07-24,1985-12-12,Liberal and Democratic Group
1747,2,1985-12-13,1986-04-01,Liberal and Democratic Reformist Group
1566,10,2004-07-20,2006-04-27,Group of the Alliance of Liberals and Democrats for Europe
1566,1,1979-07-17,1979-12-09,Group for the Technical Coordination and Defence of Independent Groups and Members
1566,1,1979-12-10,1980-04-13,Group for the Technical Coordination and Defence of Independent Groups and Members
1566,1,1980-04-14,1984-07-23,Group for the Technical Coordination and Defence of Independent Groups and Members
1566,2,1984-07-24,1984-09-11,Non-attached
1566,2,1986-01-09,1987-09-16,Non-attached
1566,2,1987-09-17,1987-11-17,Technical Coordination and Defence of Independent Groups and Members
1566,2,1987-11-18,1988-04-12,Non-attached
1566,5,1999-07-20,2001-10-02,Technical Group of Independent Members
1566,5,2001-10-03,2004-07-19,Non-attached
1566,6,2004-07-20,2006-04-27,Group of the Alliance of Liberals and Democrats for Europe
96975,10,2009-07-14,2014-06-30,Group of the Progressive Alliance of Socialists and Democrats in the European Parliament
96975,7,2009-07-14,2014-06-30,Group of the Progressive Alliance of Socialists and Democrats in the European Parliament
1789,10,1984-07-24,1987-04-05,Group of the European People's Party (Christian-Democratic Group)
1789,10,1987-04-06,1989-07-24,Group of the European People's Party (Christian-Democratic Group)
1789,1,1979-07-17,1984-07-23,Group of the European People's Party (Christian-Democratic Group)
1789,2,1984-07-24,1987-04-05,Group of the European People's Party (Christian-Democratic Group)
1789,2,1987-04-06,1989-07-24,Group of the European People's Party (Christian-Democratic Group)
2277,10,1996-01-17,1996-11-10,Non-attached
2277,10,1996-11-11,1999-07-19,Non-attached
2277,4,1996-01-17,1996-11-10,Non-attached
2277,4,1996-11-11,1999-07-19,Non-attached
197808,10,2019-07-02,2024-07-15,Group of the Progressive Alliance of Socialists and Democrats in the European Parliament
197808,9,2019-07-02,2024-07-15,Group of the Progressive Alliance of Socialists and Democrats in the European Parliament
1350,10,1989-07-25,1992-10-08,Group of the European People's Party (Christian-Democratic Group)
1350,2,1986-01-01,1987-07-05,European Democratic Group
1350,2,1987-07-06,1989-07-24,European Democratic Group
1350,3,1989-07-25,1992-10-08,Group of the European People's Party (Christian-Democratic Group)
23830,10,2004-07-20,2004-12-05,Group of the Alliance of Liberals and Democrats for Europe
23830,10,2004-12-06,2009-07-13,Group of the Alliance of Liberals and Democrats for Europe
23830,5,2003-04-18,2004-04-30,"Group of the European Liberal, Democrat and Reform Party"
23830,5,2004-05-01,2004-07-19,"Group of the European Liberal, Democrat and Reform Party"
23830,6,2004-07-20,2004-12-05,Group of the Alliance of Liberals and Democrats for Europe
23830,6,2004-12-06,2009-07-13,Group of the Alliance of Liberals and Democrats for Europe
96838,10,2014-07-01,2019-07-01,Group of the European People's Party (Christian Democrats)
96838,7,2009-07-14,2014-06-30,Group of the European People's Party (Christian Democrats)
96838,8,2014-07-01,2019-07-01,Group of the European People's Party (Christian Democrats)
660,10,1979-07-17,1980-04-13,European Democratic Group
660,10,1980-04-14,1982-03-08,European Democratic Group
660,10,1982-03-09,1984-07-23,European Democratic Group
660,1,1979-07-17,1980-04-13,European Democratic Group
660,1,1980-04-14,1982-03-08,European Democratic Group
660,1,1982-03-09,1984-07-23,European Democratic Group
197472,10,2019-07-02,2024-07-15,Identity and Democracy Group
197472,9,2019-07-02,2024-07-15,Identity and Democracy Group
4278,10,2004-07-20,2004-08-30,Group of the European People's Party (Christian Democrats) and European Democrats
4278,10,2004-08-31,2007-02-14,Group of the European People's Party (Christian Democrats) and European Democrats
4278,10,2007-02-15,2009-07-13,Group of the European People's Party (Christian Democrats) and European Democrats
4278,5,1999-07-20,2004-07-19,Group of the European People's Party (Christian Democrats) and European Democrats
4278,6,2004-07-20,2004-08-30,Group of the European People's Party (Christian Democrats) and European Democrats
4278,6,2004-08-31,2007-02-14,Group of the European People's Party (Christian Democrats) and European Democrats
4278,6,2007-02-15,2009-07-13,Group of the European People's Party (Christian Democrats) and European Democrats
970,10,1989-07-25,1993-04-20,Socialist Group
970,10,1993-04-21,1994-07-18,Group of the Party of European Socialists
970,3,1989-07-25,1993-04-20,Socialist Group
970,3,1993-04-21,1994-07-18,Group of the Party of European Socialists
110977,10,2014-07-01,2015-06-14,Non-attached Members
110977,10,2015-06-15,2017-10-02,Europe of Nations and Freedom Group
110977,10,2017-10-03,2017-10-03,Non-attached Members
110977,10,2017-10-04,2019-07-01,Europe of Freedom and Direct Democracy Group
110977,8,2014-07-01,2015-06-14,Non-attached Members
110977,8,2015-06-15,2017-10-02,Europe of Nations and Freedom Group
110977,8,2017-10-03,2017-10-03,Non-attached Members
110977,8,2017-10-04,2019-07-01,Europe of Freedom and Direct Democracy Group
102931,10,2014-07-01,2019-07-01,Group of the Greens/European Free Alliance
102931,7,2010-06-02,2014-06-30,Group of the Greens/European Free Alliance
102931,8,2014-07-01,2019-07-01,Group of the Greens/European Free Alliance
1814,10,1984-07-24,1985-07-31,Group of the European People's Party (Christian-Democratic Group)
1814,10,1985-08-01,1986-03-09,Group of the European Democratic Alliance
1814,10,1986-03-10,1989-07-24,Group of the European Democratic Alliance
1814,2,1984-07-24,1985-07-31,Group of the European People's Party (Christian-Democratic Group)
1814,2,1985-08-01,1986-03-09,Group of the European Democratic Alliance
1814,2,1986-03-10,1989-07-24,Group of the European Democratic Alliance
1343,10,1989-07-25,1992-01-20,Group of the European People's Party (Christian-Democratic Group)
1343,10,1992-01-21,1994-07-18,Group of the European People's Party (Christian-Democratic Group)
1343,2,1986-01-01,1987-07-05,European Democratic Group
1343,2,1987-07-06,1989-07-24,European Democratic Group
1343,3,1989-07-25,1992-01-20,Group of the European People's Party (Christian-Democratic Group)
1343,3,1992-01-21,1994-07-18,Group of the European People's Party (Christian-Democratic Group)
124877,10,2024-07-16,,European Conservatives and Reformists Group
124877,8,2014-07-01,2019-07-01,European Conservatives and Reformists Group
124877,9,2019-07-02,2024-07-15,European Conservatives and Reformists Group
2143,10,1994-07-19,1994-11-28,Group of the European People's Party (Christian-Democratic Group)
2143,10,1994-11-29,1995-05-08,Group of the European People's Party (Christian-Democratic Group)
2143,10,1995-05-09,1999-07-19,Group of the European People's Party (Christian-Democratic Group)
2143,4,1994-07-19,1994-11-28,Group of the European People's Party (Christian-Democratic Group)
2143,4,1994-11-29,1995-05-08,Group of the European People's Party (Christian-Democratic Group)
2143,4,1995-05-09,1999-07-19,Group of the European People's Party (Christian-Democratic Group)
1929,10,2009-07-14,2014-06-30,Group of the European People's Party (Christian Democrats)
1929,4,1994-07-19,1999-07-19,Group of the European People's Party (Christian-Democratic Group)
1929,5,1999-07-20,2004-07-19,Group of the European People's Party (Christian Democrats) and European Democrats
1929,6,2004-07-20,2009-07-13,Group of the European People's Party (Christian Democrats) and European Democrats
1929,7,2009-07-14,2014-06-30,Group of the European People's Party (Christian Democrats)
96806,10,2014-07-01,2019-05-20,Group of the European People's Party (Christian Democrats)
96806,7,2009-07-14,2014-06-30,Group of the European People's Party (Christian Democrats)
96806,8,2014-07-01,2019-05-20,Group of the European People's Party (Christian Democrats)
1427,10,2000-02-08,2004-07-19,Group of the Party of European Socialists
1427,1,1979-07-17,1984-07-23,Socialist Group
1427,2,1984-07-24,1989-07-24,Socialist Group
1427,3,1989-07-25,1993-04-20,Socialist Group
1427,3,1993-04-21,1994-07-18,Group of the Party of European Socialists
1427,4,1994-07-19,1999-07-19,Group of the Party of European Socialists
1427,5,2000-02-08,2004-07-19,Group of the Party of European Socialists
39709,10,2007-12-10,2009-02-16,Group of the European People's Party (Christian Democrats) and European Democrats
39709,6,2007-12-10,2009-02-16,Group of the European People's Party (Christian Democrats) and European Democrats
926,10,1979-07-17,1984-07-23,Liberal and Democratic Group
926,1,1979-07-17,1984-07-23,Liberal and Democratic Group
109649,10,2011-09-22,2011-10-04,Confederal Group of the European United Left
109649,10,2011-10-05,2012-01-12,Confederal Group of the European United Left
109649,10,2012-01-13,2012-02-06,Confederal Group of the European United Left
109649,10,2012-02-07,2014-06-30,Confederal Group of the European United Left
109649,7,2011-09-22,2011-10-04,Confederal Group of the European United Left
109649,7,2011-10-05,2012-01-12,Confederal Group of the European United Left
109649,7,2012-01-13,2012-02-06,Confederal Group of the European United Left
109649,7,2012-02-07,2014-06-30,Confederal Group of the European United Left
4466,10,2009-07-14,2012-01-17,Confederal Group of the European United Left
4466,5,1999-07-20,2002-03-05,Confederal Group of the European United Left/Nordic Green Left
4466,5,2002-03-06,2004-07-19,Confederal Group of the European United Left/Nordic Green Left
4466,6,2004-07-20,2009-07-13,Confederal Group of the European United Left
4466,7,2009-07-14,2012-01-17,Confederal Group of the European United Left
35135,10,2015-01-08,2019-07-01,European Conservatives and Reformists Group
35135,8,2015-01-08,2019-07-01,European Conservatives and Reformists Group
96845,10,2009-07-14,2014-06-30,Non-attached Members
96845,7,2009-07-14,2014-06-30,Non-attached Members
38511,10,2024-07-16,,Patriots for Europe Group
38511,8,2014-07-01,2015-06-14,Non-attached Members
38511,8,2015-06-15,2018-02-14,Europe of Nations and Freedom Group
38511,8,2018-02-16,2019-07-01,Europe of Nations and Freedom Group
38511,9,2019-07-02,2024-07-15,Identity and Democracy Group
1906,10,2009-07-14,2012-01-18,Group of the Progressive Alliance of Socialists and Democrats in the European Parliament
1906,10,2012-01-19,2014-06-30,Group of the Progressive Alliance of Socialists and Democrats in the European Parliament
1906,4,1994-07-19,1999-07-19,Group of the Party of European Socialists
1906,5,1999-07-20,2004-07-19,Group of the Party of European Socialists
1906,6,2004-07-20,2009-07-13,Socialist Group in the European Parliament
1906,7,2009-07-14,2012-01-18,Group of the Progressive Alliance of Socialists and Democrats in the European Parliament
1906,7,2012-01-19,2014-06-30,Group of the Progressive Alliance of Socialists and Democrats in the European Parliament
1777,10,1984-07-24,1986-10-03,Socialist Group
1777,2,1984-07-24,1986-10-03,Socialist Group
4416,10,1999-07-20,2001-07-04,Group for a Europe of Democracies and Diversities
4416,10,2001-07-05,2004-07-19,Group for a Europe of Democracies and Diversities
4416,5,1999-07-20,2001-07-04,Group for a Europe of Democracies and Diversities
4416,5,2001-07-05,2004-07-19,Group for a Europe of Democracies and Diversities
189507,10,2017-09-05,2019-07-01,Europe of Freedom and Direct Democracy Group
189507,8,2017-09-05,2019-07-01,Europe of Freedom and Direct Democracy Group
1088,10,1989-07-25,1990-11-18,Group of the European People's Party (Christian-Democratic Group)
1088,10,1990-11-19,1992-01-20,Group of the European People's Party (Christian-Democratic Group)
1088,10,1992-01-21,1994-04-27,Group of the European People's Party (Christian-Democratic Group)
1088,3,1989-07-25,1990-11-18,Group of the European People's Party (Christian-Democratic Group)
1088,3,1990-11-19,1992-01-20,Group of the European People's Party (Christian-Democratic Group)
1088,3,1992-01-21,1994-04-27,Group of the European People's Party (Christian-Democratic Group)
28220,10,2014-07-01,2019-07-01,Group of the European People's Party (Christian Democrats)
28220,6,2004-07-20,2007-02-14,Group of the European People's Party (Christian Democrats) and European Democrats
28220,6,2007-02-15,2009-07-13,Group of the European People's Party (Christian Democrats) and European Democrats
28220,7,2009-07-14,2009-07-23,Group of the European People's Party (Christian Democrats)
28220,7,2009-07-24,2014-06-30,Group of the European People's Party (Christian Democrats)
28220,8,2014-07-01,2019-07-01,Group of the European People's Party (Christian Democrats)
1214,10,1989-07-25,1990-12-10,Technical Group of the European Right
1214,10,1990-12-11,1993-06-01,Technical Group of the European Right
1214,10,1993-06-02,1994-07-18,Technical Group of the European Right
1214,3,1989-07-25,1990-12-10,Technical Group of the European Right
1214,3,1990-12-11,1993-06-01,Technical Group of the European Right
1214,3,1993-06-02,1994-07-18,Technical Group of the European Right
204419,10,2024-07-16,,Renew Europe Group
204419,9,2020-02-04,2024-07-15,Renew Europe Group
736,10,1981-12-16,1983-03-09,Group of European Progressive Democrats
736,1,1981-12-16,1983-03-09,Group of European Progressive Democrats
1357,10,1989-07-25,1994-01-10,Liberal and Democratic Reformist Group
1357,2,1986-01-01,1987-09-13,Liberal and Democratic Reformist Group
1357,2,1987-09-14,1989-07-24,Liberal and Democratic Reformist Group
1357,3,1989-07-25,1994-01-10,Liberal and Democratic Reformist Group
841,10,1979-07-17,1982-08-19,Group of the European People's Party (Christian-Democratic Group)
841,1,1979-07-17,1982-08-19,Group of the European People's Party (Christian-Democratic Group)
197410,10,2024-07-16,,Group of the European People's Party (Christian Democrats)
197410,9,2019-07-02,2024-07-15,Group of the European People's Party (Christian Democrats)
2139,10,1994-07-19,1996-12-30,Group of the European Radical Alliance
2139,10,1996-12-31,1997-08-11,The Green Group in the European Parliament
2139,4,1994-07-19,1996-12-30,Group of the European Radical Alliance
2139,4,1996-12-31,1997-08-11,The Green Group in the European Parliament
23765,10,2003-04-23,2004-04-30,Group of the Party of European Socialists
23765,10,2004-05-01,2004-07-19,Group of the Party of European Socialists
23765,5,2003-04-23,2004-04-30,Group of the Party of European Socialists
23765,5,2004-05-01,2004-07-19,Group of the Party of European Socialists
4474,10,1999-07-20,2004-07-19,Group of the European People's Party (Christian Democrats) and European Democrats
4474,5,1999-07-20,2004-07-19,Group of the European People's Party (Christian Democrats) and European Democrats
28115,10,2019-07-02,2019-09-16,Group of the European People's Party (Christian Democrats)
28115,10,2019-09-17,2020-10-11,Group of the European People's Party (Christian Democrats)
28115,6,2004-07-20,2009-07-13,Group of the European People's Party (Christian Democrats) and European Democrats
28115,7,2009-07-14,2013-04-15,Group of the European People's Party (Christian Democrats)
28115,7,2013-04-16,2014-06-30,Group of the European People's Party (Christian Democrats)
28115,8,2014-07-01,2019-07-01,Group of the European People's Party (Christian Democrats)
28115,9,2019-07-02,2019-09-16,Group of the European People's Party (Christian Democrats)
28115,9,2019-09-17,2020-10-11,Group of the European People's Party (Christian Democrats)
39022,10,2007-08-30,2009-07-13,Union for Europe of the Nations Group
39022,6,2007-08-30,2009-07-13,Union for Europe of the Nations Group
23781,10,2024-07-16,,Group of the European People's Party (Christian Democrats)
23781,5,2003-04-23,2004-04-30,Group of the European People's Party (Christian Democrats) and European Democrats
23781,5,2004-05-01,2004-07-19,Group of the European People's Party (Christian Democrats) and European Democrats
23781,6,2004-07-20,2004-08-30,Group of the European People's Party (Christian Democrats) and European Democrats
23781,6,2004-08-31,2007-02-14,Group of the European People's Party (Christian Democrats) and European Democrats
23781,6,2007-02-15,2009-07-13,Group of the European People's Party (Christian Democrats) and European Democrats
23781,7,2009-07-14,2010-02-09,Group of the European People's Party (Christian Democrats)
23781,8,2014-07-01,2019-07-01,Group of the European People's Party (Christian Democrats)
23781,9,2019-07-02,2024-07-15,Group of the European People's Party (Christian Democrats)
2340,10,2007-04-23,2009-07-13,Group of the Alliance of Liberals and Democrats for Europe
2340,4,1999-04-13,1999-07-19,"Group of the European Liberal, Democrat and Reform Party"
2340,5,1999-07-20,2004-07-19,"Group of the European Liberal, Democrat and Reform Party"
2340,6,2007-04-23,2009-07-13,Group of the Alliance of Liberals and Democrats for Europe
124967,10,2014-07-01,2014-10-15,Europe of Freedom and Direct Democracy Group
124967,10,2014-10-16,2014-10-19,Non-attached Members
124967,10,2014-10-20,2019-07-01,Europe of Freedom and Direct Democracy Group
124967,8,2014-07-01,2014-10-15,Europe of Freedom and Direct Democracy Group
124967,8,2014-10-16,2014-10-19,Non-attached Members
124967,8,2014-10-20,2019-07-01,Europe of Freedom and Direct Democracy Group
1995,10,1999-07-20,1999-10-11,Group of the European People's Party (Christian Democrats) and European Democrats
1995,10,1999-10-12,2002-03-07,Group of the European People's Party (Christian Democrats) and European Democrats
1995,10,2002-03-08,2002-07-09,Group of the European People's Party (Christian Democrats) and European Democrats
1995,4,1994-07-19,1999-07-19,Group of the European People's Party (Christian-Democratic Group)
1995,5,1999-07-20,1999-10-11,Group of the European People's Party (Christian Democrats) and European Democrats
1995,5,1999-10-12,2002-03-07,Group of the European People's Party (Christian Democrats) and European Democrats
1995,5,2002-03-08,2002-07-09,Group of the European People's Party (Christian Democrats) and European Democrats
28332,10,2004-07-20,2006-12-12,Independence/Democracy Group
28332,10,2006-12-13,2009-07-13,Union for Europe of the Nations Group
28332,6,2004-07-20,2006-12-12,Independence/Democracy Group
28332,6,2006-12-13,2009-07-13,Union for Europe of the Nations Group
1372,10,1989-07-25,1994-07-18,Group of the European People's Party (Christian-Democratic Group)
1372,2,1987-09-14,1989-07-24,Group of the European People's Party (Christian-Democratic Group)
1372,3,1989-07-25,1994-07-18,Group of the European People's Party (Christian-Democratic Group)
28162,10,2009-07-14,2012-01-18,Group of the Progressive Alliance of Socialists and Democrats in the European Parliament
28162,10,2012-01-19,2012-05-15,Group of the Progressive Alliance of Socialists and Democrats in the European Parliament
28162,6,2004-07-20,2009-07-13,Socialist Group in the European Parliament
28162,7,2009-07-14,2012-01-18,Group of the Progressive Alliance of Socialists and Democrats in the European Parliament
28162,7,2012-01-19,2012-05-15,Group of the Progressive Alliance of Socialists and Democrats in the European Parliament
124882,10,2014-07-01,2015-11-15,European Conservatives and Reformists Group
124882,8,2014-07-01,2015-11-15,European Conservatives and Reformists Group
96747,10,2019-07-02,2024-07-15,Group of the European People's Party (Christian Democrats)
96747,7,2009-07-14,2009-07-20,Group of the European People's Party (Christian Democrats)
96747,7,2009-07-21,2014-06-30,Group of the European People's Party (Christian Democrats)
96747,8,2014-07-01,2019-07-01,Group of the European People's Party (Christian Democrats)
96747,9,2019-07-02,2024-07-15,Group of the European People's Party (Christian Democrats)
2261,10,1999-07-20,1999-10-11,Group of the European People's Party (Christian Democrats) and European Democrats
2261,10,1999-10-12,2002-03-07,Group of the European People's Party (Christian Democrats) and European Democrats
2261,10,2002-03-08,2002-09-30,Group of the European People's Party (Christian Democrats) and European Democrats
2261,4,1995-10-09,1999-07-19,Group of the European People's Party (Christian-Democratic Group)
2261,5,1999-07-20,1999-10-11,Group of the European People's Party (Christian Democrats) and European Democrats
2261,5,1999-10-12,2002-03-07,Group of the European People's Party (Christian Democrats) and European Democrats
2261,5,2002-03-08,2002-09-30,Group of the European People's Party (Christian Democrats) and European Democrats
197799,10,2019-07-02,2024-07-15,Identity and Democracy Group
197799,9,2019-07-02,2024-07-15,Identity and Democracy Group
197831,10,2024-07-16,,Patriots for Europe Group
197831,9,2019-07-02,2024-07-15,European Conservatives and Reformists Group
254722,10,2024-04-02,2024-07-15,Group of the European People's Party (Christian Democrats)
254722,9,2024-04-02,2024-07-15,Group of the European People's Party (Christian Democrats)
197715,10,2019-07-02,2020-01-31,Non-attached Members
197715,9,2019-07-02,2020-01-31,Non-attached Members
97131,10,2009-07-14,2014-06-30,Group of the Alliance of Liberals and Democrats for Europe
97131,7,2009-07-14,2014-06-30,Group of the Alliance of Liberals and Democrats for Europe
1577,10,1988-01-11,1989-07-24,Rainbow Group
1577,2,1988-01-11,1989-07-24,Rainbow Group
131749,10,2015-03-25,2019-07-01,Confederal Group of the European United Left
131749,8,2015-03-25,2019-07-01,Confederal Group of the European United Left
197765,10,2019-07-02,2024-07-15,Group of the European People's Party (Christian Democrats)
197765,9,2019-07-02,2024-07-15,Group of the European People's Party (Christian Democrats)
2091,10,1995-01-01,1995-01-17,Group of the Party of European Socialists
2091,10,1995-01-18,1995-02-08,Group of the Party of European Socialists
2091,10,1995-02-09,1996-11-10,Group of the Party of European Socialists
2091,10,1996-11-11,1997-02-03,Group of the Party of European Socialists
2091,10,1997-02-04,1999-07-19,Group of the Party of European Socialists
2091,4,1995-01-01,1995-01-17,Group of the Party of European Socialists
2091,4,1995-01-18,1995-02-08,Group of the Party of European Socialists
2091,4,1995-02-09,1996-11-10,Group of the Party of European Socialists
2091,4,1996-11-11,1997-02-03,Group of the Party of European Socialists
2091,4,1997-02-04,1999-07-19,Group of the Party of European Socialists
197670,10,2024-07-16,,Group of the Progressive Alliance of Socialists and Democrats in the European Parliament
197670,9,2019-07-02,2024-07-15,Group of the Progressive Alliance of Socialists and Democrats in the European Parliament
4280,10,2004-07-20,2004-11-13,Group of the European People's Party (Christian Democrats) and European Democrats
4280,10,2004-11-14,2005-06-29,Group of the European People's Party (Christian Democrats) and European Democrats
4280,5,1999-07-20,2004-07-19,Group of the European People's Party (Christian Democrats) and European Democrats
4280,6,2004-07-20,2004-11-13,Group of the European People's Party (Christian Democrats) and European Democrats
4280,6,2004-11-14,2005-06-29,Group of the European People's Party (Christian Democrats) and European Democrats
197579,10,2024-07-16,,Group of the Progressive Alliance of Socialists and Democrats in the European Parliament
197579,9,2019-07-02,2024-07-15,Group of the Progressive Alliance of Socialists and Democrats in the European Parliament
1463,10,1994-07-19,1994-09-05,Group of the Party of European Socialists
1463,10,1994-09-06,1999-07-19,Group of the Party of European Socialists
1463,2,1984-07-24,1989-07-24,Socialist Group
1463,3,1989-07-25,1993-04-20,Socialist Group
1463,3,1993-04-21,1993-10-25,Group of the Party of European Socialists
1463,3,1993-10-26,1994-07-18,Group of the Party of European Socialists
1463,4,1994-07-19,1994-09-05,Group of the Party of European Socialists
1463,4,1994-09-06,1999-07-19,Group of the Party of European Socialists
33990,10,2009-07-14,2011-03-22,Group of the Progressive Alliance of Socialists and Democrats in the European Parliament
33990,10,2011-03-23,2014-06-30,Non-attached Members
33990,6,2005-09-26,2006-12-31,Socialist Group in the European Parliament
33990,6,2007-01-01,2007-12-09,Socialist Group in the European Parliament
33990,6,2007-12-10,2009-07-13,Socialist Group in the European Parliament
33990,7,2009-07-14,2011-03-22,Group of the Progressive Alliance of Socialists and Democrats in the European Parliament
33990,7,2011-03-23,2014-06-30,Non-attached Members
28577,10,2004-07-20,2007-09-25,Socialist Group in the European Parliament
28577,6,2004-07-20,2007-09-25,Socialist Group in the European Parliament
28337,10,2004-07-20,2006-12-12,Independence/Democracy Group
28337,10,2006-12-13,2009-07-13,Union for Europe of the Nations Group
28337,6,2004-07-20,2006-12-12,Independence/Democracy Group
28337,6,2006-12-13,2009-07-13,Union for Europe of the Nations Group
705,10,1979-07-17,1981-09-16,Socialist Group
705,1,1979-07-17,1981-09-16,Socialist Group
112611,10,2019-07-02,2024-05-31,Group of the European People's Party (Christian Democrats)
112611,7,2012-03-01,2014-06-30,Group of the European People's Party (Christian Democrats)
112611,8,2014-07-01,2019-07-01,Group of the European People's Party (Christian Democrats)
112611,9,2019-07-02,2024-05-31,Group of the European People's Party (Christian Democrats)
742,10,1979-07-17,1984-07-23,Group of the European People's Party (Christian-Democratic Group)
742,1,1979-07-17,1984-07-23,Group of the European People's Party (Christian-Democratic Group)
4484,10,1999-07-20,2004-07-19,Group of the European People's Party (Christian Democrats) and European Democrats
4484,5,1999-07-20,2004-07-19,Group of the European People's Party (Christian Democrats) and European Democrats
28417,10,2004-07-20,2005-05-15,Group of the European People's Party (Christian Democrats) and European Democrats
28417,6,2004-07-20,2005-05-15,Group of the European People's Party (Christian Democrats) and European Democrats
4429,10,2009-07-14,2014-06-30,Group of the Progressive Alliance of Socialists and Democrats in the European Parliament
4429,5,1999-07-20,2004-07-19,Group of the Party of European Socialists
4429,6,2004-07-20,2009-07-13,Socialist Group in the European Parliament
4429,7,2009-07-14,2014-06-30,Group of the Progressive Alliance of Socialists and Democrats in the European Parliament
35743,10,2014-07-01,2017-10-02,Group of the Progressive Alliance of Socialists and Democrats in the European Parliament
35743,6,2006-01-01,2009-07-13,Socialist Group in the European Parliament
35743,7,2009-07-14,2014-06-30,Group of the Progressive Alliance of Socialists and Democrats in the European Parliament
35743,8,2014-07-01,2017-10-02,Group of the Progressive Alliance of Socialists and Democrats in the European Parliament
37761,10,2007-01-18,2009-07-13,Socialist Group in the European Parliament
37761,6,2007-01-18,2009-07-13,Socialist Group in the European Parliament
124953,10,2019-07-02,2020-01-31,Group of the Progressive Alliance of Socialists and Democrats in the European Parliament
124953,8,2014-07-01,2019-07-01,Group of the Progressive Alliance of Socialists and Democrats in the European Parliament
124953,9,2019-07-02,2020-01-31,Group of the Progressive Alliance of Socialists and Democrats in the European Parliament
1762,10,1984-07-24,1988-03-24,Group of the European People's Party (Christian-Democratic Group)
1762,1,1979-07-17,1984-07-23,Group of the European People's Party (Christian-Democratic Group)
1762,2,1984-07-24,1988-03-24,Group of the European People's Party (Christian-Democratic Group)
96911,10,2019-07-02,2022-05-12,Group of the Progressive Alliance of Socialists and Democrats in the European Parliament
96911,7,2009-07-14,2014-06-30,Group of the Progressive Alliance of Socialists and Democrats in the European Parliament
96911,8,2014-07-01,2018-04-16,Group of the Progressive Alliance of Socialists and Democrats in the European Parliament
96911,8,2018-04-17,2019-07-01,Group of the Progressive Alliance of Socialists and Democrats in the European Parliament
96911,9,2019-07-02,2022-05-12,Group of the Progressive Alliance of Socialists and Democrats in the European Parliament
1087,10,1989-07-25,1994-07-18,Group of the European People's Party (Christian-Democratic Group)
1087,1,1979-07-17,1984-07-23,Group of the European People's Party (Christian-Democratic Group)
1087,2,1984-07-24,1989-07-24,Group of the European People's Party (Christian-Democratic Group)
1087,3,1989-07-25,1994-07-18,Group of the European People's Party (Christian-Democratic Group)
204449,10,2024-07-16,,Group of the European People's Party (Christian Democrats)
204449,9,2020-02-01,2024-07-15,Group of the European People's Party (Christian Democrats)
1472,10,1989-07-25,1994-07-18,Liberal and Democratic Reformist Group
1472,1,1980-05-21,1984-07-23,Liberal and Democratic Group
1472,2,1984-07-24,1985-12-12,Liberal and Democratic Group
1472,2,1985-12-13,1987-04-05,Liberal and Democratic Reformist Group
1472,2,1987-04-06,1988-05-13,Liberal and Democratic Reformist Group
1472,2,1988-05-14,1989-07-24,Liberal and Democratic Reformist Group
1472,3,1989-07-25,1994-07-18,Liberal and Democratic Reformist Group
124829,10,2014-07-01,2017-02-08,European Conservatives and Reformists Group
124829,10,2017-02-09,2018-01-07,European Conservatives and Reformists Group
124829,10,2018-01-08,2018-07-03,European Conservatives and Reformists Group
124829,10,2018-07-04,2019-07-01,European Conservatives and Reformists Group
124829,8,2014-07-01,2017-02-08,European Conservatives and Reformists Group
124829,8,2017-02-09,2018-01-07,European Conservatives and Reformists Group
124829,8,2018-01-08,2018-07-03,European Conservatives and Reformists Group
124829,8,2018-07-04,2019-07-01,European Conservatives and Reformists Group
23822,10,2003-04-18,2004-04-30,Group of the European People's Party (Christian Democrats) and European Democrats
23822,10,2004-05-01,2004-07-19,Group of the European People's Party (Christian Democrats) and European Democrats
23822,5,2003-04-18,2004-04-30,Group of the European People's Party (Christian Democrats) and European Democrats
23822,5,2004-05-01,2004-07-19,Group of the European People's Party (Christian Democrats) and European Democrats
39023,10,2007-08-31,2009-07-13,Socialist Group in the European Parliament
39023,6,2007-08-31,2009-07-13,Socialist Group in the European Parliament
116823,10,2012-12-17,2014-02-27,Group of the Progressive Alliance of Socialists and Democrats in the European Parliament
116823,7,2012-12-17,2014-02-27,Group of the Progressive Alliance of Socialists and Democrats in the European Parliament
237320,10,2022-09-15,2024-07-15,Renew Europe Group
237320,9,2022-09-15,2024-07-15,Renew Europe Group
28340,10,2019-07-02,2024-07-15,Group of the Progressive Alliance of Socialists and Democrats in the European Parliament
28340,6,2004-07-20,2009-07-13,Group of the Alliance of Liberals and Democrats for Europe
28340,7,2009-07-14,2010-10-05,Group of the Progressive Alliance of Socialists and Democrats in the European Parliament
28340,7,2010-10-06,2012-01-18,Group of the Progressive Alliance of Socialists and Democrats in the European Parliament
28340,7,2012-01-19,2014-06-30,Group of the Progressive Alliance of Socialists and Democrats in the European Parliament
28340,8,2014-07-01,2019-07-01,Group of the Progressive Alliance of Socialists and Democrats in the European Parliament
28340,9,2019-07-02,2024-07-15,Group of the Progressive Alliance of Socialists and Democrats in the European Parliament
1907,10,2009-07-14,2014-06-30,Group of the Progressive Alliance of Socialists and Democrats in the European Parliament
1907,4,1994-07-19,1999-07-19,Group of the Party of European Socialists
1907,5,1999-07-20,2004-07-19,Group of the Party of European Socialists
1907,6,2004-07-20,2009-07-13,Socialist Group in the European Parliament
1907,7,2009-07-14,2014-06-30,Group of the Progressive Alliance of Socialists and Democrats in the European Parliament
124895,10,2024-07-16,,Group of the European People's Party (Christian Democrats)
124895,8,2014-07-01,2019-07-01,Group of the European People's Party (Christian Democrats)
124895,9,2019-07-02,2023-10-18,Group of the European People's Party (Christian Democrats)
230085,10,2024-07-16,,Group of the Progressive Alliance of Socialists and Democrats in the European Parliament
230085,9,2022-01-12,2024-07-15,Group of the Progressive Alliance of Socialists and Democrats in the European Parliament
28585,10,2004-07-20,2008-05-19,Confederal Group of the European United Left
28585,6,2004-07-20,2008-05-19,Confederal Group of the European United Left
124732,10,2014-07-01,2019-07-01,Group of the European People's Party (Christian Democrats)
124732,8,2014-07-01,2019-07-01,Group of the European People's Party (Christian Democrats)
125684,10,2014-07-01,2015-06-14,Non-attached Members
125684,10,2015-06-15,2019-07-01,Europe of Nations and Freedom Group
125684,8,2014-07-01,2015-06-14,Non-attached Members
125684,8,2015-06-15,2019-07-01,Europe of Nations and Freedom Group
1826,10,1987-07-06,1989-07-24,European Democratic Group
1826,2,1987-07-06,1989-07-24,European Democratic Group
846,10,1979-07-17,1980-09-30,Group of European Progressive Democrats
846,1,1979-07-17,1980-09-30,Group of European Progressive Democrats
1187,10,1989-07-25,1993-04-20,Socialist Group
1187,10,1993-04-21,1994-07-18,Group of the Party of European Socialists
1187,2,1984-07-24,1989-07-24,Socialist Group
1187,3,1989-07-25,1993-04-20,Socialist Group
1187,3,1993-04-21,1994-07-18,Group of the Party of European Socialists
1938,10,2004-07-20,2009-07-13,Socialist Group in the European Parliament
1938,4,1994-07-19,1999-07-19,Group of the Party of European Socialists
1938,5,1999-07-20,2000-03-07,Group of the Party of European Socialists
1938,5,2000-03-08,2002-01-16,Group of the Party of European Socialists
1938,5,2002-01-17,2004-07-19,Group of the Party of European Socialists
1938,6,2004-07-20,2009-07-13,Socialist Group in the European Parliament
119434,10,2019-07-02,2019-11-30,Group of the European People's Party (Christian Democrats)
119434,7,2013-07-01,2013-09-04,Group of the European People's Party (Christian Democrats)
119434,7,2013-09-05,2014-06-30,Group of the European People's Party (Christian Democrats)
119434,8,2014-07-01,2019-07-01,Group of the European People's Party (Christian Democrats)
119434,9,2019-07-02,2019-11-30,Group of the European People's Party (Christian Democrats)
892,10,1979-07-17,1984-07-23,Group of European Progressive Democrats
892,1,1979-07-17,1984-07-23,Group of European Progressive Democrats
23879,10,2003-04-17,2004-04-30,Group of the European People's Party (Christian Democrats) and European Democrats
23879,10,2004-05-01,2004-07-19,Group of the European People's Party (Christian Democrats) and European Democrats
23879,5,2003-04-17,2004-04-30,Group of the European People's Party (Christian Democrats) and European Democrats
23879,5,2004-05-01,2004-07-19,Group of the European People's Party (Christian Democrats) and European Democrats
2129,10,1995-01-01,1995-10-08,Group of the Party of European Socialists
2129,10,1995-10-09,1998-10-04,Group of the Party of European Socialists
2129,4,1995-01-01,1995-10-08,Group of the Party of European Socialists
2129,4,1995-10-09,1998-10-04,Group of the Party of European Socialists
2163,10,1999-07-20,2002-01-16,Group of the Party of European Socialists
2163,10,2002-01-17,2004-07-19,Group of the Party of European Socialists
2163,4,1994-07-19,1999-07-19,Group of the Party of European Socialists
2163,5,1999-07-20,2002-01-16,Group of the Party of European Socialists
2163,5,2002-01-17,2004-07-19,Group of the Party of European Socialists
764,10,1979-07-17,1984-07-23,Socialist Group
764,1,1979-07-17,1984-07-23,Socialist Group
1299,10,1994-07-19,1994-07-27,Group of the European People's Party (Christian-Democratic Group)
1299,10,1994-07-28,1996-11-30,Group of the European People's Party (Christian-Democratic Group)
1299,10,1996-12-01,1999-07-19,Group of the European People's Party (Christian-Democratic Group)
1299,3,1989-07-25,1992-04-30,European Democratic Group
1299,3,1992-05-01,1994-07-18,Group of the European People's Party (Christian-Democratic Group)
1299,4,1994-07-19,1994-07-27,Group of the European People's Party (Christian-Democratic Group)
1299,4,1994-07-28,1996-11-30,Group of the European People's Party (Christian-Democratic Group)
1299,4,1996-12-01,1999-07-19,Group of the European People's Party (Christian-Democratic Group)
111019,10,2011-12-01,2014-06-30,Group of the European People's Party (Christian Democrats)
111019,7,2011-12-01,2014-06-30,Group of the European People's Party (Christian Democrats)
197413,10,2024-07-16,,Group of the European People's Party (Christian Democrats)
197413,9,2019-07-02,2024-07-15,Group of the European People's Party (Christian Democrats)
188906,10,2017-06-24,2019-07-01,Group of the European People's Party (Christian Democrats)
188906,8,2017-06-24,2019-07-01,Group of the European People's Party (Christian Democrats)
6023,10,2001-02-01,2001-08-28,Group of the Party of European Socialists
6023,5,2001-02-01,2001-08-28,Group of the Party of European Socialists
124697,10,2014-07-01,2018-09-04,Group of the Alliance of Liberals and Democrats for Europe
124697,8,2014-07-01,2018-09-04,Group of the Alliance of Liberals and Democrats for Europe
1535,10,1984-07-24,1989-07-24,Socialist Group
1535,2,1984-07-24,1989-07-24,Socialist Group
1695,10,1986-01-01,1987-07-05,Socialist Group
1695,2,1986-01-01,1987-07-05,Socialist Group
197555,10,2019-07-02,2022-11-14,Renew Europe Group
197555,9,2019-07-02,2022-11-14,Renew Europe Group
113487,10,2012-05-09,2014-06-30,Confederal Group of the European United Left
113487,7,2012-05-09,2014-06-30,Confederal Group of the European United Left
125012,10,2024-07-16,,Group of the European People's Party (Christian Democrats)
125012,8,2014-07-01,2019-07-01,Group of the European People's Party (Christian Democrats)
125012,9,2019-07-02,2024-07-15,Group of the European People's Party (Christian Democrats)
1172,10,1989-07-25,1992-08-13,Group of the European Democratic Alliance
1172,3,1989-07-25,1992-08-13,Group of the European Democratic Alliance
28247,10,2009-07-14,2014-06-30,Group of the Alliance of Liberals and Democrats for Europe
28247,6,2004-07-20,2009-07-13,Group of the Alliance of Liberals and Democrats for Europe
28247,7,2009-07-14,2014-06-30,Group of the Alliance of Liberals and Democrats for Europe
1021,10,1997-09-02,1999-07-19,Group Union for Europe
1021,2,1986-03-20,1989-07-24,Group of the European Democratic Alliance
1021,3,1989-07-25,1994-07-18,Group of the European Democratic Alliance
1021,4,1997-09-02,1999-07-19,Group Union for Europe
1112,10,1989-07-25,1994-07-18,Group of the European People's Party (Christian-Democratic Group)
1112,3,1989-07-25,1994-07-18,Group of the European People's Party (Christian-Democratic Group)
1440,10,1989-07-25,1993-04-20,Socialist Group
1440,10,1993-04-21,1994-07-18,Group of the Party of European Socialists
1440,1,1979-07-17,1984-07-23,Socialist Group
1440,2,1984-07-24,1989-07-24,Socialist Group
1440,3,1989-07-25,1993-04-20,Socialist Group
1440,3,1993-04-21,1994-07-18,Group of the Party of European Socialists
97024,10,2009-07-14,2010-07-15,Group of the Progressive Alliance of Socialists and Democrats in the European Parliament
97024,7,2009-07-14,2010-07-15,Group of the Progressive Alliance of Socialists and Democrats in the European Parliament
124725,10,2014-07-01,2019-07-01,Group of the Progressive Alliance of Socialists and Democrats in the European Parliament
124725,8,2014-07-01,2019-07-01,Group of the Progressive Alliance of Socialists and Democrats in the European Parliament
96892,10,2019-07-02,2019-09-05,Group of the Progressive Alliance of Socialists and Democrats in the European Parliament
96892,7,2009-07-14,2014-06-30,Group of the Progressive Alliance of Socialists and Democrats in the European Parliament
96892,8,2014-07-01,2019-07-01,Group of the Progressive Alliance of Socialists and Democrats in the European Parliament
96892,9,2019-07-02,2019-09-05,Group of the Progressive Alliance of Socialists and Democrats in the European Parliament
915,10,1979-07-17,1984-07-23,Communist and Allies Group
915,1,1979-07-17,1984-07-23,Communist and Allies Group
96983,10,2009-07-14,2009-07-23,Group of the European People's Party (Christian Democrats)
96983,10,2009-07-24,2010-12-13,Group of the European People's Party (Christian Democrats)
96983,7,2009-07-14,2009-07-23,Group of the European People's Party (Christian Democrats)
96983,7,2009-07-24,2010-12-13,Group of the European People's Party (Christian Democrats)
1805,10,1988-07-21,1989-07-24,Socialist Group
1805,2,1988-07-21,1989-07-24,Socialist Group
249603,10,2024-12-03,,Group of the European People's Party (Christian Democrats)
249603,9,2023-10-24,2024-07-15,Group of the European People's Party (Christian Democrats)
809,10,1979-07-17,1984-07-23,Liberal and Democratic Group
809,1,1979-07-17,1984-07-23,Liberal and Democratic Group
2240,10,1994-07-19,1999-07-19,Group of the European Radical Alliance
2240,4,1994-07-19,1999-07-19,Group of the European Radical Alliance
977,10,1989-07-25,1993-04-20,Socialist Group
977,10,1993-04-21,1994-07-18,Group of the Party of European Socialists
977,1,1979-07-17,1984-07-23,Liberal and Democratic Group
977,2,1984-07-24,1985-12-12,Liberal and Democratic Group
977,2,1985-12-13,1989-07-24,Liberal and Democratic Reformist Group
977,3,1989-07-25,1993-04-20,Socialist Group
977,3,1993-04-21,1994-07-18,Group of the Party of European Socialists
4441,10,1999-07-20,2004-07-19,"Group of the European Liberal, Democrat and Reform Party"
4441,5,1999-07-20,2004-07-19,"Group of the European Liberal, Democrat and Reform Party"
2280,10,1996-02-06,1999-07-19,Group of the Party of European Socialists
2280,4,1996-02-06,1999-07-19,Group of the Party of European Socialists
96646,10,2019-07-02,2020-12-17,Group of the European United Left
96646,10,2020-12-18,2024-07-15,The Left group in the European Parliament
96646,7,2009-07-14,2014-06-30,Confederal Group of the European United Left
96646,8,2014-07-01,2019-07-01,Confederal Group of the European United Left
96646,9,2019-07-02,2020-12-17,Group of the European United Left
96646,9,2020-12-18,2024-07-15,The Left group in the European Parliament
23797,10,2003-04-23,2004-04-30,Non-attached
23797,10,2004-05-01,2004-07-19,Non-attached
23797,5,2003-04-23,2004-04-30,Non-attached
23797,5,2004-05-01,2004-07-19,Non-attached
28156,10,2009-07-14,2013-12-11,Group of the Progressive Alliance of Socialists and Democrats in the European Parliament
28156,6,2004-07-20,2009-07-13,Socialist Group in the European Parliament
28156,7,2009-07-14,2013-12-11,Group of the Progressive Alliance of Socialists and Democrats in the European Parliament
28131,10,2014-07-01,2019-07-01,Group of the Progressive Alliance of Socialists and Democrats in the European Parliament
28131,6,2004-07-20,2009-07-13,Socialist Group in the European Parliament
28131,7,2009-07-14,2014-06-30,Group of the Progressive Alliance of Socialists and Democrats in the European Parliament
28131,8,2014-07-01,2019-07-01,Group of the Progressive Alliance of Socialists and Democrats in the European Parliament
1736,10,1986-04-16,1989-07-24,Group of the European Right
1736,2,1986-04-16,1989-07-24,Group of the European Right
124794,10,2014-07-01,2015-07-06,Group of the European People's Party (Christian Democrats)
124794,10,2015-07-07,2019-07-01,European Conservatives and Reformists Group
124794,8,2014-07-01,2015-07-06,Group of the European People's Party (Christian Democrats)
124794,8,2015-07-07,2019-07-01,European Conservatives and Reformists Group
33964,10,2005-09-26,2006-12-31,Group of the European People's Party (Christian Democrats) and European Democrats
33964,10,2007-01-01,2007-12-09,Group of the European People's Party (Christian Democrats) and European Democrats
33964,10,2007-12-10,2008-12-18,Group of the European People's Party (Christian Democrats) and European Democrats
33964,6,2005-09-26,2006-12-31,Group of the European People's Party (Christian Democrats) and European Democrats
33964,6,2007-01-01,2007-12-09,Group of the European People's Party (Christian Democrats) and European Democrats
33964,6,2007-12-10,2008-12-18,Group of the European People's Party (Christian Democrats) and European Democrats
197832,10,2024-07-16,,Group of the Greens/European Free Alliance
197832,9,2019-07-02,2024-07-15,Group of the Greens/European Free Alliance
1184,10,1999-08-07,1999-09-12,"Group of the European Liberal, Democrat and Reform Party"
1184,10,1999-09-13,2004-07-19,"Group of the European Liberal, Democrat and Reform Party"
1184,1,1979-07-17,1980-11-22,Liberal and Democratic Group
1184,2,1984-07-24,1985-10-08,Liberal and Democratic Group
1184,3,1989-07-25,1990-06-05,Liberal and Democratic Reformist Group
1184,5,1999-08-07,1999-09-12,"Group of the European Liberal, Democrat and Reform Party"
1184,5,1999-09-13,2004-07-19,"Group of the European Liberal, Democrat and Reform Party"
1115,10,1989-07-25,1992-01-20,Group of the European People's Party (Christian-Democratic Group)
1115,10,1992-01-21,1994-07-18,Group of the European People's Party (Christian-Democratic Group)
1115,3,1989-07-25,1992-01-20,Group of the European People's Party (Christian-Democratic Group)
1115,3,1992-01-21,1994-07-18,Group of the European People's Party (Christian-Democratic Group)
96787,10,2024-07-16,,Group of the European People's Party (Christian Democrats)
96787,7,2009-07-14,2009-09-15,Group of the European People's Party (Christian Democrats)
96787,7,2009-09-16,2014-06-30,Group of the European People's Party (Christian Democrats)
96787,8,2014-07-01,2019-07-01,Group of the European People's Party (Christian Democrats)
96787,9,2019-07-02,2024-07-15,Group of the European People's Party (Christian Democrats)
23874,10,2003-04-30,2004-04-30,Group of the European People's Party (Christian Democrats) and European Democrats
23874,10,2004-05-01,2004-07-19,Group of the European People's Party (Christian Democrats) and European Democrats
23874,5,2003-04-30,2004-04-30,Group of the European People's Party (Christian Democrats) and European Democrats
23874,5,2004-05-01,2004-07-19,Group of the European People's Party (Christian Democrats) and European Democrats
125031,10,2014-07-01,2015-10-27,Confederal Group of the European United Left
125031,8,2014-07-01,2015-10-27,Confederal Group of the European United Left
96944,10,2009-07-14,2014-06-30,European Conservatives and Reformists Group
96944,7,2009-07-14,2014-06-30,European Conservatives and Reformists Group
28415,10,2004-07-20,2009-07-13,Group of the European People's Party (Christian Democrats) and European Democrats
28415,6,2004-07-20,2009-07-13,Group of the European People's Party (Christian Democrats) and European Democrats
125038,10,2019-07-02,2024-07-15,Renew Europe Group
125038,8,2014-07-01,2019-07-01,Group of the Alliance of Liberals and Democrats for Europe
125038,9,2019-07-02,2024-07-15,Renew Europe Group
2044,10,1994-07-19,1999-07-19,The Green Group in the European Parliament
2044,4,1994-07-19,1999-07-19,The Green Group in the European Parliament
1244,10,1989-07-25,1994-07-18,Liberal and Democratic Reformist Group
1244,1,1979-07-17,1981-02-08,Liberal and Democratic Group
1244,1,1981-02-09,1982-03-08,Liberal and Democratic Group
1244,1,1982-03-09,1984-07-23,Liberal and Democratic Group
1244,2,1984-07-24,1985-12-12,Liberal and Democratic Group
1244,2,1985-12-13,1989-07-24,Liberal and Democratic Reformist Group
1244,3,1989-07-25,1994-07-18,Liberal and Democratic Reformist Group
993,10,1989-07-25,1993-01-11,Group for the European United Left
993,10,1993-01-12,1993-04-20,Socialist Group
993,10,1993-04-21,1994-07-18,Group of the Party of European Socialists
993,3,1989-07-25,1993-01-11,Group for the European United Left
993,3,1993-01-12,1993-04-20,Socialist Group
993,3,1993-04-21,1994-07-18,Group of the Party of European Socialists
973,10,1994-07-19,1999-07-19,Group of the Party of European Socialists
973,3,1989-07-25,1993-04-20,Socialist Group
973,3,1993-04-21,1994-07-18,Group of the Party of European Socialists
973,4,1994-07-19,1999-07-19,Group of the Party of European Socialists
2209,10,2004-07-20,2009-07-13,Group of the European People's Party (Christian Democrats) and European Democrats
2209,4,1995-01-01,1996-11-10,Group of the European People's Party (Christian-Democratic Group)
2209,4,1996-11-11,1999-07-19,Group of the European People's Party (Christian-Democratic Group)
2209,5,1999-07-20,2004-07-19,Group of the European People's Party (Christian Democrats) and European Democrats
2209,6,2004-07-20,2009-07-13,Group of the European People's Party (Christian Democrats) and European Democrats
96782,10,2009-07-14,2012-02-02,Group of the European People's Party (Christian Democrats)
96782,10,2012-02-03,2014-06-30,Group of the European People's Party (Christian Democrats)
96782,7,2009-07-14,2012-02-02,Group of the European People's Party (Christian Democrats)
96782,7,2012-02-03,2014-06-30,Group of the European People's Party (Christian Democrats)
1725,10,1984-07-24,1989-07-24,Group of the European People's Party (Christian-Democratic Group)
1725,1,1979-07-17,1984-07-23,Group of the European People's Party (Christian-Democratic Group)
1725,2,1984-07-24,1989-07-24,Group of the European People's Party (Christian-Democratic Group)
28575,10,2004-07-20,2009-07-13,Socialist Group in the European Parliament
28575,6,2004-07-20,2009-07-13,Socialist Group in the European Parliament
1064,10,1989-07-25,1993-04-20,Socialist Group
1064,10,1993-04-21,1994-07-18,Group of the Party of European Socialists
1064,3,1989-07-25,1993-04-20,Socialist Group
1064,3,1993-04-21,1994-07-18,Group of the Party of European Socialists
28363,10,2004-07-20,2008-01-14,Group of the Alliance of Liberals and Democrats for Europe
28363,10,2008-01-15,2008-04-28,Group of the Alliance of Liberals and Democrats for Europe
28363,6,2004-07-20,2008-01-14,Group of the Alliance of Liberals and Democrats for Europe
28363,6,2008-01-15,2008-04-28,Group of the Alliance of Liberals and Democrats for Europe
23696,10,2003-04-18,2004-04-30,"Group of the European Liberal, Democrat and Reform Party"
23696,10,2004-05-01,2004-07-19,"Group of the European Liberal, Democrat and Reform Party"
23696,5,2003-04-18,2004-04-30,"Group of the European Liberal, Democrat and Reform Party"
23696,5,2004-05-01,2004-07-19,"Group of the European Liberal, Democrat and Reform Party"
96994,10,2009-07-14,2014-06-30,Europe of freedom and democracy Group
96994,7,2009-07-14,2014-06-30,Europe of freedom and democracy Group
197462,10,2024-07-16,,Group of the Greens/European Free Alliance
197462,9,2019-07-02,2024-07-15,Group of the Greens/European Free Alliance
1729,10,1984-07-24,1988-08-19,Group of the European Right
1729,2,1984-07-24,1988-08-19,Group of the European Right
1588,10,1984-07-24,1989-07-24,Communist and Allies Group
1588,1,1979-07-17,1984-07-23,Communist and Allies Group
1588,2,1984-07-24,1989-07-24,Communist and Allies Group
1462,10,1994-07-19,1994-07-27,Group of the European People's Party (Christian-Democratic Group)
1462,10,1994-07-28,1999-07-19,Group of the European People's Party (Christian-Democratic Group)
1462,2,1984-07-24,1989-07-24,Group of the European People's Party (Christian-Democratic Group)
1462,3,1989-07-25,1994-07-18,Group of the European People's Party (Christian-Democratic Group)
1462,4,1994-07-19,1994-07-27,Group of the European People's Party (Christian-Democratic Group)
1462,4,1994-07-28,1999-07-19,Group of the European People's Party (Christian-Democratic Group)
1490,10,2004-07-20,2007-10-04,Confederal Group of the European United Left
1490,1,1979-07-17,1984-07-23,Communist and Allies Group
1490,2,1984-07-24,1989-07-24,Communist and Allies Group
1490,6,2004-07-20,2007-10-04,Confederal Group of the European United Left
197651,10,2019-07-02,2024-07-15,Group of the Progressive Alliance of Socialists and Democrats in the European Parliament
197651,9,2019-07-02,2024-07-15,Group of the Progressive Alliance of Socialists and Democrats in the European Parliament
1872,10,1992-09-05,1993-05-25,Group of the European People's Party (Christian-Democratic Group)
1872,10,1993-05-26,1994-07-18,Group of the European People's Party (Christian-Democratic Group)
1872,3,1992-09-05,1993-05-25,Group of the European People's Party (Christian-Democratic Group)
1872,3,1993-05-26,1994-07-18,Group of the European People's Party (Christian-Democratic Group)
197585,10,2019-07-02,2024-07-15,Renew Europe Group
197585,9,2019-07-02,2024-07-15,Renew Europe Group
1406,10,1994-07-19,1999-07-19,Group of the Party of European Socialists
1406,1,1979-07-17,1984-07-23,Socialist Group
1406,2,1984-07-24,1987-04-05,Socialist Group
1406,2,1987-04-06,1989-07-24,Socialist Group
1406,3,1989-07-25,1993-04-20,Socialist Group
1406,3,1993-04-21,1994-07-18,Group of the Party of European Socialists
1406,4,1994-07-19,1999-07-19,Group of the Party of European Socialists
772,10,1979-07-17,1980-03-06,Socialist Group
772,1,1979-07-17,1980-03-06,Socialist Group
124939,10,2014-07-01,2014-10-15,Europe of Freedom and Direct Democracy Group
124939,10,2014-10-16,2014-10-19,Non-attached Members
124939,10,2014-10-20,2016-11-19,Europe of Freedom and Direct Democracy Group
124939,10,2016-11-20,2018-12-12,Non-attached Members
124939,10,2018-12-13,2019-07-01,Europe of Freedom and Direct Democracy Group
124939,8,2014-07-01,2014-10-15,Europe of Freedom and Direct Democracy Group
124939,8,2014-10-16,2014-10-19,Non-attached Members
124939,8,2014-10-20,2016-11-19,Europe of Freedom and Direct Democracy Group
124939,8,2016-11-20,2018-12-12,Non-attached Members
124939,8,2018-12-13,2019-07-01,Europe of Freedom and Direct Democracy Group
197447,10,2024-07-16,,Renew Europe Group
197447,9,2019-07-02,2024-07-15,Renew Europe Group
2258,10,1995-07-11,1996-01-31,The Green Group in the European Parliament
2258,10,1996-02-01,1997-01-28,The Green Group in the European Parliament
2258,10,1997-01-29,1999-07-19,The Green Group in the European Parliament
2258,4,1995-07-11,1996-01-31,The Green Group in the European Parliament
2258,4,1996-02-01,1997-01-28,The Green Group in the European Parliament
2258,4,1997-01-29,1999-07-19,The Green Group in the European Parliament
124819,10,2014-07-01,2019-07-01,Group of the Progressive Alliance of Socialists and Democrats in the European Parliament
124819,8,2014-07-01,2019-07-01,Group of the Progressive Alliance of Socialists and Democrats in the European Parliament
2076,10,1994-07-19,1999-07-19,Non-attached
2076,4,1994-07-19,1999-07-19,Non-attached
204400,10,2024-07-16,,Group of the European People's Party (Christian Democrats)
204400,9,2020-02-04,2024-06-16,Renew Europe Group
204400,9,2024-06-17,2024-07-15,Group of the European People's Party (Christian Democrats)
1638,10,1984-07-24,1989-07-24,Socialist Group
1638,2,1984-07-24,1989-07-24,Socialist Group
28272,10,2004-07-20,2009-07-13,Group of the Alliance of Liberals and Democrats for Europe
28272,6,2004-07-20,2009-07-13,Group of the Alliance of Liberals and Democrats for Europe
800,10,1981-11-02,1984-07-23,Group of the European People's Party (Christian-Democratic Group)
800,1,1981-11-02,1984-07-23,Group of the European People's Party (Christian-Democratic Group)
28977,10,2004-07-20,2009-07-13,Confederal Group of the European United Left
28977,6,2004-07-20,2009-07-13,Confederal Group of the European United Left
2019,10,1994-07-19,1995-07-04,Group of the European Democratic Alliance
2019,10,1995-07-05,1999-07-19,Group Union for Europe
2019,4,1994-07-19,1995-07-04,Group of the European Democratic Alliance
2019,4,1995-07-05,1999-07-19,Group Union for Europe
2198,10,1994-07-19,1994-11-30,Forza Europa Group
2198,10,1994-12-01,1995-07-04,Forza Europa Group
2198,10,1995-07-05,1996-12-09,Group Union for Europe
2198,10,1996-12-10,1997-02-18,Group Union for Europe
2198,10,1997-02-19,1997-04-16,"Group of the European Liberal, Democrat and Reform Party"
2198,10,1997-04-17,1999-07-19,"Group of the European Liberal, Democrat and Reform Party"
2198,4,1994-07-19,1994-11-30,Forza Europa Group
2198,4,1994-12-01,1995-07-04,Forza Europa Group
2198,4,1995-07-05,1996-12-09,Group Union for Europe
2198,4,1996-12-10,1997-02-18,Group Union for Europe
2198,4,1997-02-19,1997-04-16,"Group of the European Liberal, Democrat and Reform Party"
2198,4,1997-04-17,1999-07-19,"Group of the European Liberal, Democrat and Reform Party"
108570,10,2011-12-01,2014-06-30,Group of the Greens/European Free Alliance
108570,7,2011-12-01,2014-06-30,Group of the Greens/European Free Alliance
2080,10,1994-07-19,1995-01-05,Confederal Group of the European United Left
2080,10,1995-01-06,1997-01-21,Confederal Group of the European United Left/Nordic Green Left
2080,10,1997-01-22,1999-07-19,Confederal Group of the European United Left/Nordic Green Left
2080,4,1994-07-19,1995-01-05,Confederal Group of the European United Left
2080,4,1995-01-06,1997-01-21,Confederal Group of the European United Left/Nordic Green Left
2080,4,1997-01-22,1999-07-19,Confederal Group of the European United Left/Nordic Green Left
1738,10,1984-07-24,1989-07-24,Communist and Allies Group
1738,1,1979-07-17,1984-07-23,Communist and Allies Group
1738,2,1984-07-24,1989-07-24,Communist and Allies Group
2173,10,2009-07-14,2014-06-30,Group of the Progressive Alliance of Socialists and Democrats in the European Parliament
2173,4,1994-07-19,1999-07-19,Group of the Party of European Socialists
2173,5,1999-07-20,2004-07-19,Group of the Party of European Socialists
2173,6,2004-07-20,2009-07-13,Socialist Group in the European Parliament
2173,7,2009-07-14,2014-06-30,Group of the Progressive Alliance of Socialists and Democrats in the European Parliament
124781,10,2019-07-02,2024-07-15,Group of the Progressive Alliance of Socialists and Democrats in the European Parliament
124781,8,2014-07-01,2019-07-01,Group of the Progressive Alliance of Socialists and Democrats in the European Parliament
124781,9,2019-07-02,2024-07-15,Group of the Progressive Alliance of Socialists and Democrats in the European Parliament
4395,10,2024-07-16,,European Conservatives and Reformists Group
4395,5,1999-07-20,2004-07-19,Group of the European People's Party (Christian Democrats) and European Democrats
4395,6,2004-07-20,2008-04-28,Group of the European People's Party (Christian Democrats) and European Democrats
197453,10,2019-07-02,2024-07-15,Group of the Greens/European Free Alliance
197453,9,2019-07-02,2024-07-15,Group of the Greens/European Free Alliance
238639,10,2022-10-11,2024-07-15,European Conservatives and Reformists Group
238639,9,2022-10-11,2024-07-15,European Conservatives and Reformists Group
28317,10,2004-07-20,2009-07-13,Socialist Group in the European Parliament
28317,6,2004-07-20,2009-07-13,Socialist Group in the European Parliament
37324,10,2024-07-16,,Group of the European People's Party (Christian Democrats)
37324,6,2006-10-26,2006-12-31,Group of the Alliance of Liberals and Democrats for Europe
37324,6,2007-01-01,2007-07-19,Group of the Alliance of Liberals and Democrats for Europe
37324,6,2007-07-20,2007-12-09,Group of the Alliance of Liberals and Democrats for Europe
37324,6,2007-12-10,2009-07-13,Group of the Alliance of Liberals and Democrats for Europe
37324,7,2009-07-14,2012-01-26,Group of the Alliance of Liberals and Democrats for Europe
37324,7,2012-01-27,2014-06-30,Group of the Alliance of Liberals and Democrats for Europe
37324,8,2014-07-01,2019-07-01,Group of the European People's Party (Christian Democrats)
37324,9,2019-07-02,2019-11-30,Group of the European People's Party (Christian Democrats)
1708,10,2004-07-20,2009-07-13,Socialist Group in the European Parliament
1708,2,1984-07-24,1988-06-25,Socialist Group
1708,4,1997-06-06,1999-07-19,Group of the Party of European Socialists
1708,5,1999-07-20,2000-03-07,Group of the Party of European Socialists
1708,5,2000-03-08,2001-03-27,Group of the Party of European Socialists
1708,6,2004-07-20,2009-07-13,Socialist Group in the European Parliament
1879,10,1993-05-18,1994-07-18,Group of the European People's Party (Christian-Democratic Group)
1879,3,1993-05-18,1994-07-18,Group of the European People's Party (Christian-Democratic Group)
30190,10,2014-07-01,2015-06-14,Non-attached Members
30190,10,2015-06-15,2017-07-20,Europe of Nations and Freedom Group
30190,8,2014-07-01,2015-06-14,Non-attached Members
30190,8,2015-06-15,2017-07-20,Europe of Nations and Freedom Group
197777,10,2019-07-02,2024-07-15,Group of the European People's Party (Christian Democrats)
197777,9,2019-07-02,2024-07-15,Group of the European People's Party (Christian Democrats)
197771,10,2019-07-02,2024-07-15,Group of the European People's Party (Christian Democrats)
197771,9,2019-07-02,2024-07-15,Group of the European People's Party (Christian Democrats)
124871,10,2014-07-01,2014-07-15,European Conservatives and Reformists Group
124871,10,2014-07-16,2014-10-22,European Conservatives and Reformists Group
124871,10,2014-10-23,2019-07-01,European Conservatives and Reformists Group
124871,8,2014-07-01,2014-07-15,European Conservatives and Reformists Group
124871,8,2014-07-16,2014-10-22,European Conservatives and Reformists Group
124871,8,2014-10-23,2019-07-01,European Conservatives and Reformists Group
1513,10,1984-07-24,1986-03-09,Socialist Group
1513,10,1986-03-10,1989-07-24,Socialist Group
1513,1,1979-07-17,1984-07-23,Socialist Group
1513,2,1984-07-24,1986-03-09,Socialist Group
1513,2,1986-03-10,1989-07-24,Socialist Group
124703,10,2014-07-01,2019-07-01,Group of the Progressive Alliance of Socialists and Democrats in the European Parliament
124703,8,2014-07-01,2019-07-01,Group of the Progressive Alliance of Socialists and Democrats in the European Parliament
23699,10,2024-07-16,,Non-attached Members
23699,5,2003-04-23,2004-04-30,Confederal Group of the European United Left/Nordic Green Left
23699,5,2004-05-01,2004-07-19,Confederal Group of the European United Left/Nordic Green Left
23699,8,2014-07-01,2015-12-14,Confederal Group of the European United Left
23699,8,2015-12-15,2019-07-01,Confederal Group of the European United Left
23699,9,2019-07-02,2020-12-17,Group of the European United Left
23699,9,2020-12-18,2024-07-15,The Left group in the European Parliament
97129,10,2009-07-14,2009-07-19,Group of the Alliance of Liberals and Democrats for Europe
97129,10,2009-07-20,2011-07-18,Group of the Alliance of Liberals and Democrats for Europe
97129,7,2009-07-14,2009-07-19,Group of the Alliance of Liberals and Democrats for Europe
97129,7,2009-07-20,2011-07-18,Group of the Alliance of Liberals and Democrats for Europe
95014,10,2009-01-01,2009-07-13,Group of the European People's Party (Christian Democrats) and European Democrats
95014,6,2009-01-01,2009-07-13,Group of the European People's Party (Christian Democrats) and European Democrats
124934,10,2019-07-02,2024-07-15,Group of the Greens/European Free Alliance
124934,8,2014-07-01,2017-11-14,Group of the Greens/European Free Alliance
124934,8,2017-11-15,2019-07-01,Group of the Greens/European Free Alliance
124934,9,2019-07-02,2024-07-15,Group of the Greens/European Free Alliance
2312,10,2001-04-05,2002-06-26,Group of the Party of European Socialists
2312,10,2002-06-27,2002-06-30,Non-attached
2312,10,2002-07-01,2004-07-19,Confederal Group of the European United Left/Nordic Green Left
2312,4,1997-02-05,1999-07-19,Group of the European Radical Alliance
2312,5,2001-04-05,2002-06-26,Group of the Party of European Socialists
2312,5,2002-06-27,2002-06-30,Non-attached
2312,5,2002-07-01,2004-07-19,Confederal Group of the European United Left/Nordic Green Left
1029,10,1989-07-25,1992-04-02,Socialist Group
1029,3,1989-07-25,1992-04-02,Socialist Group
124822,10,2019-07-02,2024-07-15,Group of the Progressive Alliance of Socialists and Democrats in the European Parliament
124822,8,2014-07-01,2019-07-01,Group of the Progressive Alliance of Socialists and Democrats in the European Parliament
124822,9,2019-07-02,2024-07-15,Group of the Progressive Alliance of Socialists and Democrats in the European Parliament
1396,10,1999-07-20,2004-07-19,Non-attached
1396,1,1979-07-17,1984-07-23,Non-attached
1396,2,1984-07-24,1989-07-24,Non-attached
1396,3,1989-07-25,1994-07-18,Non-attached
1396,4,1994-07-19,1999-07-19,Non-attached
1396,5,1999-07-20,2004-07-19,Non-attached
197678,10,2019-07-02,2022-10-09,Group of the Progressive Alliance of Socialists and Democrats in the European Parliament
197678,9,2019-07-02,2022-10-09,Group of the Progressive Alliance of Socialists and Democrats in the European Parliament
197682,10,2024-07-16,,Group of the Progressive Alliance of Socialists and Democrats in the European Parliament
197682,9,2019-07-02,2024-07-15,Group of the Progressive Alliance of Socialists and Democrats in the European Parliament
4292,10,2004-07-20,2004-08-30,Group of the European People's Party (Christian Democrats) and European Democrats
4292,10,2004-08-31,2008-12-02,Group of the European People's Party (Christian Democrats) and European Democrats
4292,5,1999-07-20,2004-07-19,Group of the European People's Party (Christian Democrats) and European Democrats
4292,6,2004-07-20,2004-08-30,Group of the European People's Party (Christian Democrats) and European Democrats
4292,6,2004-08-31,2008-12-02,Group of the European People's Party (Christian Democrats) and European Democrats
1008,10,1989-07-25,1994-07-18,Group of the European People's Party (Christian-Democratic Group)
1008,3,1989-07-25,1994-07-18,Group of the European People's Party (Christian-Democratic Group)
4358,10,1999-07-20,2004-07-19,Confederal Group of the European United Left/Nordic Green Left
4358,5,1999-07-20,2004-07-19,Confederal Group of the European United Left/Nordic Green Left
38603,10,2007-06-06,2007-11-13,"Identity, Tradition and Sovereignty Group"
38603,10,2007-11-14,2009-07-13,Non-attached Members
38603,6,2007-06-06,2007-11-13,"Identity, Tradition and Sovereignty Group"
38603,6,2007-11-14,2009-07-13,Non-attached Members
124973,10,2024-07-16,,Patriots for Europe Group
124973,8,2014-07-01,2015-06-14,Non-attached Members
124973,8,2015-06-15,2015-06-15,Europe of Nations and Freedom Group
124973,8,2015-06-16,2017-12-31,Europe of Nations and Freedom Group
124973,8,2018-01-01,2019-07-01,Europe of Nations and Freedom Group
124973,9,2019-07-02,2024-07-15,Identity and Democracy Group
2097,10,2009-07-14,2011-07-05,European Conservatives and Reformists Group
2097,10,2011-07-06,2012-01-30,European Conservatives and Reformists Group
2097,10,2012-01-31,2014-06-30,European Conservatives and Reformists Group
2097,4,1994-07-19,1999-07-19,Group of the European People's Party (Christian-Democratic Group)
2097,5,1999-07-20,2004-07-19,Group of the European People's Party (Christian Democrats) and European Democrats
2097,6,2004-07-20,2004-08-30,Group of the European People's Party (Christian Democrats) and European Democrats
2097,6,2004-08-31,2009-07-13,Group of the European People's Party (Christian Democrats) and European Democrats
2097,7,2009-07-14,2011-07-05,European Conservatives and Reformists Group
2097,7,2011-07-06,2012-01-30,European Conservatives and Reformists Group
2097,7,2012-01-31,2014-06-30,European Conservatives and Reformists Group
2079,10,1994-07-19,1999-07-19,Group of the European People's Party (Christian-Democratic Group)
2079,4,1994-07-19,1999-07-19,Group of the European People's Party (Christian-Democratic Group)
861,10,1979-07-17,1984-07-23,European Democratic Group
861,1,1979-07-17,1984-07-23,European Democratic Group
836,10,1979-07-17,1984-07-23,Liberal and Democratic Group
836,1,1979-07-17,1984-07-23,Liberal and Democratic Group
1510,10,1984-07-24,1985-12-12,Liberal and Democratic Group
1510,10,1985-12-13,1989-07-24,Liberal and Democratic Reformist Group
1510,2,1984-07-24,1985-12-12,Liberal and Democratic Group
1510,2,1985-12-13,1989-07-24,Liberal and Democratic Reformist Group
1319,10,1994-07-19,1994-09-05,Group of the Party of European Socialists
1319,10,1994-09-06,1999-07-19,Group of the Party of European Socialists
1319,2,1986-01-01,1987-07-05,Socialist Group
1319,2,1987-07-06,1987-10-25,Socialist Group
1319,2,1987-10-26,1989-07-24,Socialist Group
1319,3,1989-07-25,1992-01-14,Socialist Group
1319,3,1992-01-15,1993-04-20,Socialist Group
1319,3,1993-04-21,1994-07-18,Group of the Party of European Socialists
1319,4,1994-07-19,1994-09-05,Group of the Party of European Socialists
1319,4,1994-09-06,1999-07-19,Group of the Party of European Socialists
239255,10,2022-11-02,2023-12-06,Identity and Democracy Group
239255,10,2023-12-07,2024-01-16,Non-attached Members
239255,10,2024-01-17,2024-07-15,Group of the European People's Party (Christian Democrats)
239255,9,2022-11-02,2023-12-06,Identity and Democracy Group
239255,9,2023-12-07,2024-01-16,Non-attached Members
239255,9,2024-01-17,2024-07-15,Group of the European People's Party (Christian Democrats)
2125,10,2009-07-14,2009-07-19,Group of the Alliance of Liberals and Democrats for Europe
2125,10,2009-07-20,2014-06-30,Group of the Alliance of Liberals and Democrats for Europe
2125,4,1994-07-19,1995-07-04,Group of the European Democratic Alliance
2125,4,1995-07-05,1999-07-19,Group Union for Europe
2125,5,1999-07-20,2002-06-17,Union for Europe of the Nations Group
2125,7,2009-07-14,2009-07-19,Group of the Alliance of Liberals and Democrats for Europe
2125,7,2009-07-20,2014-06-30,Group of the Alliance of Liberals and Democrats for Europe
125006,10,2014-07-01,2019-07-01,Group of the European People's Party (Christian Democrats)
125006,8,2014-07-01,2019-07-01,Group of the European People's Party (Christian Democrats)
699,10,1979-07-17,1984-07-23,Socialist Group
699,1,1979-07-17,1984-07-23,Socialist Group
879,10,1979-07-17,1984-07-23,Group of the European People's Party (Christian-Democratic Group)
879,1,1979-07-17,1984-07-23,Group of the European People's Party (Christian-Democratic Group)
1031,10,1994-07-19,1999-07-19,Group of the Party of European Socialists
1031,3,1989-07-25,1993-04-20,Socialist Group
1031,3,1993-04-21,1994-07-18,Group of the Party of European Socialists
1031,4,1994-07-19,1999-07-19,Group of the Party of European Socialists
24091,10,2003-06-30,2004-04-30,Non-attached
24091,10,2004-05-01,2004-07-19,Non-attached
24091,5,2003-06-30,2004-04-30,Non-attached
24091,5,2004-05-01,2004-07-19,Non-attached
190099,10,2019-07-02,2020-01-31,Group of the Progressive Alliance of Socialists and Democrats in the European Parliament
190099,8,2017-10-03,2019-07-01,Group of the Progressive Alliance of Socialists and Democrats in the European Parliament
190099,9,2019-07-02,2020-01-31,Group of the Progressive Alliance of Socialists and Democrats in the European Parliament
1932,10,1994-07-19,1999-07-19,The Green Group in the European Parliament
1932,4,1994-07-19,1999-07-19,The Green Group in the European Parliament
1966,10,1999-07-20,2004-07-19,"Group of the European Liberal, Democrat and Reform Party"
1966,4,1994-07-19,1999-07-19,"Group of the European Liberal, Democrat and Reform Party"
1966,5,1999-07-20,2004-07-19,"Group of the European Liberal, Democrat and Reform Party"
1424,10,1994-07-19,1999-07-19,Group of the European People's Party (Christian-Democratic Group)
1424,2,1984-07-24,1989-07-24,European Democratic Group
1424,3,1989-07-25,1992-04-30,European Democratic Group
1424,3,1992-05-01,1994-07-18,Group of the European People's Party (Christian-Democratic Group)
1424,4,1994-07-19,1999-07-19,Group of the European People's Party (Christian-Democratic Group)
209091,10,2020-11-05,2020-11-10,Non-attached Members
209091,10,2020-11-11,2024-07-15,Group of the Progressive Alliance of Socialists and Democrats in the European Parliament
209091,9,2020-11-05,2020-11-10,Non-attached Members
209091,9,2020-11-11,2024-07-15,Group of the Progressive Alliance of Socialists and Democrats in the European Parliament
197544,10,2019-07-02,2024-07-15,European Conservatives and Reformists Group
197544,9,2019-07-02,2024-07-15,European Conservatives and Reformists Group
124824,10,2014-07-01,2018-07-03,European Conservatives and Reformists Group
124824,10,2018-07-04,2019-07-01,European Conservatives and Reformists Group
124824,8,2014-07-01,2018-07-03,European Conservatives and Reformists Group
124824,8,2018-07-04,2019-07-01,European Conservatives and Reformists Group
1348,10,1994-07-19,1999-07-19,Group of the Party of European Socialists
1348,2,1986-01-01,1987-07-05,Socialist Group
1348,2,1987-07-06,1989-07-24,Socialist Group
1348,3,1989-07-25,1993-04-20,Socialist Group
1348,3,1993-04-21,1994-07-18,Group of the Party of European Socialists
1348,4,1994-07-19,1999-07-19,Group of the Party of European Socialists
125047,10,2014-07-01,2019-07-01,Confederal Group of the European United Left
125047,8,2014-07-01,2019-07-01,Confederal Group of the European United Left
124777,10,2019-07-02,2024-07-15,Non-attached Members
124777,8,2014-07-01,2014-10-15,Europe of Freedom and Direct Democracy Group
124777,8,2014-10-16,2014-10-19,Non-attached Members
124777,8,2014-10-20,2019-07-01,Europe of Freedom and Direct Democracy Group
124777,9,2019-07-02,2024-07-15,Non-attached Members
197661,10,2019-07-02,2020-12-22,Renew Europe Group
197661,9,2019-07-02,2020-12-22,Renew Europe Group
1497,10,1984-07-24,1989-07-24,Communist and Allies Group
1497,2,1984-07-24,1989-07-24,Communist and Allies Group
1790,10,1984-07-24,1989-07-24,Socialist Group
1790,2,1984-07-24,1989-07-24,Socialist Group
4338,10,2017-05-18,2019-07-01,Group of the Alliance of Liberals and Democrats for Europe
4338,5,1999-07-20,2004-07-19,Group of the European People's Party (Christian Democrats) and European Democrats
4338,6,2004-07-20,2009-07-13,Group of the Alliance of Liberals and Democrats for Europe
4338,8,2017-05-18,2019-07-01,Group of the Alliance of Liberals and Democrats for Europe
1212,10,1989-07-25,1993-04-20,Socialist Group
1212,10,1993-04-21,1994-07-18,Group of the Party of European Socialists
1212,1,1981-09-01,1984-07-23,Socialist Group
1212,2,1984-07-24,1989-07-24,Socialist Group
1212,3,1989-07-25,1993-04-20,Socialist Group
1212,3,1993-04-21,1994-07-18,Group of the Party of European Socialists
1109,10,1994-07-19,1999-07-19,Group of the Party of European Socialists
1109,3,1989-07-25,1993-01-11,Group for the European United Left
1109,3,1993-01-12,1993-04-20,Socialist Group
1109,3,1993-04-21,1994-07-18,Group of the Party of European Socialists
1109,4,1994-07-19,1999-07-19,Group of the Party of European Socialists
4275,10,2009-07-14,2014-06-30,Group of the European People's Party (Christian Democrats)
4275,5,1999-07-20,2004-07-19,Group of the European People's Party (Christian Democrats) and European Democrats
4275,6,2004-07-20,2009-07-13,Group of the European People's Party (Christian Democrats) and European Democrats
4275,7,2009-07-14,2014-06-30,Group of the European People's Party (Christian Democrats)
197728,10,2019-07-02,2024-07-15,Group of the Progressive Alliance of Socialists and Democrats in the European Parliament
197728,9,2019-07-02,2024-07-15,Group of the Progressive Alliance of Socialists and Democrats in the European Parliament
900,10,1979-07-17,1984-07-23,Communist and Allies Group
900,1,1979-07-17,1984-07-23,Communist and Allies Group
124801,10,2014-07-01,2019-07-01,Group of the Progressive Alliance of Socialists and Democrats in the European Parliament
124801,8,2014-07-01,2019-07-01,Group of the Progressive Alliance of Socialists and Democrats in the European Parliament
2217,10,1999-07-20,2000-09-20,Union for Europe of the Nations Group
2217,10,2000-09-21,2001-01-30,Union for Europe of the Nations Group
2217,10,2001-01-31,2004-07-19,Non-attached
2217,4,1994-07-19,1996-11-10,Europe of Nations Group (Coordination Group)
2217,4,1996-11-11,1997-01-12,Non-attached
2217,4,1997-01-13,1997-05-12,Group of Independents for a Europe of Nations
2217,4,1997-05-13,1999-07-19,Group of Independents for a Europe of Nations
2217,5,1999-07-20,2000-09-20,Union for Europe of the Nations Group
2217,5,2000-09-21,2001-01-30,Union for Europe of the Nations Group
2217,5,2001-01-31,2004-07-19,Non-attached
28418,10,2004-07-20,2009-07-13,Group of the Greens/European Free Alliance
28418,6,2004-07-20,2009-07-13,Group of the Greens/European Free Alliance
197414,10,2024-07-16,,Group of the European People's Party (Christian Democrats)
197414,9,2019-07-02,2024-07-15,Group of the European People's Party (Christian Democrats)
96737,10,2009-07-14,2014-06-30,Group of the Greens/European Free Alliance
96737,7,2009-07-14,2014-06-30,Group of the Greens/European Free Alliance
4420,10,1999-07-20,2004-07-19,Group for a Europe of Democracies and Diversities
4420,5,1999-07-20,2004-07-19,Group for a Europe of Democracies and Diversities
1555,10,1984-07-24,1989-07-24,Communist and Allies Group
1555,1,1979-07-17,1984-07-23,Communist and Allies Group
1555,2,1984-07-24,1989-07-24,Communist and Allies Group
96914,10,2009-07-14,2014-06-30,Group of the European People's Party (Christian Democrats)
96914,7,2009-07-14,2014-06-30,Group of the European People's Party (Christian Democrats)
2321,10,1997-09-18,1999-07-19,Group of the Party of European Socialists
2321,4,1997-09-18,1999-07-19,Group of the Party of European Socialists
124850,10,2024-07-16,,Group of the European People's Party (Christian Democrats)
124850,8,2014-07-01,2019-07-01,Group of the European People's Party (Christian Democrats)
124850,9,2019-07-02,2024-07-15,Group of the European People's Party (Christian Democrats)
1017,10,1989-07-25,1994-07-18,Group of the European Democratic Alliance
1017,3,1989-07-25,1994-07-18,Group of the European Democratic Alliance
96673,10,2014-07-01,2019-07-01,Group of the Progressive Alliance of Socialists and Democrats in the European Parliament
96673,7,2009-07-14,2014-06-30,Group of the Progressive Alliance of Socialists and Democrats in the European Parliament
96673,8,2014-07-01,2019-07-01,Group of the Progressive Alliance of Socialists and Democrats in the European Parliament
28283,10,2004-07-20,2007-02-26,Group of the Alliance of Liberals and Democrats for Europe
28283,10,2007-02-27,2009-06-15,Group of the Alliance of Liberals and Democrats for Europe
28283,6,2004-07-20,2007-02-26,Group of the Alliance of Liberals and Democrats for Europe
28283,6,2007-02-27,2009-06-15,Group of the Alliance of Liberals and Democrats for Europe
974,10,1989-07-25,1994-07-18,Group of the European Democratic Alliance
974,1,1979-07-17,1984-07-23,Group of European Progressive Democrats
974,2,1984-07-24,1989-07-24,Group of the European Democratic Alliance
974,3,1989-07-25,1994-07-18,Group of the European Democratic Alliance
270,10,1979-07-17,1984-07-23,Communist and Allies Group
270,1,1979-07-17,1984-07-23,Communist and Allies Group
197455,10,2019-07-02,2024-07-15,Group of the European People's Party (Christian Democrats)
197455,9,2019-07-02,2024-07-15,Group of the European People's Party (Christian Democrats)
1968,10,2003-02-05,2004-07-19,"Group of the European Liberal, Democrat and Reform Party"
1968,4,1994-07-19,1999-07-19,"Group of the European Liberal, Democrat and Reform Party"
1968,5,2003-02-05,2004-07-19,"Group of the European Liberal, Democrat and Reform Party"
190517,10,2024-07-16,,The Left group in the European Parliament
190517,8,2017-11-08,2019-07-01,Confederal Group of the European United Left
190517,9,2019-07-02,2019-07-17,Group of the European United Left
190517,9,2019-07-18,2020-12-17,Group of the European United Left
190517,9,2020-12-18,2024-07-15,The Left group in the European Parliament
124696,10,2019-07-02,2024-07-15,Renew Europe Group
124696,8,2014-07-01,2014-10-31,Group of the Alliance of Liberals and Democrats for Europe
124696,9,2019-07-02,2024-07-15,Renew Europe Group
97009,10,2009-07-14,2014-06-30,Group of the Progressive Alliance of Socialists and Democrats in the European Parliament
97009,7,2009-07-14,2014-06-30,Group of the Progressive Alliance of Socialists and Democrats in the European Parliament
1255,10,1994-07-19,1994-07-27,Group of the European People's Party (Christian-Democratic Group)
1255,10,1994-07-28,1999-07-19,Group of the European People's Party (Christian-Democratic Group)
1255,1,1979-07-17,1983-10-23,Group of the European People's Party (Christian-Democratic Group)
1255,1,1983-10-24,1984-07-23,Group of the European People's Party (Christian-Democratic Group)
1255,2,1984-07-24,1985-09-08,Group of the European People's Party (Christian-Democratic Group)
1255,2,1985-09-09,1989-07-24,Group of the European People's Party (Christian-Democratic Group)
1255,3,1989-07-25,1994-07-18,Group of the European People's Party (Christian-Democratic Group)
1255,4,1994-07-19,1994-07-27,Group of the European People's Party (Christian-Democratic Group)
1255,4,1994-07-28,1999-07-19,Group of the European People's Party (Christian-Democratic Group)
2065,10,1995-01-01,1995-10-08,Group of the Party of European Socialists
2065,4,1995-01-01,1995-10-08,Group of the Party of European Socialists
2327,10,2014-07-01,2019-04-18,Group of the Progressive Alliance of Socialists and Democrats in the European Parliament
2327,4,1998-05-12,1999-07-19,Group of the Party of European Socialists
2327,5,1999-07-20,2004-07-19,Group of the Party of European Socialists
2327,6,2004-07-20,2007-02-13,Socialist Group in the European Parliament
2327,6,2007-02-14,2009-07-13,Socialist Group in the European Parliament
2327,7,2009-07-14,2014-06-30,Group of the Progressive Alliance of Socialists and Democrats in the European Parliament
2327,8,2014-07-01,2019-04-18,Group of the Progressive Alliance of Socialists and Democrats in the European Parliament
96741,10,2009-07-14,2010-09-14,Confederal Group of the European United Left
96741,10,2010-09-15,2014-06-30,Confederal Group of the European United Left
96741,7,2009-07-14,2010-09-14,Confederal Group of the European United Left
96741,7,2010-09-15,2014-06-30,Confederal Group of the European United Left
96947,10,2012-06-16,2014-06-30,Group of the European People's Party (Christian Democrats)
96947,7,2012-06-16,2014-06-30,Group of the European People's Party (Christian Democrats)
124886,10,2014-07-01,2014-10-19,Non-attached Members
124886,10,2014-10-20,2019-07-01,Europe of Freedom and Direct Democracy Group
124886,8,2014-07-01,2014-10-19,Non-attached Members
124886,8,2014-10-20,2019-07-01,Europe of Freedom and Direct Democracy Group
23774,10,2003-04-23,2004-04-30,Group of the Party of European Socialists
23774,10,2004-05-01,2004-07-19,Group of the Party of European Socialists
23774,5,2003-04-23,2004-04-30,Group of the Party of European Socialists
23774,5,2004-05-01,2004-07-19,Group of the Party of European Socialists
125033,10,2014-07-01,2015-03-04,Confederal Group of the European United Left
125033,8,2014-07-01,2015-03-04,Confederal Group of the European United Left
1354,10,1989-07-25,1990-11-18,Group of the European People's Party (Christian-Democratic Group)
1354,10,1990-11-19,1991-10-10,Group of the European People's Party (Christian-Democratic Group)
1354,2,1986-01-01,1987-07-05,Non-attached
1354,2,1987-07-06,1989-07-24,European Democratic Group
1354,3,1989-07-25,1990-11-18,Group of the European People's Party (Christian-Democratic Group)
1354,3,1990-11-19,1991-10-10,Group of the European People's Party (Christian-Democratic Group)
28215,10,2009-07-14,2014-06-30,Confederal Group of the European United Left
28215,6,2004-07-20,2009-07-13,Confederal Group of the European United Left
28215,7,2009-07-14,2014-06-30,Confederal Group of the European United Left
2033,10,1994-07-19,1995-07-04,Forza Europa Group
2033,10,1995-07-05,1996-10-23,Group Union for Europe
2033,10,1996-10-24,1998-06-14,Group Union for Europe
2033,10,1998-06-15,1999-07-19,Group of the European People's Party (Christian-Democratic Group)
2033,4,1994-07-19,1995-07-04,Forza Europa Group
2033,4,1995-07-05,1996-10-23,Group Union for Europe
2033,4,1996-10-24,1998-06-14,Group Union for Europe
2033,4,1998-06-15,1999-07-19,Group of the European People's Party (Christian-Democratic Group)
1341,10,1989-07-25,1990-07-28,Socialist Group
1341,2,1986-01-01,1987-07-05,Socialist Group
1341,2,1987-07-06,1989-07-24,Socialist Group
1341,3,1989-07-25,1990-07-28,Socialist Group
1285,10,1989-07-25,1993-04-20,Socialist Group
1285,10,1993-04-21,1994-07-18,Group of the Party of European Socialists
1285,3,1989-07-25,1993-04-20,Socialist Group
1285,3,1993-04-21,1994-07-18,Group of the Party of European Socialists
1720,10,1984-07-24,1985-09-08,Group of the European People's Party (Christian-Democratic Group)
1720,10,1985-09-09,1989-07-24,Group of the European People's Party (Christian-Democratic Group)
1720,1,1979-07-17,1984-07-23,Group of the European People's Party (Christian-Democratic Group)
1720,2,1984-07-24,1985-09-08,Group of the European People's Party (Christian-Democratic Group)
1720,2,1985-09-09,1989-07-24,Group of the European People's Party (Christian-Democratic Group)
2272,10,1999-07-20,2004-07-19,Group of the Party of European Socialists
2272,4,1995-10-17,1999-07-19,Group of the Party of European Socialists
2272,5,1999-07-20,2004-07-19,Group of the Party of European Socialists
124874,10,2014-07-01,2019-07-01,European Conservatives and Reformists Group
124874,8,2014-07-01,2019-07-01,European Conservatives and Reformists Group
125105,10,2014-07-01,2014-11-26,European Conservatives and Reformists Group
125105,10,2014-11-27,2016-12-12,European Conservatives and Reformists Group
125105,10,2016-12-13,2017-07-04,European Conservatives and Reformists Group
125105,10,2017-07-05,2019-07-01,European Conservatives and Reformists Group
125105,8,2014-07-01,2014-11-26,European Conservatives and Reformists Group
125105,8,2014-11-27,2016-12-12,European Conservatives and Reformists Group
125105,8,2016-12-13,2017-07-04,European Conservatives and Reformists Group
125105,8,2017-07-05,2019-07-01,European Conservatives and Reformists Group
34004,10,2005-09-26,2006-12-31,Group of the European People's Party (Christian Democrats) and European Democrats
34004,10,2007-01-01,2007-12-09,Group of the European People's Party (Christian Democrats) and European Democrats
34004,6,2005-09-26,2006-12-31,Group of the European People's Party (Christian Democrats) and European Democrats
34004,6,2007-01-01,2007-12-09,Group of the European People's Party (Christian Democrats) and European Democrats
114268,10,2019-07-02,2024-07-15,Renew Europe Group
114268,7,2012-07-05,2014-06-30,Group of the Alliance of Liberals and Democrats for Europe
114268,8,2014-07-01,2017-01-31,Group of the Alliance of Liberals and Democrats for Europe
114268,8,2017-02-01,2019-07-01,Group of the Alliance of Liberals and Democrats for Europe
114268,9,2019-07-02,2024-07-15,Renew Europe Group
96808,10,2024-07-16,,Group of the European People's Party (Christian Democrats)
96808,7,2009-07-14,2014-06-30,Group of the European People's Party (Christian Democrats)
96808,8,2019-05-21,2019-07-01,Group of the European People's Party (Christian Democrats)
96808,9,2019-07-02,2024-07-15,Group of the European People's Party (Christian Democrats)
107041,10,2014-07-01,2019-07-01,Group of the European People's Party (Christian Democrats)
107041,7,2011-04-01,2014-06-30,Group of the European People's Party (Christian Democrats)
107041,8,2014-07-01,2019-07-01,Group of the European People's Party (Christian Democrats)
97020,10,2009-07-14,2014-06-30,Group of the Progressive Alliance of Socialists and Democrats in the European Parliament
97020,7,2009-07-14,2014-06-30,Group of the Progressive Alliance of Socialists and Democrats in the European Parliament
197507,10,2019-07-02,2024-07-15,Group of the Progressive Alliance of Socialists and Democrats in the European Parliament
197507,9,2019-07-02,2024-07-15,Group of the Progressive Alliance of Socialists and Democrats in the European Parliament
2218,10,1994-07-19,1994-08-28,Europe of Nations Group (Coordination Group)
2218,10,1994-08-29,1996-11-10,Europe of Nations Group (Coordination Group)
2218,10,1996-11-11,1997-01-12,Non-attached
2218,10,1997-01-13,1997-05-12,Group of Independents for a Europe of Nations
2218,10,1997-05-13,1999-07-19,Group of Independents for a Europe of Nations
2218,4,1994-07-19,1994-08-28,Europe of Nations Group (Coordination Group)
2218,4,1994-08-29,1996-11-10,Europe of Nations Group (Coordination Group)
2218,4,1996-11-11,1997-01-12,Non-attached
2218,4,1997-01-13,1997-05-12,Group of Independents for a Europe of Nations
2218,4,1997-05-13,1999-07-19,Group of Independents for a Europe of Nations
124853,10,2014-07-01,2018-07-13,Group of the European People's Party (Christian Democrats)
124853,8,2014-07-01,2018-07-13,Group of the European People's Party (Christian Democrats)
124929,10,2019-07-02,2024-07-15,Group of the European People's Party (Christian Democrats)
124929,8,2014-07-01,2019-07-01,Group of the European People's Party (Christian Democrats)
124929,9,2019-07-02,2024-07-15,Group of the European People's Party (Christian Democrats)
794,10,1979-07-17,1980-07-09,Group of European Progressive Democrats
794,1,1979-07-17,1980-07-09,Group of European Progressive Democrats
1620,10,1984-07-24,1987-04-05,Socialist Group
1620,10,1987-04-06,1987-10-25,Socialist Group
1620,10,1987-10-26,1989-07-24,Socialist Group
1620,1,1979-07-17,1982-03-08,Socialist Group
1620,1,1982-03-09,1984-07-23,Socialist Group
1620,2,1984-07-24,1987-04-05,Socialist Group
1620,2,1987-04-06,1987-10-25,Socialist Group
1620,2,1987-10-26,1989-07-24,Socialist Group
36748,10,2006-07-31,2009-07-13,Group of the European People's Party (Christian Democrats) and European Democrats
36748,6,2006-07-31,2009-07-13,Group of the European People's Party (Christian Democrats) and European Democrats
2002,10,2017-01-03,2019-07-01,Group of the European People's Party (Christian Democrats)
2002,4,1994-07-19,1996-04-14,Group of the European People's Party (Christian-Democratic Group)
2002,4,1996-04-15,1999-07-19,Group of the European People's Party (Christian-Democratic Group)
2002,5,1999-07-20,2002-03-07,Group of the European People's Party (Christian Democrats) and European Democrats
2002,5,2002-03-08,2004-07-19,Group of the European People's Party (Christian Democrats) and European Democrats
2002,6,2004-07-20,2004-08-30,Group of the European People's Party (Christian Democrats) and European Democrats
2002,6,2004-08-31,2009-07-13,Group of the European People's Party (Christian Democrats) and European Democrats
2002,7,2009-07-14,2009-07-23,Group of the European People's Party (Christian Democrats)
2002,7,2009-07-24,2014-06-30,Group of the European People's Party (Christian Democrats)
2002,8,2017-01-03,2019-07-01,Group of the European People's Party (Christian Democrats)
1519,10,1986-01-01,1987-07-05,Socialist Group
1519,2,1986-01-01,1987-07-05,Socialist Group
1700,10,1984-07-24,1985-12-12,Liberal and Democratic Group
1700,10,1985-12-13,1989-07-24,Liberal and Democratic Reformist Group
1700,1,1979-07-17,1984-07-23,Liberal and Democratic Group
1700,2,1984-07-24,1985-12-12,Liberal and Democratic Group
1700,2,1985-12-13,1989-07-24,Liberal and Democratic Reformist Group
4510,10,1999-07-20,2004-07-19,Confederal Group of the European United Left/Nordic Green Left
4510,1,1981-11-02,1981-11-09,Socialist Group
4510,5,1999-07-20,2004-07-19,Confederal Group of the European United Left/Nordic Green Left
28335,10,2004-07-20,2007-06-29,Socialist Group in the European Parliament
28335,6,2004-07-20,2007-06-29,Socialist Group in the European Parliament
96893,10,2009-07-14,2010-06-16,Non-attached Members
96893,7,2009-07-14,2010-06-16,Non-attached Members
28619,10,2019-07-02,2022-03-31,Group of the Greens/European Free Alliance
28619,10,2022-04-01,2024-07-15,Non-attached Members
28619,6,2004-07-20,2009-07-13,Group of the Greens/European Free Alliance
28619,7,2009-07-14,2014-06-30,Group of the Greens/European Free Alliance
28619,8,2014-07-01,2018-03-04,Group of the Greens/European Free Alliance
28619,9,2019-07-02,2022-03-31,Group of the Greens/European Free Alliance
28619,9,2022-04-01,2024-07-15,Non-attached Members
897,10,1980-10-13,1984-07-23,Group of European Progressive Democrats
897,1,1980-10-13,1984-07-23,Group of European Progressive Democrats
125029,10,2014-07-01,2015-05-05,Non-attached Members
125029,8,2014-07-01,2015-05-05,Non-attached Members
192465,10,2018-04-04,2019-07-01,Group of the Progressive Alliance of Socialists and Democrats in the European Parliament
192465,8,2018-04-04,2019-07-01,Group of the Progressive Alliance of Socialists and Democrats in the European Parliament
673,10,1981-01-01,1981-10-18,Non-attached
673,1,1981-01-01,1981-10-18,Non-attached
2159,10,1994-07-19,1995-10-28,Group of the Party of European Socialists
2159,4,1994-07-19,1995-10-28,Group of the Party of European Socialists
23816,10,2024-07-16,,Patriots for Europe Group
23816,5,2003-04-18,2004-04-30,Group of the European People's Party (Christian Democrats) and European Democrats
23816,5,2004-05-01,2004-07-19,Group of the European People's Party (Christian Democrats) and European Democrats
23816,6,2004-07-20,2009-07-13,Group of the European People's Party (Christian Democrats) and European Democrats
23816,7,2009-07-14,2010-06-15,Group of the European People's Party (Christian Democrats)
23816,7,2010-06-16,2014-06-30,Group of the European People's Party (Christian Democrats)
23816,8,2014-07-01,2019-07-01,Group of the European People's Party (Christian Democrats)
23816,9,2019-07-02,2021-03-04,Group of the European People's Party (Christian Democrats)
23816,9,2021-03-05,2024-07-15,Non-attached Members
1012,10,1989-07-25,1992-01-20,Group of the European People's Party (Christian-Democratic Group)
1012,10,1992-01-21,1994-07-18,Group of the European People's Party (Christian-Democratic Group)
1012,2,1984-07-24,1989-07-24,Group of the European People's Party (Christian-Democratic Group)
1012,3,1989-07-25,1992-01-20,Group of the European People's Party (Christian-Democratic Group)
1012,3,1992-01-21,1994-07-18,Group of the European People's Party (Christian-Democratic Group)
1148,10,1994-07-19,1996-05-27,Group of the European People's Party (Christian-Democratic Group)
1148,10,1996-05-28,1997-01-19,Group of the European People's Party (Christian-Democratic Group)
1148,10,1997-01-20,1999-07-19,Group of the European People's Party (Christian-Democratic Group)
1148,3,1989-07-25,1994-07-18,Group of the European People's Party (Christian-Democratic Group)
1148,4,1994-07-19,1996-05-27,Group of the European People's Party (Christian-Democratic Group)
1148,4,1996-05-28,1997-01-19,Group of the European People's Party (Christian-Democratic Group)
1148,4,1997-01-20,1999-07-19,Group of the European People's Party (Christian-Democratic Group)
965,10,1989-07-25,1993-12-05,Liberal and Democratic Reformist Group
965,10,1993-12-06,1994-07-18,Non-attached
965,3,1989-07-25,1993-12-05,Liberal and Democratic Reformist Group
965,3,1993-12-06,1994-07-18,Non-attached
893,10,1988-05-16,1989-07-24,Group of the European People's Party (Christian-Democratic Group)
893,1,1980-04-16,1984-07-23,Group of the European People's Party (Christian-Democratic Group)
893,2,1988-05-16,1989-07-24,Group of the European People's Party (Christian-Democratic Group)
193273,10,2019-07-02,2024-07-15,Group of the Greens/European Free Alliance
193273,8,2018-07-03,2019-07-01,Group of the Greens/European Free Alliance
193273,9,2019-07-02,2024-07-15,Group of the Greens/European Free Alliance
2268,10,2024-07-16,2024-07-17,The Left group in the European Parliament
2268,10,2024-07-18,,The Left group in the European Parliament
2268,4,1995-10-09,1999-07-19,Confederal Group of the European United Left/Nordic Green Left
2268,5,1999-07-20,2004-07-19,Confederal Group of the European United Left/Nordic Green Left
2268,6,2004-07-20,2006-09-26,Confederal Group of the European United Left
4445,10,2004-07-20,2009-07-13,Socialist Group in the European Parliament
4445,5,1999-07-20,2004-07-19,Group of the Party of European Socialists
4445,6,2004-07-20,2009-07-13,Socialist Group in the European Parliament
1726,10,1988-06-06,1988-10-01,Group of the European Right
1726,2,1988-06-06,1988-10-01,Group of the European Right
1950,10,1994-07-19,1997-01-28,The Green Group in the European Parliament
1950,10,1997-01-29,1999-07-19,The Green Group in the European Parliament
1950,4,1994-07-19,1997-01-28,The Green Group in the European Parliament
1950,4,1997-01-29,1999-07-19,The Green Group in the European Parliament
125099,10,2014-07-01,2019-07-01,Group of the Progressive Alliance of Socialists and Democrats in the European Parliament
125099,8,2014-07-01,2019-07-01,Group of the Progressive Alliance of Socialists and Democrats in the European Parliament
4536,10,2009-07-14,2009-12-03,European Conservatives and Reformists Group
4536,10,2009-12-04,2011-12-13,European Conservatives and Reformists Group
4536,10,2011-12-13,2014-06-30,European Conservatives and Reformists Group
4536,5,1999-07-20,2000-04-02,Group of the European People's Party (Christian Democrats) and European Democrats
4536,5,2000-04-03,2002-03-07,Group of the European People's Party (Christian Democrats) and European Democrats
4536,5,2002-03-08,2004-07-19,Group of the European People's Party (Christian Democrats) and European Democrats
4536,6,2004-07-20,2004-11-13,Group of the European People's Party (Christian Democrats) and European Democrats
4536,6,2004-11-14,2005-03-08,Group of the European People's Party (Christian Democrats) and European Democrats
4536,6,2005-03-09,2008-11-18,Group of the European People's Party (Christian Democrats) and European Democrats
4536,6,2008-11-19,2009-07-13,Group of the European People's Party (Christian Democrats) and European Democrats
4536,7,2009-07-14,2009-12-03,European Conservatives and Reformists Group
4536,7,2009-12-04,2011-12-13,European Conservatives and Reformists Group
4536,7,2011-12-13,2014-06-30,European Conservatives and Reformists Group
124753,10,2014-07-01,2015-06-14,Non-attached Members
124753,10,2015-06-15,2019-07-01,Europe of Nations and Freedom Group
124753,8,2014-07-01,2015-06-14,Non-attached Members
124753,8,2015-06-15,2019-07-01,Europe of Nations and Freedom Group
1823,10,1988-08-15,1989-07-24,Socialist Group
1823,2,1988-08-15,1989-07-24,Socialist Group
1527,10,1987-09-14,1989-07-24,Group of the European People's Party (Christian-Democratic Group)
1527,2,1987-09-14,1989-07-24,Group of the European People's Party (Christian-Democratic Group)
1674,10,1984-07-24,1988-01-30,Communist and Allies Group
1674,2,1984-07-24,1988-01-30,Communist and Allies Group
1931,10,1994-07-19,1999-07-19,The Green Group in the European Parliament
1931,4,1994-07-19,1999-07-19,The Green Group in the European Parliament
96801,10,2019-07-02,2024-07-15,European Conservatives and Reformists Group
96801,7,2009-07-14,2009-07-15,European Conservatives and Reformists Group
96801,7,2009-07-16,2010-02-17,European Conservatives and Reformists Group
96801,7,2010-02-18,2014-06-30,European Conservatives and Reformists Group
96801,8,2014-07-01,2016-12-12,European Conservatives and Reformists Group
96801,8,2016-12-13,2017-01-15,European Conservatives and Reformists Group
96801,8,2017-01-16,2017-02-08,European Conservatives and Reformists Group
96801,8,2017-02-09,2017-07-04,European Conservatives and Reformists Group
96801,8,2017-07-04,2017-07-04,European Conservatives and Reformists Group
96801,8,2017-07-05,2018-07-03,European Conservatives and Reformists Group
96801,8,2018-07-04,2019-07-01,European Conservatives and Reformists Group
96801,9,2019-07-02,2024-07-15,European Conservatives and Reformists Group
1923,10,2004-07-20,2009-07-13,Group of the European People's Party (Christian Democrats) and European Democrats
1923,4,1994-07-19,1997-01-19,Group of the European People's Party (Christian-Democratic Group)
1923,4,1997-01-20,1999-07-19,Group of the European People's Party (Christian-Democratic Group)
1923,5,1999-07-20,1999-10-11,Group of the European People's Party (Christian Democrats) and European Democrats
1923,5,1999-10-12,2002-03-07,Group of the European People's Party (Christian Democrats) and European Democrats
1923,5,2002-03-08,2004-07-19,Group of the European People's Party (Christian Democrats) and European Democrats
1923,6,2004-07-20,2009-07-13,Group of the European People's Party (Christian Democrats) and European Democrats
40818,10,2008-04-30,2009-07-13,Socialist Group in the European Parliament
40818,6,2008-04-30,2009-07-13,Socialist Group in the European Parliament
24088,10,2004-07-20,2005-12-14,Independence/Democracy Group
24088,10,2005-12-15,2009-07-13,Non-attached Members
24088,5,2003-06-30,2004-04-30,Non-attached
24088,5,2004-05-01,2004-07-19,Non-attached
24088,6,2004-07-20,2005-12-14,Independence/Democracy Group
24088,6,2005-12-15,2009-07-13,Non-attached Members
23849,10,2003-04-23,2004-04-30,Group of the European People's Party (Christian Democrats) and European Democrats
23849,10,2004-05-01,2004-07-19,Group of the European People's Party (Christian Democrats) and European Democrats
23849,5,2003-04-23,2004-04-30,Group of the European People's Party (Christian Democrats) and European Democrats
23849,5,2004-05-01,2004-07-19,Group of the European People's Party (Christian Democrats) and European Democrats
1520,10,1984-07-24,1989-07-24,Group of the European People's Party (Christian-Democratic Group)
1520,1,1979-07-17,1984-07-23,Group of the European People's Party (Christian-Democratic Group)
1520,2,1984-07-24,1989-07-24,Group of the European People's Party (Christian-Democratic Group)
119439,10,2013-07-01,2014-06-30,Group of the Progressive Alliance of Socialists and Democrats in the European Parliament
119439,7,2013-07-01,2014-06-30,Group of the Progressive Alliance of Socialists and Democrats in the European Parliament
23736,10,2003-04-28,2004-04-30,Group of the Party of European Socialists
23736,10,2004-05-01,2004-07-19,Group of the Party of European Socialists
23736,5,2003-04-28,2004-04-30,Group of the Party of European Socialists
23736,5,2004-05-01,2004-07-19,Group of the Party of European Socialists
39317,10,2009-07-14,2014-06-30,Group of the Progressive Alliance of Socialists and Democrats in the European Parliament
39317,6,2007-10-01,2009-07-13,Socialist Group in the European Parliament
39317,7,2009-07-14,2014-06-30,Group of the Progressive Alliance of Socialists and Democrats in the European Parliament
1131,10,1989-07-25,1993-01-11,Group for the European United Left
1131,10,1993-01-12,1993-04-20,Socialist Group
1131,10,1993-04-21,1994-07-18,Group of the Party of European Socialists
1131,3,1989-07-25,1993-01-11,Group for the European United Left
1131,3,1993-01-12,1993-04-20,Socialist Group
1131,3,1993-04-21,1994-07-18,Group of the Party of European Socialists
1381,10,1989-07-25,1993-04-20,Socialist Group
1381,10,1993-04-21,1994-07-18,Group of the Party of European Socialists
1381,2,1984-07-24,1989-07-24,Socialist Group
1381,3,1989-07-25,1993-04-20,Socialist Group
1381,3,1993-04-21,1994-07-18,Group of the Party of European Socialists
197703,10,2019-07-02,2020-01-14,Non-attached Members
197703,10,2020-01-15,2020-01-31,European Conservatives and Reformists Group
197703,9,2019-07-02,2020-01-14,Non-attached Members
197703,9,2020-01-15,2020-01-31,European Conservatives and Reformists Group
129256,10,2014-11-01,2019-07-01,Group of the Progressive Alliance of Socialists and Democrats in the European Parliament
129256,8,2014-11-01,2019-07-01,Group of the Progressive Alliance of Socialists and Democrats in the European Parliament
96864,10,2019-07-02,2022-01-11,Group of the Progressive Alliance of Socialists and Democrats in the European Parliament
96864,7,2009-07-14,2014-06-30,Group of the Progressive Alliance of Socialists and Democrats in the European Parliament
96864,8,2014-07-01,2019-07-01,Group of the Progressive Alliance of Socialists and Democrats in the European Parliament
96864,9,2019-07-02,2022-01-11,Group of the Progressive Alliance of Socialists and Democrats in the European Parliament
1177,10,1989-07-25,1994-07-18,Group of the European Democratic Alliance
1177,3,1989-07-25,1994-07-18,Group of the European Democratic Alliance
125040,10,2014-07-01,2019-07-01,Group of the Alliance of Liberals and Democrats for Europe
125040,8,2014-07-01,2019-07-01,Group of the Alliance of Liberals and Democrats for Europe
1128,10,1989-07-25,1994-07-18,Left Unity
1128,1,1979-07-17,1984-07-23,Communist and Allies Group
1128,2,1986-04-30,1989-07-24,Communist and Allies Group
1128,3,1989-07-25,1994-07-18,Left Unity
654,10,1979-07-26,1984-07-23,Communist and Allies Group
654,1,1979-07-26,1984-07-23,Communist and Allies Group
197408,10,2024-07-16,,Group of the European People's Party (Christian Democrats)
197408,9,2019-07-02,2024-07-15,Group of the European People's Party (Christian Democrats)
695,10,1979-07-17,1981-06-16,Socialist Group
695,1,1979-07-17,1981-06-16,Socialist Group
197761,10,2019-07-02,2022-12-29,Group of the Progressive Alliance of Socialists and Democrats in the European Parliament
197761,9,2019-07-02,2022-12-29,Group of the Progressive Alliance of Socialists and Democrats in the European Parliament
93515,10,2008-07-24,2009-07-13,Group of the European People's Party (Christian Democrats) and European Democrats
93515,6,2008-07-24,2009-07-13,Group of the European People's Party (Christian Democrats) and European Democrats
4284,10,1999-07-20,2004-07-19,Group of the European People's Party (Christian Democrats) and European Democrats
4284,5,1999-07-20,2004-07-19,Group of the European People's Party (Christian Democrats) and European Democrats
689,10,1979-07-17,1983-04-10,Group of the European People's Party (Christian-Democratic Group)
689,10,1983-04-11,1984-07-23,Group of the European People's Party (Christian-Democratic Group)
689,1,1979-07-17,1983-04-10,Group of the European People's Party (Christian-Democratic Group)
689,1,1983-04-11,1984-07-23,Group of the European People's Party (Christian-Democratic Group)
1903,10,1994-07-19,1994-07-27,Group of the European People's Party (Christian-Democratic Group)
1903,10,1994-07-28,1999-07-19,Group of the European People's Party (Christian-Democratic Group)
1903,4,1994-07-19,1994-07-27,Group of the European People's Party (Christian-Democratic Group)
1903,4,1994-07-28,1999-07-19,Group of the European People's Party (Christian-Democratic Group)
96886,10,2009-07-14,2012-12-16,Group of the Progressive Alliance of Socialists and Democrats in the European Parliament
96886,7,2009-07-14,2012-12-16,Group of the Progressive Alliance of Socialists and Democrats in the European Parliament
28308,10,2014-07-01,2016-06-19,Group of the Progressive Alliance of Socialists and Democrats in the European Parliament
28308,6,2004-07-20,2009-07-13,Socialist Group in the European Parliament
28308,7,2009-07-14,2014-06-30,Group of the Progressive Alliance of Socialists and Democrats in the European Parliament
28308,8,2014-07-01,2016-06-19,Group of the Progressive Alliance of Socialists and Democrats in the European Parliament
197764,10,2019-07-02,2024-07-15,Non-attached Members
197764,9,2019-07-02,2024-07-15,Non-attached Members
1254,10,1989-07-25,1992-01-20,Group of the European People's Party (Christian-Democratic Group)
1254,10,1992-01-21,1993-08-19,Group of the European People's Party (Christian-Democratic Group)
1254,2,1984-07-24,1985-09-08,Group of the European People's Party (Christian-Democratic Group)
1254,2,1985-09-09,1989-07-24,Group of the European People's Party (Christian-Democratic Group)
1254,3,1989-07-25,1992-01-20,Group of the European People's Party (Christian-Democratic Group)
1254,3,1992-01-21,1993-08-19,Group of the European People's Party (Christian-Democratic Group)
980,10,1989-07-25,1993-04-20,Socialist Group
980,10,1993-04-21,1994-07-18,Group of the Party of European Socialists
980,3,1989-07-25,1993-04-20,Socialist Group
980,3,1993-04-21,1994-07-18,Group of the Party of European Socialists
96681,10,2024-07-16,,Group of the Progressive Alliance of Socialists and Democrats in the European Parliament
96681,7,2009-07-14,2014-06-30,Group of the Progressive Alliance of Socialists and Democrats in the European Parliament
96681,8,2014-07-01,2019-07-01,Group of the Progressive Alliance of Socialists and Democrats in the European Parliament
96681,9,2019-07-02,2024-07-15,Group of the Progressive Alliance of Socialists and Democrats in the European Parliament
885,10,1979-07-17,1981-06-16,Socialist Group
885,1,1979-07-17,1981-06-16,Socialist Group
1698,10,1984-07-24,1985-12-12,Liberal and Democratic Group
1698,10,1985-12-13,1988-05-13,Liberal and Democratic Reformist Group
1698,10,1988-05-14,1989-07-24,Liberal and Democratic Reformist Group
1698,1,1983-09-26,1984-07-23,Liberal and Democratic Group
1698,2,1984-07-24,1985-12-12,Liberal and Democratic Group
1698,2,1985-12-13,1988-05-13,Liberal and Democratic Reformist Group
1698,2,1988-05-14,1989-07-24,Liberal and Democratic Reformist Group
1279,10,1989-07-25,1993-04-20,Socialist Group
1279,10,1993-04-21,1994-02-10,Group of the Party of European Socialists
1279,3,1989-07-25,1993-04-20,Socialist Group
1279,3,1993-04-21,1994-02-10,Group of the Party of European Socialists
1782,10,1984-07-24,1988-07-28,Socialist Group
1782,1,1979-07-17,1984-07-23,Socialist Group
1782,2,1984-07-24,1988-07-28,Socialist Group
94577,10,2008-11-07,2009-07-13,Socialist Group in the European Parliament
94577,6,2008-11-07,2009-07-13,Socialist Group in the European Parliament
124761,10,2014-07-01,2015-06-14,Non-attached Members
124761,10,2015-06-15,2018-05-28,Europe of Nations and Freedom Group
124761,10,2018-05-29,2019-07-01,Europe of Freedom and Direct Democracy Group
124761,8,2014-07-01,2015-06-14,Non-attached Members
124761,8,2015-06-15,2018-05-28,Europe of Nations and Freedom Group
124761,8,2018-05-29,2019-07-01,Europe of Freedom and Direct Democracy Group
4315,10,1999-07-20,2000-04-09,Group of the European People's Party (Christian Democrats) and European Democrats
4315,10,2000-04-10,2002-03-07,Group of the European People's Party (Christian Democrats) and European Democrats
4315,10,2002-03-08,2002-04-11,Group of the European People's Party (Christian Democrats) and European Democrats
4315,5,1999-07-20,2000-04-09,Group of the European People's Party (Christian Democrats) and European Democrats
4315,5,2000-04-10,2002-03-07,Group of the European People's Party (Christian Democrats) and European Democrats
4315,5,2002-03-08,2002-04-11,Group of the European People's Party (Christian Democrats) and European Democrats
197464,10,2024-07-16,,Group of the Greens/European Free Alliance
197464,9,2019-07-02,2024-07-15,Group of the Greens/European Free Alliance
4493,10,1999-07-20,1999-10-12,Confederal Group of the European United Left/Nordic Green Left
4493,10,1999-10-13,2004-07-19,Confederal Group of the European United Left/Nordic Green Left
4493,5,1999-07-20,1999-10-12,Confederal Group of the European United Left/Nordic Green Left
4493,5,1999-10-13,2004-07-19,Confederal Group of the European United Left/Nordic Green Left
197626,10,2019-07-02,2022-11-09,Identity and Democracy Group
197626,10,2022-11-10,2024-07-15,Non-attached Members
197626,9,2019-07-02,2022-11-09,Identity and Democracy Group
197626,9,2022-11-10,2024-07-15,Non-attached Members
97125,10,2009-07-14,2014-06-19,Group of the Progressive Alliance of Socialists and Democrats in the European Parliament
97125,7,2009-07-14,2014-06-19,Group of the Progressive Alliance of Socialists and Democrats in the European Parliament
1383,10,1994-07-19,1996-09-02,Group of the Party of European Socialists
1383,2,1984-07-24,1989-07-24,Socialist Group
1383,3,1989-07-25,1993-04-20,Socialist Group
1383,3,1993-04-21,1994-07-18,Group of the Party of European Socialists
1383,4,1994-07-19,1996-09-02,Group of the Party of European Socialists
1225,10,1989-07-25,1989-12-29,Group of the European People's Party (Christian-Democratic Group)
1225,1,1984-01-01,1984-07-23,Group of the European People's Party (Christian-Democratic Group)
1225,2,1984-07-24,1989-07-24,Group of the European People's Party (Christian-Democratic Group)
1225,3,1989-07-25,1989-12-29,Group of the European People's Party (Christian-Democratic Group)
5917,10,2000-06-21,2002-03-06,"Group of the European Liberal, Democrat and Reform Party"
5917,10,2002-03-07,2003-07-07,"Group of the European Liberal, Democrat and Reform Party"
5917,5,2000-06-21,2002-03-06,"Group of the European Liberal, Democrat and Reform Party"
5917,5,2002-03-07,2003-07-07,"Group of the European Liberal, Democrat and Reform Party"
97136,10,2014-07-01,2019-07-01,Group of the Greens/European Free Alliance
97136,7,2009-07-14,2014-06-30,Group of the Greens/European Free Alliance
97136,8,2014-07-01,2019-07-01,Group of the Greens/European Free Alliance
204334,10,2020-02-01,2021-02-22,Identity and Democracy Group
204334,10,2021-02-23,2024-07-15,European Conservatives and Reformists Group
204334,9,2020-02-01,2021-02-22,Identity and Democracy Group
204334,9,2021-02-23,2024-07-15,European Conservatives and Reformists Group
700,10,1979-07-17,1984-07-23,Group of the European People's Party (Christian-Democratic Group)
700,1,1979-07-17,1984-07-23,Group of the European People's Party (Christian-Democratic Group)
197423,10,2019-07-02,2024-07-15,Group of the Greens/European Free Alliance
197423,9,2019-07-02,2024-07-15,Group of the Greens/European Free Alliance
72779,10,2024-07-16,,Group of the European People's Party (Christian Democrats)
72779,8,2014-07-01,2019-07-01,Group of the European People's Party (Christian Democrats)
72779,9,2019-07-02,2024-07-15,Group of the European People's Party (Christian Democrats)
197759,10,2019-07-02,2020-01-31,Non-attached Members
197759,9,2019-07-02,2020-01-31,Non-attached Members
34005,10,2005-09-26,2006-12-31,Group of the European People's Party (Christian Democrats) and European Democrats
34005,10,2007-01-01,2007-12-09,Group of the European People's Party (Christian Democrats) and European Democrats
34005,6,2005-09-26,2006-12-31,Group of the European People's Party (Christian Democrats) and European Democrats
34005,6,2007-01-01,2007-12-09,Group of the European People's Party (Christian Democrats) and European Democrats
96974,10,2009-07-14,2014-06-30,Group of the European People's Party (Christian Democrats)
96974,7,2009-07-14,2014-06-30,Group of the European People's Party (Christian Democrats)
33967,10,2005-09-26,2006-12-31,Group of the Alliance of Liberals and Democrats for Europe
33967,10,2007-01-01,2007-12-09,Group of the Alliance of Liberals and Democrats for Europe
33967,6,2005-09-26,2006-12-31,Group of the Alliance of Liberals and Democrats for Europe
33967,6,2007-01-01,2007-12-09,Group of the Alliance of Liberals and Democrats for Europe
1899,10,1999-07-20,2004-07-19,Group of the Party of European Socialists
1899,4,1994-07-19,1999-07-19,Group of the Party of European Socialists
1899,5,1999-07-20,2004-07-19,Group of the Party of European Socialists
250572,10,2023-11-30,2024-07-15,The Left group in the European Parliament
250572,9,2023-11-30,2024-07-15,The Left group in the European Parliament
1419,10,2009-07-14,2014-06-30,European Conservatives and Reformists Group
1419,2,1984-07-24,1989-07-24,European Democratic Group
1419,3,1989-07-25,1992-04-30,European Democratic Group
1419,3,1992-05-01,1994-07-18,Group of the European People's Party (Christian-Democratic Group)
1419,4,1994-07-19,1999-07-19,Group of the European People's Party (Christian-Democratic Group)
1419,5,1999-07-20,1999-09-29,Group of the European People's Party (Christian Democrats) and European Democrats
1419,5,1999-09-30,2004-07-19,Group of the European People's Party (Christian Democrats) and European Democrats
1419,6,2004-07-20,2009-07-13,Group of the European People's Party (Christian Democrats) and European Democrats
1419,7,2009-07-14,2014-06-30,European Conservatives and Reformists Group
986,10,1989-07-25,1992-09-04,Non-attached
986,3,1989-07-25,1992-09-04,Non-attached
28432,10,2004-07-20,2005-05-01,Socialist Group in the European Parliament
28432,6,2004-07-20,2005-05-01,Socialist Group in the European Parliament
111014,10,2014-07-01,2015-12-09,Group of the Progressive Alliance of Socialists and Democrats in the European Parliament
111014,10,2015-12-10,2018-04-16,Group of the Progressive Alliance of Socialists and Democrats in the European Parliament
111014,10,2018-04-17,2019-07-01,Group of the Progressive Alliance of Socialists and Democrats in the European Parliament
111014,7,2011-12-14,2014-06-30,Group of the Progressive Alliance of Socialists and Democrats in the European Parliament
111014,8,2014-07-01,2015-12-09,Group of the Progressive Alliance of Socialists and Democrats in the European Parliament
111014,8,2015-12-10,2018-04-16,Group of the Progressive Alliance of Socialists and Democrats in the European Parliament
111014,8,2018-04-17,2019-07-01,Group of the Progressive Alliance of Socialists and Democrats in the European Parliament
4403,10,1999-07-20,2004-07-19,Confederal Group of the European United Left/Nordic Green Left
4403,5,1999-07-20,2004-07-19,Confederal Group of the European United Left/Nordic Green Left
125128,10,2019-07-02,2024-06-18,Renew Europe Group
125128,8,2014-07-01,2019-07-01,Group of the Alliance of Liberals and Democrats for Europe
125128,9,2019-07-02,2024-06-18,Renew Europe Group
197617,10,2019-07-02,2021-11-16,Group of the Progressive Alliance of Socialists and Democrats in the European Parliament
197617,10,2021-11-17,2022-10-12,Renew Europe Group
197617,9,2019-07-02,2021-11-16,Group of the Progressive Alliance of Socialists and Democrats in the European Parliament
197617,9,2021-11-17,2022-10-12,Renew Europe Group
28384,10,2004-07-20,2008-07-13,Group of the Alliance of Liberals and Democrats for Europe
28384,6,2004-07-20,2008-07-13,Group of the Alliance of Liberals and Democrats for Europe
28302,10,2004-07-20,2005-06-26,Independence/Democracy Group
28302,6,2004-07-20,2005-06-26,Independence/Democracy Group
2227,10,1999-07-20,2004-07-19,Group of the European People's Party (Christian Democrats) and European Democrats
2227,4,1994-07-19,1999-07-19,Group of the European People's Party (Christian-Democratic Group)
2227,5,1999-07-20,2004-07-19,Group of the European People's Party (Christian Democrats) and European Democrats
1538,10,1999-07-20,1999-10-11,Group of the European People's Party (Christian Democrats) and European Democrats
1538,10,1999-10-12,2002-03-07,Group of the European People's Party (Christian Democrats) and European Democrats
1538,10,2002-03-08,2004-07-19,Group of the European People's Party (Christian Democrats) and European Democrats
1538,1,1979-07-17,1984-07-23,European Democratic Group
1538,2,1984-07-24,1989-07-24,European Democratic Group
1538,4,1994-07-19,1996-11-12,Group of the European People's Party (Christian-Democratic Group)
1538,4,1996-11-13,1999-07-19,Group of the European People's Party (Christian-Democratic Group)
1538,5,1999-07-20,1999-10-11,Group of the European People's Party (Christian Democrats) and European Democrats
1538,5,1999-10-12,2002-03-07,Group of the European People's Party (Christian Democrats) and European Democrats
1538,5,2002-03-08,2004-07-19,Group of the European People's Party (Christian Democrats) and European Democrats
21918,10,2016-06-28,2019-07-01,Group of the Progressive Alliance of Socialists and Democrats in the European Parliament
21918,5,2001-07-03,2004-07-19,Group of the Party of European Socialists
21918,6,2004-07-20,2009-07-13,Socialist Group in the European Parliament
21918,8,2016-06-28,2019-07-01,Group of the Progressive Alliance of Socialists and Democrats in the European Parliament
28150,10,2024-07-16,,Patriots for Europe Group
28150,6,2004-07-20,2009-07-13,Group of the European People's Party (Christian Democrats) and European Democrats
28150,7,2009-07-14,2014-06-30,Group of the European People's Party (Christian Democrats)
28150,8,2014-07-01,2019-07-01,Group of the European People's Party (Christian Democrats)
28150,9,2019-07-02,2021-03-04,Group of the European People's Party (Christian Democrats)
28150,9,2021-03-05,2024-07-15,Non-attached Members
239973,10,2022-11-22,2024-07-15,Renew Europe Group
239973,9,2022-11-22,2024-07-15,Renew Europe Group
664,10,1981-01-01,1981-10-18,Non-attached
664,1,1981-01-01,1981-10-18,Non-attached
802,10,1979-07-17,1981-08-31,European Democratic Group
802,10,1981-09-01,1982-03-08,European Democratic Group
802,10,1982-03-09,1983-04-10,European Democratic Group
802,10,1983-04-11,1984-07-23,European Democratic Group
802,1,1979-07-17,1981-08-31,European Democratic Group
802,1,1981-09-01,1982-03-08,European Democratic Group
802,1,1982-03-09,1983-04-10,European Democratic Group
802,1,1983-04-11,1984-07-23,European Democratic Group
4450,10,2004-07-20,2009-07-13,Group of the European People's Party (Christian Democrats) and European Democrats
4450,5,1999-07-20,2004-07-19,Group of the European People's Party (Christian Democrats) and European Democrats
4450,6,2004-07-20,2009-07-13,Group of the European People's Party (Christian Democrats) and European Democrats
120478,10,2019-07-02,2020-12-17,Group of the European United Left
120478,10,2020-12-18,2024-07-15,The Left group in the European Parliament
120478,7,2013-09-05,2014-06-30,Confederal Group of the European United Left
120478,8,2014-07-01,2019-07-01,Confederal Group of the European United Left
120478,9,2019-07-02,2020-12-17,Group of the European United Left
120478,9,2020-12-18,2024-07-15,The Left group in the European Parliament
2042,10,1994-07-19,1994-08-28,Forza Europa Group
2042,10,1994-08-29,1995-07-04,Forza Europa Group
2042,10,1995-07-05,1996-12-10,Group Union for Europe
2042,10,1996-12-11,1997-01-19,Group of the European People's Party (Christian-Democratic Group)
2042,10,1997-01-20,1999-07-19,Group of the European People's Party (Christian-Democratic Group)
2042,4,1994-07-19,1994-08-28,Forza Europa Group
2042,4,1994-08-29,1995-07-04,Forza Europa Group
2042,4,1995-07-05,1996-12-10,Group Union for Europe
2042,4,1996-12-11,1997-01-19,Group of the European People's Party (Christian-Democratic Group)
2042,4,1997-01-20,1999-07-19,Group of the European People's Party (Christian-Democratic Group)
96851,10,2014-07-01,2019-07-01,Confederal Group of the European United Left
96851,7,2009-07-14,2010-09-14,Confederal Group of the European United Left
96851,7,2010-09-15,2014-06-30,Confederal Group of the European United Left
96851,8,2014-07-01,2019-07-01,Confederal Group of the European United Left
197649,10,2024-07-16,,Group of the European People's Party (Christian Democrats)
197649,9,2019-07-02,2024-07-15,Group of the European People's Party (Christian Democrats)
2266,10,1995-10-09,1999-07-19,"Group of the European Liberal, Democrat and Reform Party"
2266,4,1995-10-09,1999-07-19,"Group of the European Liberal, Democrat and Reform Party"
95016,10,2008-12-22,2009-07-13,Group of the European People's Party (Christian Democrats) and European Democrats
95016,6,2008-12-22,2009-07-13,Group of the European People's Party (Christian Democrats) and European Democrats
124714,10,2019-07-02,2021-03-04,Group of the European People's Party (Christian Democrats)
124714,10,2021-03-05,2024-07-15,Non-attached Members
124714,8,2014-07-01,2019-07-01,Group of the European People's Party (Christian Democrats)
124714,9,2019-07-02,2021-03-04,Group of the European People's Party (Christian Democrats)
124714,9,2021-03-05,2024-07-15,Non-attached Members
28171,10,2009-07-14,2014-06-30,Group of the Progressive Alliance of Socialists and Democrats in the European Parliament
28171,6,2004-07-20,2009-07-13,Socialist Group in the European Parliament
28171,7,2009-07-14,2014-06-30,Group of the Progressive Alliance of Socialists and Democrats in the European Parliament
2020,10,2002-06-28,2004-07-19,Group of the European People's Party (Christian Democrats) and European Democrats
2020,4,1994-07-19,1995-07-04,Group of the European Democratic Alliance
2020,4,1995-07-05,1996-12-09,Group Union for Europe
2020,4,1996-12-10,1999-07-19,Group Union for Europe
2020,5,2002-06-28,2004-07-19,Group of the European People's Party (Christian Democrats) and European Democrats
1888,10,1993-10-27,1994-07-18,Left Unity
1888,3,1993-10-27,1994-07-18,Left Unity
28183,10,2004-07-20,2009-07-13,Group of the European People's Party (Christian Democrats) and European Democrats
28183,6,2004-07-20,2009-07-13,Group of the European People's Party (Christian Democrats) and European Democrats
125064,10,2019-07-02,2024-07-15,Group of the European People's Party (Christian Democrats)
125064,8,2014-07-01,2019-07-01,Group of the European People's Party (Christian Democrats)
125064,9,2019-07-02,2024-07-15,Group of the European People's Party (Christian Democrats)
28307,10,2024-07-16,,Group of the Progressive Alliance of Socialists and Democrats in the European Parliament
28307,6,2004-07-20,2009-07-13,Socialist Group in the European Parliament
28307,8,2014-07-01,2019-07-01,Group of the Progressive Alliance of Socialists and Democrats in the European Parliament
1854,10,2019-07-02,2022-10-02,Group of the Progressive Alliance of Socialists and Democrats in the European Parliament
1854,3,1991-03-11,1993-04-20,Socialist Group
1854,3,1993-04-21,1994-07-18,Group of the Party of European Socialists
1854,4,1994-07-19,1999-07-19,Group of the Party of European Socialists
1854,5,1999-07-20,2004-07-19,Group of the Party of European Socialists
1854,6,2004-07-20,2009-07-13,Socialist Group in the European Parliament
1854,7,2009-07-14,2014-06-30,Group of the Progressive Alliance of Socialists and Democrats in the European Parliament
1854,8,2014-07-01,2019-07-01,Group of the Progressive Alliance of Socialists and Democrats in the European Parliament
1854,9,2019-07-02,2022-10-02,Group of the Progressive Alliance of Socialists and Democrats in the European Parliament
4544,10,2009-07-14,2009-07-19,Group of the Alliance of Liberals and Democrats for Europe
4544,10,2009-07-20,2012-01-31,Group of the Alliance of Liberals and Democrats for Europe
4544,5,1999-07-20,2003-03-05,"Group of the European Liberal, Democrat and Reform Party"
4544,5,2003-03-06,2004-07-19,"Group of the European Liberal, Democrat and Reform Party"
4544,6,2004-07-20,2007-02-26,Group of the Alliance of Liberals and Democrats for Europe
4544,6,2007-02-27,2009-07-13,Group of the Alliance of Liberals and Democrats for Europe
4544,7,2009-07-14,2009-07-19,Group of the Alliance of Liberals and Democrats for Europe
4544,7,2009-07-20,2012-01-31,Group of the Alliance of Liberals and Democrats for Europe
197747,10,2019-07-02,2019-07-06,European Conservatives and Reformists Group
197747,9,2019-07-02,2019-07-06,European Conservatives and Reformists Group
1775,10,1984-07-24,1985-11-01,Socialist Group
1775,1,1979-07-17,1984-07-23,Socialist Group
1775,2,1984-07-24,1985-11-01,Socialist Group
1377,10,1989-07-25,1992-02-04,European Democratic Group
1377,10,1992-02-05,1992-04-30,European Democratic Group
1377,10,1992-05-01,1992-05-13,Group of the European People's Party (Christian-Democratic Group)
1377,10,1992-05-14,1994-07-18,Group of the European People's Party (Christian-Democratic Group)
1377,1,1979-07-17,1984-07-23,European Democratic Group
1377,2,1984-07-24,1989-07-24,European Democratic Group
1377,3,1989-07-25,1992-02-04,European Democratic Group
1377,3,1992-02-05,1992-04-30,European Democratic Group
1377,3,1992-05-01,1992-05-13,Group of the European People's Party (Christian-Democratic Group)
1377,3,1992-05-14,1994-07-18,Group of the European People's Party (Christian-Democratic Group)
826,10,1979-07-17,1984-07-23,Group of the European People's Party (Christian-Democratic Group)
826,1,1979-07-17,1984-07-23,Group of the European People's Party (Christian-Democratic Group)
2259,10,1995-09-18,1999-07-19,Group of the European People's Party (Christian-Democratic Group)
2259,4,1995-09-18,1999-07-19,Group of the European People's Party (Christian-Democratic Group)
797,10,1984-02-08,1984-07-23,Socialist Group
797,1,1984-02-08,1984-07-23,Socialist Group
6020,10,2001-01-30,2004-07-19,Confederal Group of the European United Left/Nordic Green Left
6020,5,2001-01-30,2004-07-19,Confederal Group of the European United Left/Nordic Green Left
124728,10,2014-07-01,2019-07-01,Group of the European People's Party (Christian Democrats)
124728,8,2014-07-01,2019-07-01,Group of the European People's Party (Christian Democrats)
197737,10,2019-07-02,2024-07-15,Non-attached Members
197737,9,2019-07-02,2024-07-15,Non-attached Members
911,10,1979-07-17,1984-07-23,Group of the European People's Party (Christian-Democratic Group)
911,1,1979-07-17,1984-07-23,Group of the European People's Party (Christian-Democratic Group)
4302,10,2004-07-20,2009-07-13,Confederal Group of the European United Left
4302,5,1999-07-20,2004-07-19,Confederal Group of the European United Left/Nordic Green Left
4302,6,2004-07-20,2009-07-13,Confederal Group of the European United Left
197563,10,2019-07-02,2024-07-15,Renew Europe Group
197563,9,2019-07-02,2024-07-15,Renew Europe Group
124991,10,2019-07-02,2022-09-25,Group of the Progressive Alliance of Socialists and Democrats in the European Parliament
124991,8,2014-07-01,2019-07-01,Group of the Progressive Alliance of Socialists and Democrats in the European Parliament
124991,9,2019-07-02,2022-09-25,Group of the Progressive Alliance of Socialists and Democrats in the European Parliament
124750,10,2014-07-01,2015-06-14,Non-attached Members
124750,10,2015-06-15,2017-10-02,Europe of Nations and Freedom Group
124750,10,2017-10-03,2017-10-03,Non-attached Members
124750,10,2017-10-04,2019-07-01,Europe of Freedom and Direct Democracy Group
124750,8,2014-07-01,2015-06-14,Non-attached Members
124750,8,2015-06-15,2017-10-02,Europe of Nations and Freedom Group
124750,8,2017-10-03,2017-10-03,Non-attached Members
124750,8,2017-10-04,2019-07-01,Europe of Freedom and Direct Democracy Group
876,10,1979-07-17,1981-08-31,Socialist Group
876,1,1979-07-17,1981-08-31,Socialist Group
2112,10,1995-01-01,1995-10-08,Group of the Party of European Socialists
2112,4,1995-01-01,1995-10-08,Group of the Party of European Socialists
2078,10,1994-07-19,1994-12-14,"Group of the European Liberal, Democrat and Reform Party"
2078,10,1994-12-15,1995-07-04,Forza Europa Group
2078,10,1995-07-05,1999-07-19,Group Union for Europe
2078,4,1994-07-19,1994-12-14,"Group of the European Liberal, Democrat and Reform Party"
2078,4,1994-12-15,1995-07-04,Forza Europa Group
2078,4,1995-07-05,1999-07-19,Group Union for Europe
2093,10,1995-01-01,1996-11-10,Group of the Party of European Socialists
2093,4,1995-01-01,1996-11-10,Group of the Party of European Socialists
1368,10,1989-07-25,1990-02-11,European Democratic Group
1368,10,1990-02-12,1992-02-04,European Democratic Group
1368,10,1992-02-05,1992-04-30,European Democratic Group
1368,10,1992-05-01,1992-07-07,Group of the European People's Party (Christian-Democratic Group)
1368,10,1992-07-08,1993-02-03,Group of the European People's Party (Christian-Democratic Group)
1368,10,1993-02-04,1994-07-18,Group of the European People's Party (Christian-Democratic Group)
1368,2,1984-07-24,1986-10-05,European Democratic Group
1368,2,1986-10-06,1987-04-05,European Democratic Group
1368,2,1987-04-06,1989-07-24,European Democratic Group
1368,3,1989-07-25,1990-02-11,European Democratic Group
1368,3,1990-02-12,1992-02-04,European Democratic Group
1368,3,1992-02-05,1992-04-30,European Democratic Group
1368,3,1992-05-01,1992-07-07,Group of the European People's Party (Christian-Democratic Group)
1368,3,1992-07-08,1993-02-03,Group of the European People's Party (Christian-Democratic Group)
1368,3,1993-02-04,1994-07-18,Group of the European People's Party (Christian-Democratic Group)
1483,10,1984-07-24,1989-07-24,Group of the European People's Party (Christian-Democratic Group)
1483,2,1984-07-24,1989-07-24,Group of the European People's Party (Christian-Democratic Group)
1346,10,1989-07-25,1994-07-18,Liberal and Democratic Reformist Group
1346,2,1987-07-06,1987-09-16,Non-attached
1346,2,1987-09-17,1987-11-17,Technical Coordination and Defence of Independent Groups and Members
1346,2,1987-11-18,1989-07-24,Non-attached
1346,3,1989-07-25,1994-07-18,Liberal and Democratic Reformist Group
124861,10,2024-07-16,,Group of the European People's Party (Christian Democrats)
124861,8,2014-07-01,2019-07-01,Group of the Progressive Alliance of Socialists and Democrats in the European Parliament
124861,9,2019-07-02,2023-05-10,Group of the Progressive Alliance of Socialists and Democrats in the European Parliament
124861,9,2023-05-11,2024-07-15,Group of the European People's Party (Christian Democrats)
1079,10,1989-07-25,1991-07-10,Group of the European People's Party (Christian-Democratic Group)
1079,3,1989-07-25,1991-07-10,Group of the European People's Party (Christian-Democratic Group)
197716,10,2019-07-02,2020-01-31,Renew Europe Group
197716,9,2019-07-02,2020-01-31,Renew Europe Group
124963,10,2019-07-02,2020-01-31,Group of the Progressive Alliance of Socialists and Democrats in the European Parliament
124963,8,2014-07-01,2019-07-01,Group of the Progressive Alliance of Socialists and Democrats in the European Parliament
124963,9,2019-07-02,2020-01-31,Group of the Progressive Alliance of Socialists and Democrats in the European Parliament
963,10,1989-07-25,1989-10-18,Non-attached
963,3,1989-07-25,1989-10-18,Non-attached
197402,10,2024-07-16,,Group of the European People's Party (Christian Democrats)
197402,9,2019-07-02,2024-07-15,Group of the European People's Party (Christian Democrats)
1198,10,1994-07-19,1999-07-19,Group of the Party of European Socialists
1198,2,1987-03-03,1989-07-24,Socialist Group
1198,3,1989-07-25,1993-04-20,Socialist Group
1198,3,1993-04-21,1994-07-18,Group of the Party of European Socialists
1198,4,1994-07-19,1999-07-19,Group of the Party of European Socialists
23739,10,2003-04-28,2004-04-30,Group of the Party of European Socialists
23739,10,2004-05-01,2004-07-19,Group of the Party of European Socialists
23739,5,2003-04-28,2004-04-30,Group of the Party of European Socialists
23739,5,2004-05-01,2004-07-19,Group of the Party of European Socialists
2338,10,2014-07-01,2019-07-01,Group of the Greens/European Free Alliance
2338,4,1998-11-30,1999-07-19,Group of the European Radical Alliance
2338,5,1999-07-20,2004-07-19,Group of the Greens/European Free Alliance
2338,6,2004-07-20,2005-05-23,Group of the Greens/European Free Alliance
2338,6,2005-05-24,2009-07-13,Group of the Greens/European Free Alliance
2338,7,2009-07-14,2014-06-30,Group of the Greens/European Free Alliance
2338,8,2014-07-01,2019-07-01,Group of the Greens/European Free Alliance
197820,10,2024-07-16,,European Conservatives and Reformists Group
197820,9,2019-07-02,2023-02-13,European Conservatives and Reformists Group
197820,9,2023-02-14,2024-07-15,European Conservatives and Reformists Group
1418,10,1994-07-19,1999-07-19,Group of the Party of European Socialists
1418,1,1979-07-17,1984-07-23,Socialist Group
1418,2,1984-07-24,1989-07-24,Socialist Group
1418,3,1989-07-25,1993-04-20,Socialist Group
1418,3,1993-04-21,1994-07-18,Group of the Party of European Socialists
1418,4,1994-07-19,1999-07-19,Group of the Party of European Socialists
1316,10,1994-07-19,1999-07-19,Group of the Party of European Socialists
1316,3,1989-07-25,1993-04-20,Socialist Group
1316,3,1993-04-21,1994-07-18,Group of the Party of European Socialists
1316,4,1994-07-19,1999-07-19,Group of the Party of European Socialists
4293,10,2013-10-30,2014-06-30,Group of the European People's Party (Christian Democrats)
4293,5,1999-07-20,2004-07-19,Group of the European People's Party (Christian Democrats) and European Democrats
4293,6,2006-01-18,2009-07-13,Group of the European People's Party (Christian Democrats) and European Democrats
4293,7,2013-10-30,2014-06-30,Group of the European People's Party (Christian Democrats)
37008,10,2006-09-27,2009-07-13,Confederal Group of the European United Left
37008,6,2006-09-27,2009-07-13,Confederal Group of the European United Left
96878,10,2009-07-14,2009-07-15,European Conservatives and Reformists Group
96878,10,2009-07-16,2014-06-30,European Conservatives and Reformists Group
96878,7,2009-07-14,2009-07-15,European Conservatives and Reformists Group
96878,7,2009-07-16,2014-06-30,European Conservatives and Reformists Group
1470,10,1994-07-19,1994-07-20,Group of the European Radical Alliance
1470,10,1994-07-21,1998-10-14,Group of the European Radical Alliance
1470,1,1981-02-12,1984-07-23,Group for the Technical Coordination and Defence of Independent Groups and Members
1470,2,1984-07-24,1986-03-09,Rainbow Group
1470,2,1986-03-10,1987-03-04,Rainbow Group
1470,2,1987-03-05,1987-11-30,Rainbow Group
1470,2,1987-12-01,1988-02-29,Rainbow Group
1470,2,1988-03-01,1988-11-30,Rainbow Group
1470,2,1988-12-01,1989-02-28,Rainbow Group
1470,2,1989-03-01,1989-07-24,Rainbow Group
1470,3,1989-07-25,1994-07-18,Rainbow Group in the European Parliament
1470,4,1994-07-19,1994-07-20,Group of the European Radical Alliance
1470,4,1994-07-21,1998-10-14,Group of the European Radical Alliance
2200,10,1994-07-19,1995-10-10,The Green Group in the European Parliament
2200,10,1995-10-11,1997-01-18,Group of the European Radical Alliance
2200,10,1997-01-19,1999-07-19,Group of the European Radical Alliance
2200,4,1994-07-19,1995-10-10,The Green Group in the European Parliament
2200,4,1995-10-11,1997-01-18,Group of the European Radical Alliance
2200,4,1997-01-19,1999-07-19,Group of the European Radical Alliance
1861,10,1999-07-20,1999-10-26,Group of the European People's Party (Christian Democrats) and European Democrats
1861,3,1991-03-11,1994-07-18,Group of the European People's Party (Christian-Democratic Group)
1861,4,1994-07-19,1999-07-19,Group of the European People's Party (Christian-Democratic Group)
1861,5,1999-07-20,1999-10-26,Group of the European People's Party (Christian Democrats) and European Democrats
2054,10,2019-07-02,2024-07-15,Group of the Greens/European Free Alliance
2054,4,1995-01-01,1996-11-10,The Green Group in the European Parliament
2054,4,1996-11-11,1997-01-28,The Green Group in the European Parliament
2054,4,1997-01-29,1999-07-19,The Green Group in the European Parliament
2054,5,1999-07-20,2002-01-07,Group of the Greens/European Free Alliance
2054,5,2002-01-08,2003-03-25,Group of the Greens/European Free Alliance
2054,7,2009-07-14,2011-06-21,Group of the Greens/European Free Alliance
2054,8,2014-07-01,2017-11-14,Group of the Greens/European Free Alliance
2054,8,2017-11-15,2019-07-01,Group of the Greens/European Free Alliance
2054,9,2019-07-02,2024-07-15,Group of the Greens/European Free Alliance
96858,10,2014-07-01,2017-01-11,Confederal Group of the European United Left
96858,10,2017-01-12,2017-05-09,Confederal Group of the European United Left
96858,10,2017-05-10,2019-07-01,Confederal Group of the European United Left
96858,7,2009-07-14,2014-06-30,Confederal Group of the European United Left
96858,8,2014-07-01,2017-01-11,Confederal Group of the European United Left
96858,8,2017-01-12,2017-05-09,Confederal Group of the European United Left
96858,8,2017-05-10,2019-07-01,Confederal Group of the European United Left
119431,10,2019-07-02,2021-06-30,European Conservatives and Reformists Group
119431,7,2013-07-01,2013-07-02,European Conservatives and Reformists Group
119431,7,2013-07-03,2014-06-30,European Conservatives and Reformists Group
119431,8,2014-07-01,2016-12-12,European Conservatives and Reformists Group
119431,8,2016-12-13,2017-01-10,European Conservatives and Reformists Group
119431,8,2017-01-11,2017-01-15,European Conservatives and Reformists Group
119431,8,2017-01-16,2017-02-08,European Conservatives and Reformists Group
119431,8,2017-02-09,2018-01-07,European Conservatives and Reformists Group
119431,8,2018-01-08,2018-07-03,European Conservatives and Reformists Group
119431,8,2018-07-04,2019-07-01,European Conservatives and Reformists Group
119431,9,2019-07-02,2021-06-30,European Conservatives and Reformists Group
197721,10,2024-07-16,,Group of the Progressive Alliance of Socialists and Democrats in the European Parliament
197721,9,2019-07-02,2024-07-15,Group of the Progressive Alliance of Socialists and Democrats in the European Parliament
1677,10,1984-07-24,1985-01-17,Communist and Allies Group
1677,1,1981-11-02,1984-07-23,Communist and Allies Group
1677,2,1984-07-24,1985-01-17,Communist and Allies Group
1310,10,1994-07-19,1999-07-19,Group of the Party of European Socialists
1310,3,1989-07-25,1993-04-20,Socialist Group
1310,3,1993-04-21,1994-07-18,Group of the Party of European Socialists
1310,4,1994-07-19,1999-07-19,Group of the Party of European Socialists
124810,10,2014-07-01,2015-12-14,Confederal Group of the European United Left
124810,10,2015-12-15,2017-01-11,Confederal Group of the European United Left
124810,10,2017-01-12,2019-07-01,Confederal Group of the European United Left
124810,8,2014-07-01,2015-12-14,Confederal Group of the European United Left
124810,8,2015-12-15,2017-01-11,Confederal Group of the European United Left
124810,8,2017-01-12,2019-07-01,Confederal Group of the European United Left
1373,10,1989-07-25,1993-04-20,Socialist Group
1373,10,1993-04-21,1994-07-18,Group of the Party of European Socialists
1373,2,1986-01-01,1987-09-13,Socialist Group
1373,2,1987-09-14,1989-07-24,Socialist Group
1373,3,1989-07-25,1993-04-20,Socialist Group
1373,3,1993-04-21,1994-07-18,Group of the Party of European Socialists
28387,10,2004-07-20,2005-05-08,Group of the Alliance of Liberals and Democrats for Europe
28387,10,2005-05-09,2007-02-26,Group of the Alliance of Liberals and Democrats for Europe
28387,10,2007-02-27,2009-07-13,Group of the Alliance of Liberals and Democrats for Europe
28387,6,2004-07-20,2005-05-08,Group of the Alliance of Liberals and Democrats for Europe
28387,6,2005-05-09,2007-02-26,Group of the Alliance of Liberals and Democrats for Europe
28387,6,2007-02-27,2009-07-13,Group of the Alliance of Liberals and Democrats for Europe
197558,10,2024-07-16,,Renew Europe Group
197558,9,2019-07-02,2024-07-15,Renew Europe Group
27833,10,2004-05-04,2004-07-19,Group of the Party of European Socialists
27833,5,2004-05-04,2004-07-19,Group of the Party of European Socialists
1451,10,1989-07-25,1994-07-18,Group of the European People's Party (Christian-Democratic Group)
1451,1,1979-07-17,1984-07-23,Group of the European People's Party (Christian-Democratic Group)
1451,2,1984-07-24,1989-07-24,Group of the European People's Party (Christian-Democratic Group)
1451,3,1989-07-25,1994-07-18,Group of the European People's Party (Christian-Democratic Group)
1558,10,1986-10-13,1989-07-24,European Democratic Group
1558,2,1986-10-13,1989-07-24,European Democratic Group
990,10,1999-07-20,2004-07-19,Group of the European People's Party (Christian Democrats) and European Democrats
990,3,1989-07-25,1993-04-20,Socialist Group
990,3,1993-04-21,1994-07-18,Group of the Party of European Socialists
990,4,1994-07-19,1994-12-14,Non-attached
990,4,1994-12-15,1995-07-04,Forza Europa Group
990,4,1995-07-05,1995-09-19,Group Union for Europe
990,4,1995-09-20,1999-07-19,Group of the European People's Party (Christian-Democratic Group)
990,5,1999-07-20,2004-07-19,Group of the European People's Party (Christian Democrats) and European Democrats
28324,10,2009-07-14,2014-06-30,European Conservatives and Reformists Group
28324,6,2004-07-20,2009-07-13,Group of the European People's Party (Christian Democrats) and European Democrats
28324,7,2009-07-14,2014-06-30,European Conservatives and Reformists Group
96651,10,2014-07-01,2019-07-01,Group of the European People's Party (Christian Democrats)
96651,7,2009-07-14,2014-06-30,Group of the European People's Party (Christian Democrats)
96651,8,2014-07-01,2019-07-01,Group of the European People's Party (Christian Democrats)
197435,10,2024-07-16,,Group of the Progressive Alliance of Socialists and Democrats in the European Parliament
197435,9,2019-07-02,2021-12-15,Group of the Progressive Alliance of Socialists and Democrats in the European Parliament
197435,9,2021-12-16,2024-07-15,Group of the Progressive Alliance of Socialists and Democrats in the European Parliament
96798,10,2009-07-14,2014-06-30,Europe of freedom and democracy Group
96798,7,2009-07-14,2014-06-30,Europe of freedom and democracy Group
102887,10,2014-07-01,2019-07-01,Non-attached Members
102887,7,2010-05-31,2014-06-30,Non-attached Members
102887,8,2014-07-01,2019-07-01,Non-attached Members
28477,10,2009-07-14,2009-07-19,Group of the Alliance of Liberals and Democrats for Europe
28477,10,2009-07-20,2014-06-30,Group of the Alliance of Liberals and Democrats for Europe
28477,6,2004-07-20,2009-07-13,Group of the Alliance of Liberals and Democrats for Europe
28477,7,2009-07-14,2009-07-19,Group of the Alliance of Liberals and Democrats for Europe
28477,7,2009-07-20,2014-06-30,Group of the Alliance of Liberals and Democrats for Europe
125037,10,2014-07-01,2019-07-01,Confederal Group of the European United Left
125037,8,2014-07-01,2019-07-01,Confederal Group of the European United Left
124926,10,2014-07-01,2019-07-01,Group of the European People's Party (Christian Democrats)
124926,8,2014-07-01,2019-07-01,Group of the European People's Party (Christian Democrats)
96742,10,2014-07-01,2017-06-18,Confederal Group of the European United Left
96742,7,2009-07-14,2014-06-30,Confederal Group of the European United Left
96742,8,2014-07-01,2017-06-18,Confederal Group of the European United Left
4520,10,2004-07-20,2005-05-10,Group of the European People's Party (Christian Democrats) and European Democrats
4520,5,1999-07-20,2004-07-19,Group of the European People's Party (Christian Democrats) and European Democrats
4520,6,2004-07-20,2005-05-10,Group of the European People's Party (Christian Democrats) and European Democrats
1168,10,1989-07-25,1989-10-15,Group of the European Democratic Alliance
1168,2,1984-07-24,1986-03-19,Group of the European Democratic Alliance
1168,3,1989-07-25,1989-10-15,Group of the European Democratic Alliance
124814,10,2019-07-02,2022-10-12,Group of the Progressive Alliance of Socialists and Democrats in the European Parliament
124814,8,2014-07-01,2019-07-01,Group of the Progressive Alliance of Socialists and Democrats in the European Parliament
124814,9,2019-07-02,2022-10-12,Group of the Progressive Alliance of Socialists and Democrats in the European Parliament
1949,10,1994-07-19,1996-09-18,Group of the Party of European Socialists
1949,10,1996-09-19,1996-10-23,Group Union for Europe
1949,10,1996-10-24,1996-12-09,Group Union for Europe
1949,10,1996-12-10,1999-07-19,Group Union for Europe
1949,4,1994-07-19,1996-09-18,Group of the Party of European Socialists
1949,4,1996-09-19,1996-10-23,Group Union for Europe
1949,4,1996-10-24,1996-12-09,Group Union for Europe
1949,4,1996-12-10,1999-07-19,Group Union for Europe
28315,10,2004-07-20,2009-07-13,Group of the European People's Party (Christian Democrats) and European Democrats
28315,6,2004-07-20,2009-07-13,Group of the European People's Party (Christian Democrats) and European Democrats
805,10,1981-11-02,1984-07-23,Group of the European People's Party (Christian-Democratic Group)
805,1,1981-11-02,1984-07-23,Group of the European People's Party (Christian-Democratic Group)
124733,10,2014-07-01,2019-07-01,Group of the European People's Party (Christian Democrats)
124733,8,2014-07-01,2019-07-01,Group of the European People's Party (Christian Democrats)
1665,10,2009-07-14,2009-07-23,Group of the European People's Party (Christian Democrats)
1665,10,2009-07-24,2014-06-30,Group of the European People's Party (Christian Democrats)
1665,2,1987-07-06,1989-07-24,European Democratic Group
1665,4,1994-07-19,1997-02-02,Group of the European People's Party (Christian-Democratic Group)
1665,4,1997-02-03,1997-02-06,Group of the European People's Party (Christian-Democratic Group)
1665,4,1997-02-07,1999-07-19,Group of the European People's Party (Christian-Democratic Group)
1665,5,1999-07-20,2004-07-19,Group of the European People's Party (Christian Democrats) and European Democrats
1665,6,2004-07-20,2006-02-05,Group of the European People's Party (Christian Democrats) and European Democrats
1665,6,2006-02-06,2009-07-13,Group of the European People's Party (Christian Democrats) and European Democrats
1665,7,2009-07-14,2009-07-23,Group of the European People's Party (Christian Democrats)
1665,7,2009-07-24,2014-06-30,Group of the European People's Party (Christian Democrats)
2031,10,2004-07-20,2009-07-13,Socialist Group in the European Parliament
2031,4,1996-07-20,1999-07-19,Group of the Party of European Socialists
2031,5,1999-07-20,2004-07-19,Group of the Party of European Socialists
2031,6,2004-07-20,2009-07-13,Socialist Group in the European Parliament
96896,10,2009-07-14,2009-09-15,Group of the European People's Party (Christian Democrats)
96896,10,2009-09-16,2014-06-30,Group of the European People's Party (Christian Democrats)
96896,7,2009-07-14,2009-09-15,Group of the European People's Party (Christian Democrats)
96896,7,2009-09-16,2014-06-30,Group of the European People's Party (Christian Democrats)
33988,10,2005-09-26,2006-12-31,Group of the European People's Party (Christian Democrats) and European Democrats
33988,10,2007-01-01,2007-12-09,Group of the European People's Party (Christian Democrats) and European Democrats
33988,6,2005-09-26,2006-12-31,Group of the European People's Party (Christian Democrats) and European Democrats
33988,6,2007-01-01,2007-12-09,Group of the European People's Party (Christian Democrats) and European Democrats
1113,10,2004-07-20,2004-11-13,Group of the European People's Party (Christian Democrats) and European Democrats
1113,10,2004-11-14,2009-07-13,Group of the European People's Party (Christian Democrats) and European Democrats
1113,1,1981-10-19,1984-07-23,Liberal and Democratic Group
1113,2,1984-07-24,1985-12-12,Liberal and Democratic Group
1113,2,1985-12-13,1989-07-24,Liberal and Democratic Reformist Group
1113,3,1989-07-25,1994-07-18,Liberal and Democratic Reformist Group
1113,5,1999-07-20,2004-07-19,Group of the European People's Party (Christian Democrats) and European Democrats
1113,6,2004-07-20,2004-11-13,Group of the European People's Party (Christian Democrats) and European Democrats
1113,6,2004-11-14,2009-07-13,Group of the European People's Party (Christian Democrats) and European Democrats
4394,10,1999-07-20,2004-07-19,Group of the European People's Party (Christian Democrats) and European Democrats
4394,5,1999-07-20,2004-07-19,Group of the European People's Party (Christian Democrats) and European Democrats
2270,10,1995-10-09,1999-07-19,Group of the Party of European Socialists
2270,4,1995-10-09,1999-07-19,Group of the Party of European Socialists
28402,10,2004-07-20,2009-07-13,Group of the European People's Party (Christian Democrats) and European Democrats
28402,6,2004-07-20,2009-07-13,Group of the European People's Party (Christian Democrats) and European Democrats
124859,10,2014-07-01,2014-10-15,Europe of Freedom and Direct Democracy Group
124859,10,2014-10-16,2014-10-19,Non-attached Members
124859,10,2014-10-20,2019-07-01,Europe of Freedom and Direct Democracy Group
124859,8,2014-07-01,2014-10-15,Europe of Freedom and Direct Democracy Group
124859,8,2014-10-16,2014-10-19,Non-attached Members
124859,8,2014-10-20,2019-07-01,Europe of Freedom and Direct Democracy Group
690,10,1979-07-17,1980-10-12,Group of the European People's Party (Christian-Democratic Group)
690,10,1980-10-13,1982-03-08,Group of the European People's Party (Christian-Democratic Group)
690,10,1982-03-09,1984-07-23,Group of the European People's Party (Christian-Democratic Group)
690,1,1979-07-17,1980-10-12,Group of the European People's Party (Christian-Democratic Group)
690,1,1980-10-13,1982-03-08,Group of the European People's Party (Christian-Democratic Group)
690,1,1982-03-09,1984-07-23,Group of the European People's Party (Christian-Democratic Group)
28257,10,2014-07-01,2019-07-01,Group of the European People's Party (Christian Democrats)
28257,6,2004-07-20,2009-07-13,Group of the European People's Party (Christian Democrats) and European Democrats
28257,7,2009-07-14,2014-06-30,Group of the European People's Party (Christian Democrats)
28257,8,2014-07-01,2019-07-01,Group of the European People's Party (Christian Democrats)
1499,10,1987-11-05,1989-07-24,Rainbow Group
1499,2,1987-11-05,1989-07-24,Rainbow Group
197642,10,2019-07-02,2020-01-31,Non-attached Members
197642,9,2019-07-02,2020-01-31,Non-attached Members
124779,10,2019-07-02,2020-12-08,Non-attached Members
124779,10,2020-12-09,2022-10-12,Group of the Greens/European Free Alliance
124779,8,2014-07-01,2014-10-15,Europe of Freedom and Direct Democracy Group
124779,8,2014-10-16,2014-10-19,Non-attached Members
124779,8,2014-10-20,2019-07-01,Europe of Freedom and Direct Democracy Group
124779,9,2019-07-02,2020-12-08,Non-attached Members
124779,9,2020-12-09,2022-10-12,Group of the Greens/European Free Alliance
124738,10,2019-07-02,2024-07-15,Identity and Democracy Group
124738,8,2014-07-01,2015-06-14,Non-attached Members
124738,8,2015-06-15,2019-07-01,Europe of Nations and Freedom Group
124738,9,2019-07-02,2024-07-15,Identity and Democracy Group
124809,10,2019-07-02,2021-09-28,Group of the European People's Party (Christian Democrats)
124809,8,2014-07-01,2019-07-01,Group of the European People's Party (Christian Democrats)
124809,9,2019-07-02,2021-09-28,Group of the European People's Party (Christian Democrats)
683,10,1994-07-19,1999-07-19,"Group of the European Liberal, Democrat and Reform Party"
683,1,1979-07-17,1984-07-23,Non-attached
683,4,1994-07-19,1999-07-19,"Group of the European Liberal, Democrat and Reform Party"
197616,10,2019-07-02,2024-07-15,Identity and Democracy Group
197616,9,2019-07-02,2024-07-15,Identity and Democracy Group
197742,10,2019-07-02,2024-07-15,Group of the Progressive Alliance of Socialists and Democrats in the European Parliament
197742,9,2019-07-02,2024-07-15,Group of the Progressive Alliance of Socialists and Democrats in the European Parliament
795,10,1979-07-17,1984-07-23,Socialist Group
795,1,1979-07-17,1984-07-23,Socialist Group
1545,10,1984-07-24,1985-02-10,Group of the European People's Party (Christian-Democratic Group)
1545,10,1985-02-11,1989-07-24,Group of the European People's Party (Christian-Democratic Group)
1545,1,1979-07-17,1984-07-23,Group of the European People's Party (Christian-Democratic Group)
1545,2,1984-07-24,1985-02-10,Group of the European People's Party (Christian-Democratic Group)
1545,2,1985-02-11,1989-07-24,Group of the European People's Party (Christian-Democratic Group)
2252,10,2001-06-14,2004-07-19,Group of the European People's Party (Christian Democrats) and European Democrats
2252,4,1994-07-19,1994-11-30,Forza Europa Group
2252,4,1994-12-01,1995-07-04,Forza Europa Group
2252,4,1995-07-05,1996-12-09,Group Union for Europe
2252,4,1996-12-10,1998-06-14,Group Union for Europe
2252,4,1998-06-15,1999-07-19,Group of the European People's Party (Christian-Democratic Group)
2252,5,2001-06-14,2004-07-19,Group of the European People's Party (Christian Democrats) and European Democrats
34234,10,2009-07-14,2012-01-26,Group of the Alliance of Liberals and Democrats for Europe
34234,10,2012-01-27,2014-06-30,Group of the Alliance of Liberals and Democrats for Europe
34234,6,2005-09-26,2006-12-31,Group of the Alliance of Liberals and Democrats for Europe
34234,6,2007-01-01,2007-02-26,Group of the Alliance of Liberals and Democrats for Europe
34234,6,2007-02-27,2007-06-05,Group of the Alliance of Liberals and Democrats for Europe
34234,7,2009-07-14,2012-01-26,Group of the Alliance of Liberals and Democrats for Europe
34234,7,2012-01-27,2014-06-30,Group of the Alliance of Liberals and Democrats for Europe
1242,10,1989-07-25,1994-07-18,Rainbow Group in the European Parliament
1242,2,1987-09-01,1989-07-24,Rainbow Group
1242,3,1989-07-25,1994-07-18,Rainbow Group in the European Parliament
4534,10,1999-07-20,2004-07-19,Group of the Party of European Socialists
4534,5,1999-07-20,2004-07-19,Group of the Party of European Socialists
28274,10,2004-07-20,2009-07-13,Group of the European People's Party (Christian Democrats) and European Democrats
28274,6,2004-07-20,2009-07-13,Group of the European People's Party (Christian Democrats) and European Democrats
84175,10,2014-07-01,2014-10-15,Europe of Freedom and Direct Democracy Group
84175,10,2014-10-16,2014-10-19,Non-attached Members
84175,10,2014-10-20,2017-08-31,Europe of Freedom and Direct Democracy Group
84175,8,2014-07-01,2014-10-15,Europe of Freedom and Direct Democracy Group
84175,8,2014-10-16,2014-10-19,Non-attached Members
84175,8,2014-10-20,2017-08-31,Europe of Freedom and Direct Democracy Group
1428,10,1999-07-20,2001-12-18,Group of the Party of European Socialists
1428,10,2001-12-19,2002-03-05,Non-attached
1428,10,2002-03-06,2002-03-07,Group of the European People's Party (Christian Democrats) and European Democrats
1428,10,2002-03-08,2004-07-19,Group of the European People's Party (Christian Democrats) and European Democrats
1428,1,1979-07-17,1984-07-23,Socialist Group
1428,2,1984-07-24,1989-07-24,Socialist Group
1428,3,1989-07-25,1993-04-20,Socialist Group
1428,3,1993-04-21,1994-07-18,Group of the Party of European Socialists
1428,4,1994-07-19,1994-09-05,Group of the Party of European Socialists
1428,4,1994-09-06,1999-07-19,Group of the Party of European Socialists
1428,5,1999-07-20,2001-12-18,Group of the Party of European Socialists
1428,5,2001-12-19,2002-03-05,Non-attached
1428,5,2002-03-06,2002-03-07,Group of the European People's Party (Christian Democrats) and European Democrats
1428,5,2002-03-08,2004-07-19,Group of the European People's Party (Christian Democrats) and European Democrats
1603,10,1984-07-24,1986-03-09,Group of the European Democratic Alliance
1603,10,1986-03-10,1989-07-24,Group of the European Democratic Alliance
1603,2,1984-07-24,1986-03-09,Group of the European Democratic Alliance
1603,2,1986-03-10,1989-07-24,Group of the European Democratic Alliance
107385,10,2014-07-01,2015-04-26,European Conservatives and Reformists Group
107385,7,2011-04-26,2011-05-22,Europe of freedom and democracy Group
107385,7,2011-05-23,2012-01-26,Europe of freedom and democracy Group
107385,7,2012-01-27,2014-06-30,Europe of freedom and democracy Group
107385,8,2014-07-01,2015-04-26,European Conservatives and Reformists Group
2071,10,1994-07-19,1999-07-19,Group of the Party of European Socialists
2071,4,1994-07-19,1999-07-19,Group of the Party of European Socialists
197522,10,2019-07-02,2021-03-23,Renew Europe Group
197522,10,2021-03-24,2024-07-15,Group of the Progressive Alliance of Socialists and Democrats in the European Parliament
197522,9,2019-07-02,2021-03-23,Renew Europe Group
197522,9,2021-03-24,2024-07-15,Group of the Progressive Alliance of Socialists and Democrats in the European Parliament
1295,10,2004-07-20,2006-08-27,Socialist Group in the European Parliament
1295,3,1989-07-25,1993-04-20,Socialist Group
1295,3,1993-04-21,1994-07-18,Group of the Party of European Socialists
1295,4,1994-07-19,1999-07-19,Group of the Party of European Socialists
1295,5,1999-07-20,2004-07-19,Group of the Party of European Socialists
1295,6,2004-07-20,2006-08-27,Socialist Group in the European Parliament
2051,10,1994-07-19,1999-07-19,Group of the European People's Party (Christian-Democratic Group)
2051,4,1994-07-19,1999-07-19,Group of the European People's Party (Christian-Democratic Group)
1272,10,1989-07-25,1992-01-20,Group of the European People's Party (Christian-Democratic Group)
1272,10,1992-01-21,1992-02-11,Group of the European People's Party (Christian-Democratic Group)
1272,10,1992-02-12,1993-06-24,Group of the European People's Party (Christian-Democratic Group)
1272,1,1979-07-17,1984-07-23,Group of the European People's Party (Christian-Democratic Group)
1272,2,1984-07-24,1989-07-24,Group of the European People's Party (Christian-Democratic Group)
1272,3,1989-07-25,1992-01-20,Group of the European People's Party (Christian-Democratic Group)
1272,3,1992-01-21,1992-02-11,Group of the European People's Party (Christian-Democratic Group)
1272,3,1992-02-12,1993-06-24,Group of the European People's Party (Christian-Democratic Group)
28321,10,2009-07-14,2014-06-30,Group of the Greens/European Free Alliance
28321,6,2004-07-20,2009-07-13,Group of the Greens/European Free Alliance
28321,7,2009-07-14,2014-06-30,Group of the Greens/European Free Alliance
204416,10,2020-02-01,2024-07-15,Renew Europe Group
204416,9,2020-02-01,2024-07-15,Renew Europe Group
192634,10,2019-07-02,2022-11-08,Group of the Progressive Alliance of Socialists and Democrats in the European Parliament
192634,10,2022-11-09,2024-07-15,Renew Europe Group
192634,8,2018-04-17,2019-07-01,Group of the Progressive Alliance of Socialists and Democrats in the European Parliament
192634,9,2019-07-02,2022-11-08,Group of the Progressive Alliance of Socialists and Democrats in the European Parliament
192634,9,2022-11-09,2024-07-15,Renew Europe Group
1093,10,1989-07-25,1993-04-20,Socialist Group
1093,10,1993-04-21,1994-07-18,Group of the Party of European Socialists
1093,2,1984-07-24,1989-07-24,Socialist Group
1093,3,1989-07-25,1993-04-20,Socialist Group
1093,3,1993-04-21,1994-07-18,Group of the Party of European Socialists
124847,10,2014-07-01,2019-07-01,Group of the Progressive Alliance of Socialists and Democrats in the European Parliament
124847,8,2014-07-01,2019-07-01,Group of the Progressive Alliance of Socialists and Democrats in the European Parliament
2273,10,1995-10-25,1999-07-19,"Group of the European Liberal, Democrat and Reform Party"
2273,4,1995-10-25,1999-07-19,"Group of the European Liberal, Democrat and Reform Party"
38609,10,2009-07-14,2009-07-26,Group of the European People's Party (Christian Democrats)
38609,6,2007-06-06,2007-07-22,Group of the European People's Party (Christian Democrats) and European Democrats
38609,6,2007-07-23,2009-07-13,Group of the European People's Party (Christian Democrats) and European Democrats
38609,7,2009-07-14,2009-07-26,Group of the European People's Party (Christian Democrats)
1876,10,1993-04-16,1994-07-18,Non-attached
1876,3,1993-04-16,1994-07-18,Non-attached
2316,10,1997-06-17,1998-05-12,Group of Independents for a Europe of Nations
2316,10,1998-05-13,1999-07-19,Non-attached
2316,4,1997-06-17,1998-05-12,Group of Independents for a Europe of Nations
2316,4,1998-05-13,1999-07-19,Non-attached
668,10,1981-01-01,1981-10-18,Non-attached
668,1,1981-01-01,1981-10-18,Non-attached
24594,10,2019-07-02,2024-07-15,Group of the European People's Party (Christian Democrats)
24594,8,2014-07-01,2019-07-01,Group of the European People's Party (Christian Democrats)
24594,9,2019-07-02,2024-07-15,Group of the European People's Party (Christian Democrats)
26821,10,2004-05-01,2004-07-19,"Group of the European Liberal, Democrat and Reform Party"
26821,5,2004-05-01,2004-07-19,"Group of the European Liberal, Democrat and Reform Party"
124902,10,2014-07-01,2015-06-14,Non-attached Members
124902,10,2015-06-15,2019-07-01,Europe of Nations and Freedom Group
124902,8,2014-07-01,2015-06-14,Non-attached Members
124902,8,2015-06-15,2019-07-01,Europe of Nations and Freedom Group
28316,10,2015-04-27,2018-02-28,Group of the Alliance of Liberals and Democrats for Europe
28316,6,2004-07-20,2009-07-13,Group of the Alliance of Liberals and Democrats for Europe
28316,7,2009-07-14,2014-06-30,Group of the Alliance of Liberals and Democrats for Europe
28316,8,2015-04-27,2018-02-28,Group of the Alliance of Liberals and Democrats for Europe
1737,10,1984-07-24,1985-09-08,Group of the European People's Party (Christian-Democratic Group)
1737,10,1985-09-09,1987-04-05,Group of the European People's Party (Christian-Democratic Group)
1737,10,1987-04-06,1989-06-22,Group of the European People's Party (Christian-Democratic Group)
1737,10,1989-06-23,1989-07-24,Non-attached
1737,1,1979-07-17,1983-10-23,Group of the European People's Party (Christian-Democratic Group)
1737,1,1983-10-24,1984-07-23,Group of the European People's Party (Christian-Democratic Group)
1737,2,1984-07-24,1985-09-08,Group of the European People's Party (Christian-Democratic Group)
1737,2,1985-09-09,1987-04-05,Group of the European People's Party (Christian-Democratic Group)
1737,2,1987-04-06,1989-06-22,Group of the European People's Party (Christian-Democratic Group)
1737,2,1989-06-23,1989-07-24,Non-attached
1683,10,1984-07-24,1987-04-05,Group of the European People's Party (Christian-Democratic Group)
1683,10,1987-04-06,1989-07-24,Group of the European People's Party (Christian-Democratic Group)
1683,1,1982-09-09,1984-07-23,Group of the European People's Party (Christian-Democratic Group)
1683,2,1984-07-24,1987-04-05,Group of the European People's Party (Christian-Democratic Group)
1683,2,1987-04-06,1989-07-24,Group of the European People's Party (Christian-Democratic Group)
998,10,1989-07-25,1994-04-15,The Green Group in the European Parliament
998,10,1994-04-16,1994-05-02,Non-attached
998,10,1994-05-03,1994-07-18,Liberal and Democratic Reformist Group
998,3,1989-07-25,1994-04-15,The Green Group in the European Parliament
998,3,1994-04-16,1994-05-02,Non-attached
998,3,1994-05-03,1994-07-18,Liberal and Democratic Reformist Group
1312,10,1994-07-19,1999-01-31,Group of the Party of European Socialists
1312,2,1987-07-06,1987-09-16,Non-attached
1312,2,1987-09-17,1987-11-17,Technical Coordination and Defence of Independent Groups and Members
1312,2,1987-11-18,1988-12-31,Non-attached
1312,2,1989-01-01,1989-07-24,Socialist Group
1312,3,1989-07-25,1993-04-20,Socialist Group
1312,3,1993-04-21,1994-07-18,Group of the Party of European Socialists
1312,4,1994-07-19,1999-01-31,Group of the Party of European Socialists
96779,10,2019-07-02,2024-07-15,Group of the European People's Party (Christian Democrats)
96779,7,2009-07-14,2009-07-20,Group of the European People's Party (Christian Democrats)
96779,7,2009-07-21,2014-06-30,Group of the European People's Party (Christian Democrats)
96779,8,2014-07-01,2019-07-01,Group of the European People's Party (Christian Democrats)
96779,9,2019-07-02,2024-07-15,Group of the European People's Party (Christian Democrats)
124834,10,2024-07-16,,Non-attached Members
124834,8,2014-07-01,2019-07-01,Non-attached Members
124834,9,2019-07-02,2024-07-15,Non-attached Members
197518,10,2019-07-02,2024-07-15,European Conservatives and Reformists Group
197518,9,2019-07-02,2024-07-15,European Conservatives and Reformists Group
28406,10,2009-07-14,2012-01-22,Confederal Group of the European United Left
28406,10,2012-01-23,2012-04-24,Confederal Group of the European United Left
28406,6,2004-07-20,2009-07-13,Confederal Group of the European United Left
28406,7,2009-07-14,2012-01-22,Confederal Group of the European United Left
28406,7,2012-01-23,2012-04-24,Confederal Group of the European United Left
23878,10,2003-04-30,2004-04-30,Union for Europe of the Nations Group
23878,10,2004-05-01,2004-07-19,Union for Europe of the Nations Group
23878,5,2003-04-30,2004-04-30,Union for Europe of the Nations Group
23878,5,2004-05-01,2004-07-19,Union for Europe of the Nations Group
1136,10,1989-07-25,1992-10-06,Group of the European People's Party (Christian-Democratic Group)
1136,10,1992-10-07,1994-07-18,Group of the European People's Party (Christian-Democratic Group)
1136,3,1989-07-25,1992-10-06,Group of the European People's Party (Christian-Democratic Group)
1136,3,1992-10-07,1994-07-18,Group of the European People's Party (Christian-Democratic Group)
1055,10,2014-07-01,2019-07-01,Group of the European People's Party (Christian Democrats)
1055,3,1989-07-25,1994-07-18,Group of the European People's Party (Christian-Democratic Group)
1055,4,1994-07-19,1994-11-28,Group of the European People's Party (Christian-Democratic Group)
1055,4,1994-11-29,1997-02-18,Group of the European People's Party (Christian-Democratic Group)
1055,4,1997-02-19,1999-07-19,Group of the European People's Party (Christian-Democratic Group)
1055,5,1999-07-20,1999-10-11,Group of the European People's Party (Christian Democrats) and European Democrats
1055,5,1999-10-12,2002-03-07,Group of the European People's Party (Christian Democrats) and European Democrats
1055,5,2002-03-08,2004-07-19,Group of the European People's Party (Christian Democrats) and European Democrats
1055,6,2004-07-20,2009-07-13,Group of the European People's Party (Christian Democrats) and European Democrats
1055,7,2009-07-14,2014-06-30,Group of the European People's Party (Christian Democrats)
1055,8,2014-07-01,2019-07-01,Group of the European People's Party (Christian Democrats)
96659,10,2009-07-14,2009-09-15,Group of the European People's Party (Christian Democrats)
96659,10,2009-09-16,2012-05-09,Group of the European People's Party (Christian Democrats)
96659,7,2009-07-14,2009-09-15,Group of the European People's Party (Christian Democrats)
96659,7,2009-09-16,2012-05-09,Group of the European People's Party (Christian Democrats)
96833,10,2024-07-16,,Group of the Progressive Alliance of Socialists and Democrats in the European Parliament
96833,7,2009-07-14,2014-06-30,Group of the Progressive Alliance of Socialists and Democrats in the European Parliament
96833,8,2014-07-01,2019-07-01,Group of the Progressive Alliance of Socialists and Democrats in the European Parliament
96833,9,2019-07-02,2024-07-15,Group of the Progressive Alliance of Socialists and Democrats in the European Parliament
2148,10,1995-01-01,1995-10-08,Group of the European People's Party (Christian-Democratic Group)
2148,4,1995-01-01,1995-10-08,Group of the European People's Party (Christian-Democratic Group)
2022,10,1994-07-19,1995-07-04,Group of the European Democratic Alliance
2022,10,1995-07-05,1996-12-09,Group Union for Europe
2022,10,1996-12-10,1999-07-19,Group Union for Europe
2022,4,1994-07-19,1995-07-04,Group of the European Democratic Alliance
2022,4,1995-07-05,1996-12-09,Group Union for Europe
2022,4,1996-12-10,1999-07-19,Group Union for Europe
997,10,2009-07-14,2014-06-30,Europe of freedom and democracy Group
997,3,1989-07-25,1994-04-20,Rainbow Group in the European Parliament
997,3,1994-04-21,1994-05-11,Non-attached
997,5,1999-07-20,1999-07-21,Technical Group of Independent Members
997,5,1999-07-22,2001-10-02,Technical Group of Independent Members
997,5,2001-10-03,2004-07-19,Non-attached
997,6,2004-07-21,2006-04-26,Independence/Democracy Group
997,6,2006-04-27,2006-12-12,Non-attached Members
997,6,2006-12-13,2009-07-13,Union for Europe of the Nations Group
997,7,2009-07-14,2014-06-30,Europe of freedom and democracy Group
2168,10,1994-07-19,1998-08-25,Group of the European Radical Alliance
2168,4,1994-07-19,1998-08-25,Group of the European Radical Alliance
752,10,1979-07-17,1981-06-30,Socialist Group
752,1,1979-07-17,1981-06-30,Socialist Group
197849,10,2019-07-02,2024-07-15,European Conservatives and Reformists Group
197849,9,2019-07-02,2024-07-15,European Conservatives and Reformists Group
2263,10,1995-10-09,1996-01-31,The Green Group in the European Parliament
2263,10,1996-02-01,1997-01-28,The Green Group in the European Parliament
2263,10,1997-01-29,1999-07-19,The Green Group in the European Parliament
2263,4,1995-10-09,1996-01-31,The Green Group in the European Parliament
2263,4,1996-02-01,1997-01-28,The Green Group in the European Parliament
2263,4,1997-01-29,1999-07-19,The Green Group in the European Parliament
122317,10,2013-12-17,2014-06-30,Group of the European People's Party (Christian Democrats)
122317,7,2013-12-17,2014-06-30,Group of the European People's Party (Christian Democrats)
199996,10,2019-09-03,2024-07-15,Group of the Progressive Alliance of Socialists and Democrats in the European Parliament
199996,9,2019-09-03,2024-07-15,Group of the Progressive Alliance of Socialists and Democrats in the European Parliament
96705,10,2014-07-01,2019-07-01,Group of the European People's Party (Christian Democrats)
96705,7,2009-07-14,2014-06-30,Group of the European People's Party (Christian Democrats)
96705,8,2014-07-01,2019-07-01,Group of the European People's Party (Christian Democrats)
197738,10,2024-07-16,,Group of the European People's Party (Christian Democrats)
197738,9,2019-07-02,2024-04-16,Group of the European People's Party (Christian Democrats)
197738,9,2024-04-17,2024-07-15,Group of the European People's Party (Christian Democrats)
36391,10,2006-05-08,2006-06-18,Confederal Group of the European United Left
36391,6,2006-05-08,2006-06-18,Confederal Group of the European United Left
24030,10,2009-07-14,2014-06-30,Non-attached Members
24030,5,2003-06-16,2004-07-19,Non-attached
24030,6,2004-07-20,2007-01-14,Non-attached Members
24030,6,2007-01-15,2007-11-13,"Identity, Tradition and Sovereignty Group"
24030,6,2007-11-14,2009-07-13,Non-attached Members
24030,7,2009-07-14,2014-06-30,Non-attached Members
2140,10,1994-07-19,1995-07-04,Forza Europa Group
2140,10,1995-07-05,1996-10-23,Group Union for Europe
2140,10,1996-10-24,1996-12-09,Group Union for Europe
2140,10,1996-12-10,1998-06-14,Group Union for Europe
2140,10,1998-06-15,1999-07-19,Group of the European People's Party (Christian-Democratic Group)
2140,4,1994-07-19,1995-07-04,Forza Europa Group
2140,4,1995-07-05,1996-10-23,Group Union for Europe
2140,4,1996-10-24,1996-12-09,Group Union for Europe
2140,4,1996-12-10,1998-06-14,Group Union for Europe
2140,4,1998-06-15,1999-07-19,Group of the European People's Party (Christian-Democratic Group)
239271,10,2022-11-02,2024-07-15,Group of the European People's Party (Christian Democrats)
239271,9,2022-11-02,2024-07-15,Group of the European People's Party (Christian Democrats)
4509,10,1999-07-20,2004-07-19,Confederal Group of the European United Left/Nordic Green Left
4509,5,1999-07-20,2004-07-19,Confederal Group of the European United Left/Nordic Green Left
1622,10,1984-07-24,1986-03-09,Group of the European Democratic Alliance
1622,10,1986-03-10,1987-03-10,Group of the European Democratic Alliance
1622,2,1984-07-24,1986-03-09,Group of the European Democratic Alliance
1622,2,1986-03-10,1987-03-10,Group of the European Democratic Alliance
1304,10,1999-07-20,1999-10-11,Group of the European People's Party (Christian Democrats) and European Democrats
1304,10,1999-10-12,2004-07-19,Group of the European People's Party (Christian Democrats) and European Democrats
1304,2,1987-07-06,1989-07-24,Group of the European People's Party (Christian-Democratic Group)
1304,3,1989-07-25,1994-07-18,Group of the European People's Party (Christian-Democratic Group)
1304,4,1994-07-19,1994-07-27,Group of the European People's Party (Christian-Democratic Group)
1304,4,1994-07-28,1999-07-19,Group of the European People's Party (Christian-Democratic Group)
1304,5,1999-07-20,1999-10-11,Group of the European People's Party (Christian Democrats) and European Democrats
1304,5,1999-10-12,2004-07-19,Group of the European People's Party (Christian Democrats) and European Democrats
34930,10,2005-12-07,2009-07-13,Union for Europe of the Nations Group
34930,6,2005-12-07,2009-07-13,Union for Europe of the Nations Group
197517,10,2024-07-16,,Group of the European People's Party (Christian Democrats)
197517,9,2019-07-02,2024-07-15,Group of the European People's Party (Christian Democrats)
5392,10,2024-07-16,,Group of the Progressive Alliance of Socialists and Democrats in the European Parliament
5392,9,2019-07-04,2024-07-15,Group of the Progressive Alliance of Socialists and Democrats in the European Parliament
2290,10,1999-07-20,2004-07-19,Non-attached
2290,4,1996-11-11,1999-07-19,Non-attached
2290,5,1999-07-20,2004-07-19,Non-attached
1772,10,1984-07-24,1987-10-11,Group of the European Democratic Alliance
1772,10,1987-10-12,1989-07-24,Group of the European Democratic Alliance
1772,1,1982-10-06,1983-11-18,Group of European Progressive Democrats
1772,2,1984-07-24,1987-10-11,Group of the European Democratic Alliance
1772,2,1987-10-12,1989-07-24,Group of the European Democratic Alliance
197770,10,2024-07-16,,Renew Europe Group
197770,9,2019-07-02,2024-07-15,Renew Europe Group
28509,10,2004-07-20,2009-07-13,Independence/Democracy Group
28509,6,2004-07-20,2009-07-13,Independence/Democracy Group
33775,10,2009-07-14,2010-02-09,Group of the European People's Party (Christian Democrats)
33775,10,2010-02-10,2014-06-30,Group of the European People's Party (Christian Democrats)
33775,6,2005-06-11,2009-07-13,Group of the European People's Party (Christian Democrats) and European Democrats
33775,7,2009-07-14,2010-02-09,Group of the European People's Party (Christian Democrats)
33775,7,2010-02-10,2014-06-30,Group of the European People's Party (Christian Democrats)
1641,10,1985-12-02,1989-07-24,Group of the European People's Party (Christian-Democratic Group)
1641,2,1985-12-02,1989-07-24,Group of the European People's Party (Christian-Democratic Group)
96844,10,2019-07-02,2022-01-10,Group of the Progressive Alliance of Socialists and Democrats in the European Parliament
96844,7,2009-07-14,2014-06-30,Group of the Progressive Alliance of Socialists and Democrats in the European Parliament
96844,8,2014-07-01,2019-07-01,Group of the Progressive Alliance of Socialists and Democrats in the European Parliament
96844,9,2019-07-02,2022-01-10,Group of the Progressive Alliance of Socialists and Democrats in the European Parliament
197503,10,2024-07-16,,Group of the Greens/European Free Alliance
197503,9,2019-07-02,2024-07-15,Group of the Greens/European Free Alliance
1911,10,2014-07-01,2017-02-10,Group of the Progressive Alliance of Socialists and Democrats in the European Parliament
1911,4,1994-07-19,1999-07-19,Group of the Party of European Socialists
1911,5,1999-07-20,2000-10-03,Group of the Party of European Socialists
1911,5,2000-10-04,2002-03-06,Group of the Party of European Socialists
1911,5,2002-03-07,2004-07-19,Group of the Party of European Socialists
1911,6,2004-07-20,2009-07-13,Socialist Group in the European Parliament
1911,7,2009-07-14,2012-01-16,Group of the Progressive Alliance of Socialists and Democrats in the European Parliament
1911,7,2012-01-17,2014-06-30,Group of the Progressive Alliance of Socialists and Democrats in the European Parliament
1911,8,2014-07-01,2017-02-10,Group of the Progressive Alliance of Socialists and Democrats in the European Parliament
1585,10,1984-07-24,1985-04-30,Group of the European Democratic Alliance
1585,2,1984-07-24,1985-04-30,Group of the European Democratic Alliance
23840,10,2009-07-14,2014-06-30,Group of the Progressive Alliance of Socialists and Democrats in the European Parliament
23840,5,2003-04-23,2004-04-30,Group of the Party of European Socialists
23840,5,2004-05-01,2004-07-19,Group of the Party of European Socialists
23840,6,2004-07-20,2009-07-13,Socialist Group in the European Parliament
23840,7,2009-07-14,2014-06-30,Group of the Progressive Alliance of Socialists and Democrats in the European Parliament
4529,10,2009-07-14,2012-07-03,Group of the Alliance of Liberals and Democrats for Europe
4529,10,2012-07-04,2014-06-30,Group of the Alliance of Liberals and Democrats for Europe
4529,5,1999-07-20,2004-07-19,"Group of the European Liberal, Democrat and Reform Party"
96697,10,2024-07-16,,European Conservatives and Reformists Group
96697,7,2009-07-14,2009-07-15,European Conservatives and Reformists Group
96697,7,2009-07-16,2014-06-30,European Conservatives and Reformists Group
