vote_id,date,label,code,committee_responsible,rapporteur
169367,2024-07-17,Wednesday’s agenda – Request by The Left Group (to),,,
169368,2024-07-17,Wednesday’s agenda – Request by the PfE Group (to),,,
169338,2024-07-17,The need for the EU's continuous support for Ukraine (Amendment 1 to Section 1),,,
169340,2024-07-17,The need for the EU's continuous support for Ukraine (to Section 3),,,
169342,2024-07-17,The need for the EU's continuous support for Ukraine (Amendment 6 to Section 3),,,
169343,2024-07-17,The need for the EU's continuous support for Ukraine (Amendment 7 to Section 3),,,
169345,2024-07-17,The need for the EU's continuous support for Ukraine (to Section 4),,,
169346,2024-07-17,The need for the EU's continuous support for Ukraine (to Section 4),,,
169347,2024-07-17,The need for the EU's continuous support for Ukraine (to Section 4),,,
169348,2024-07-17,The need for the EU's continuous support for Ukraine (Amendment 9 to Section 5),,,
169350,2024-07-17,The need for the EU's continuous support for Ukraine (to Section 5),,,
169351,2024-07-17,The need for the EU's continuous support for Ukraine (to Section 5),,,
169352,2024-07-17,The need for the EU's continuous support for Ukraine (to Section 5),,,
169353,2024-07-17,The need for the EU's continuous support for Ukraine (to Section 5),,,
169354,2024-07-17,The need for the EU's continuous support for Ukraine (to Section 5),,,
169355,2024-07-17,The need for the EU's continuous support for Ukraine (to Section 5),,,
169356,2024-07-17,The need for the EU's continuous support for Ukraine (to Section 5),,,
169357,2024-07-17,The need for the EU's continuous support for Ukraine (Amendment 10 to Section 8),,,
169358,2024-07-17,The need for the EU's continuous support for Ukraine (Amendment 11 to Section 8),,,
169359,2024-07-17,The need for the EU's continuous support for Ukraine (Amendment 12 to Section 8),,,
169360,2024-07-17,The need for the EU's continuous support for Ukraine (Amendment 13 to Section 9),,,
169361,2024-07-17,The need for the EU's continuous support for Ukraine (to),,,
169362,2024-07-17,The need for the EU's continuous support for Ukraine (to),,,
169385,2024-07-18,Request by The Left Group – Motion for adjournment of the vote on the election of the President of the Commission (to),,,
169406,2024-09-16,Tuesday’s agenda – Request by the PfE Group (to),,,
169407,2024-09-16,Wednesday’s agenda – Request by the ECR Group (to),,,
169418,2024-09-18,"Objection pursuant to Rule 115(2) and (3), and Rule 115(4)(c): Maximum residue levels for carbendazim and thiophanate-methyl (to)",,,
169419,2024-09-18,"Objection pursuant to Rule 115(2) and (3), and Rule 115(4)(c): Maximum residue levels for cyproconazole (to)",,,
169555,2024-09-19,The deteriorating situation of women in Afghanistan due to the recent adoption of the law on the ‘Promotion of Virtue and Prevention of Vice’ (to Section 7),,,
169558,2024-09-19,The deteriorating situation of women in Afghanistan due to the recent adoption of the law on the ‘Promotion of Virtue and Prevention of Vice’ (to Section 8),,,
169559,2024-09-19,The deteriorating situation of women in Afghanistan due to the recent adoption of the law on the ‘Promotion of Virtue and Prevention of Vice’ (Amendment 2 to Section 8),,,
169560,2024-09-19,The deteriorating situation of women in Afghanistan due to the recent adoption of the law on the ‘Promotion of Virtue and Prevention of Vice’ (Amendment 3 to Section 8),,,
169564,2024-09-19,The deteriorating situation of women in Afghanistan due to the recent adoption of the law on the ‘Promotion of Virtue and Prevention of Vice’ (Amendment 1 to),,,
169565,2024-09-19,The deteriorating situation of women in Afghanistan due to the recent adoption of the law on the ‘Promotion of Virtue and Prevention of Vice’ (to),,,
169543,2024-09-19,The severe situation of political prisoners in Belarus (Amendment 1 to Section 6),,,
169544,2024-09-19,The severe situation of political prisoners in Belarus (to),,,
169534,2024-09-19,The case of José Daniel Ferrier García in Cuba (Amendment 4 to Section 6),,,
169535,2024-09-19,The case of José Daniel Ferrier García in Cuba (to Section 6),,,
169536,2024-09-19,The case of José Daniel Ferrier García in Cuba (Amendment 3 to Section 6),,,
169537,2024-09-19,The case of José Daniel Ferrier García in Cuba (Amendment 5 to Section 6),,,
169538,2024-09-19,The case of José Daniel Ferrier García in Cuba (Amendment 6 to Section 6),,,
169539,2024-09-19,The case of José Daniel Ferrier García in Cuba (Amendment 2 to Section 6),,,
169540,2024-09-19,The case of José Daniel Ferrier García in Cuba (Amendment 1 to),,,
169541,2024-09-19,The case of José Daniel Ferrier García in Cuba (to),,,
169401,2024-09-19,EU/USA Agreement on the launch of Galileo satellites from U.S. Territory *** (to),A10-0001/2024,"Industry, Research and Energy. Rapporteur: Borys Budka (A10-0001/2024)",Borys Budka
169624,2024-09-19,Continued financial and military support to Ukraine by EU Member States (Amendment 4 to Section 1),,,
169625,2024-09-19,Continued financial and military support to Ukraine by EU Member States (to Section 1),,,
169626,2024-09-19,Continued financial and military support to Ukraine by EU Member States (Amendment 5 to Section 2),,,
169628,2024-09-19,Continued financial and military support to Ukraine by EU Member States (to Section 2),,,
169629,2024-09-19,Continued financial and military support to Ukraine by EU Member States (to Section 2),,,
169630,2024-09-19,Continued financial and military support to Ukraine by EU Member States (to Section 2),,,
169631,2024-09-19,Continued financial and military support to Ukraine by EU Member States (Amendment 12 to Section 2),,,
169632,2024-09-19,Continued financial and military support to Ukraine by EU Member States (Amendment 13 to Section 2),,,
169633,2024-09-19,Continued financial and military support to Ukraine by EU Member States (Amendment 14 to Section 3),,,
169634,2024-09-19,Continued financial and military support to Ukraine by EU Member States (Amendment 15 to Section 3),,,
169635,2024-09-19,Continued financial and military support to Ukraine by EU Member States (to Section 5),,,
169636,2024-09-19,Continued financial and military support to Ukraine by EU Member States (Amendment 6 to Section 6),,,
169637,2024-09-19,Continued financial and military support to Ukraine by EU Member States (to Section 7),,,
169638,2024-09-19,Continued financial and military support to Ukraine by EU Member States (Amendment 16 to Section 7),,,
169639,2024-09-19,Continued financial and military support to Ukraine by EU Member States (Amendment 17 to Section 7),,,
169640,2024-09-19,Continued financial and military support to Ukraine by EU Member States (Amendment 18 to Section 7),,,
169641,2024-09-19,Continued financial and military support to Ukraine by EU Member States (Amendment 19 to Section 7),,,
169642,2024-09-19,Continued financial and military support to Ukraine by EU Member States (to Section 8),,,
169643,2024-09-19,Continued financial and military support to Ukraine by EU Member States (Amendment 20 to Section 8),,,
169644,2024-09-19,Continued financial and military support to Ukraine by EU Member States (Amendment 7 to Section 9),,,
169645,2024-09-19,Continued financial and military support to Ukraine by EU Member States (Amendment 21 to Section 9),,,
169647,2024-09-19,Continued financial and military support to Ukraine by EU Member States (to Section 9),,,
169648,2024-09-19,Continued financial and military support to Ukraine by EU Member States (to Section 9),,,
169649,2024-09-19,Continued financial and military support to Ukraine by EU Member States (to Section 9),,,
169650,2024-09-19,Continued financial and military support to Ukraine by EU Member States (Amendment 22 to Section 10),,,
169651,2024-09-19,Continued financial and military support to Ukraine by EU Member States (to Section 11),,,
169652,2024-09-19,Continued financial and military support to Ukraine by EU Member States (Amendment 8 to Section 12),,,
169653,2024-09-19,Continued financial and military support to Ukraine by EU Member States (to Section 12),,,
169654,2024-09-19,Continued financial and military support to Ukraine by EU Member States (Amendment 2 to Section 14),,,
169657,2024-09-19,Continued financial and military support to Ukraine by EU Member States (to Section 15),,,
169658,2024-09-19,Continued financial and military support to Ukraine by EU Member States (Amendment 27 to Section 18),,,
169662,2024-09-19,Continued financial and military support to Ukraine by EU Member States (to Section 19),,,
169663,2024-09-19,Continued financial and military support to Ukraine by EU Member States (to Section 19),,,
169664,2024-09-19,Continued financial and military support to Ukraine by EU Member States (Amendment 23 to Section 21),,,
169665,2024-09-19,Continued financial and military support to Ukraine by EU Member States (Amendment 9 to Section 23),,,
169666,2024-09-19,Continued financial and military support to Ukraine by EU Member States (Amendment 24 to Section 23),,,
169668,2024-09-19,Continued financial and military support to Ukraine by EU Member States (Amendment 1 to),,,
169669,2024-09-19,Continued financial and military support to Ukraine by EU Member States (Amendment 1 to),,,
169670,2024-09-19,Continued financial and military support to Ukraine by EU Member States (Amendment 10 to),,,
169673,2024-09-19,Continued financial and military support to Ukraine by EU Member States (to),,,
169674,2024-09-19,Continued financial and military support to Ukraine by EU Member States (Amendment 11 to),,,
169675,2024-09-19,Continued financial and military support to Ukraine by EU Member States (Amendment 25 to),,,
169676,2024-09-19,Continued financial and military support to Ukraine by EU Member States (to),,,
169589,2024-09-19,Situation in Venezuela (Amendment 11 to Section 1),,,
169591,2024-09-19,Situation in Venezuela (Amendment 2 to Section 1),,,
169590,2024-09-19,Situation in Venezuela (to Section 1),,,
169592,2024-09-19,Situation in Venezuela (to Section 2),,,
169594,2024-09-19,Situation in Venezuela (Amendment 3 to Section 3),,,
169595,2024-09-19,Situation in Venezuela (to Section 6),,,
169596,2024-09-19,Situation in Venezuela (to Section 7),,,
169597,2024-09-19,Situation in Venezuela (to Section 8),,,
169598,2024-09-19,Situation in Venezuela (to Section 9),,,
169599,2024-09-19,Situation in Venezuela (to Section 10),,,
169600,2024-09-19,Situation in Venezuela (Amendment 4 to Section 11),,,
169623,2024-09-19,Situation in Venezuela (to),,,
169567,2024-09-19,"The devastating floods in central and eastern Europe, the loss of lives and the EU’s preparedness to act on such disasters exacerbated by climate change (to Section 4)",,,
169568,2024-09-19,"The devastating floods in central and eastern Europe, the loss of lives and the EU’s preparedness to act on such disasters exacerbated by climate change (to Section 4)",,,
169569,2024-09-19,"The devastating floods in central and eastern Europe, the loss of lives and the EU’s preparedness to act on such disasters exacerbated by climate change (Amendment 12 to Section 4)",,,
169570,2024-09-19,"The devastating floods in central and eastern Europe, the loss of lives and the EU’s preparedness to act on such disasters exacerbated by climate change (Amendment 7 to Section 5)",,,
169571,2024-09-19,"The devastating floods in central and eastern Europe, the loss of lives and the EU’s preparedness to act on such disasters exacerbated by climate change (Amendment 3 to Section 6)",,,
169573,2024-09-19,"The devastating floods in central and eastern Europe, the loss of lives and the EU’s preparedness to act on such disasters exacerbated by climate change (Amendment 11 to Section 8)",,,
169574,2024-09-19,"The devastating floods in central and eastern Europe, the loss of lives and the EU’s preparedness to act on such disasters exacerbated by climate change (Amendment 11 to Section 8)",,,
169575,2024-09-19,"The devastating floods in central and eastern Europe, the loss of lives and the EU’s preparedness to act on such disasters exacerbated by climate change (Amendment 8 to Section 10)",,,
169576,2024-09-19,"The devastating floods in central and eastern Europe, the loss of lives and the EU’s preparedness to act on such disasters exacerbated by climate change (to Section 12)",,,
169577,2024-09-19,"The devastating floods in central and eastern Europe, the loss of lives and the EU’s preparedness to act on such disasters exacerbated by climate change (to Section 20)",,,
169579,2024-09-19,"The devastating floods in central and eastern Europe, the loss of lives and the EU’s preparedness to act on such disasters exacerbated by climate change (to Section 21)",,,
169580,2024-09-19,"The devastating floods in central and eastern Europe, the loss of lives and the EU’s preparedness to act on such disasters exacerbated by climate change (to Section 21)",,,
169581,2024-09-19,"The devastating floods in central and eastern Europe, the loss of lives and the EU’s preparedness to act on such disasters exacerbated by climate change (Amendment 2 to Section 27)",,,
169678,2024-09-19,"The devastating floods in central and eastern Europe, the loss of lives and the EU’s preparedness to act on such disasters exacerbated by climate change (to)",,,
169583,2024-09-19,"The devastating floods in central and eastern Europe, the loss of lives and the EU’s preparedness to act on such disasters exacerbated by climate change (to)",,,
169584,2024-09-19,"The devastating floods in central and eastern Europe, the loss of lives and the EU’s preparedness to act on such disasters exacerbated by climate change (Amendment 1 to)",,,
169585,2024-09-19,"The devastating floods in central and eastern Europe, the loss of lives and the EU’s preparedness to act on such disasters exacerbated by climate change (Amendment 9 to)",,,
169586,2024-09-19,"The devastating floods in central and eastern Europe, the loss of lives and the EU’s preparedness to act on such disasters exacerbated by climate change (Amendment 6 to)",,,
169587,2024-09-19,"The devastating floods in central and eastern Europe, the loss of lives and the EU’s preparedness to act on such disasters exacerbated by climate change (Amendment 5 to)",,,
169588,2024-09-19,"The devastating floods in central and eastern Europe, the loss of lives and the EU’s preparedness to act on such disasters exacerbated by climate change (Amendment 10 to)",,,
169725,2024-10-07,Tuesday’s agenda – Request by the PfE Group (to),,,
169726,2024-10-07,Tuesday’s agenda – Request by The Left Group (to),,,
169701,2024-10-08,"Mobilisation of the European Union Solidarity Fund: assistance to Italy, Slovenia, Austria, Greece and France further to natural disasters that occurred in 2023 (to)",A10-0002/2024,Budgets. Rapporteur: Georgios Aftias (A10-0002/2024),Georgios Aftias
169760,2024-10-09,Strengthening Moldova’s resilience against Russian interference ahead of the upcoming presidential elections and a constitutional referendum on EU integration (to Section 5),,,
169761,2024-10-09,Strengthening Moldova’s resilience against Russian interference ahead of the upcoming presidential elections and a constitutional referendum on EU integration (Amendment 1 to Section 7),,,
169762,2024-10-09,Strengthening Moldova’s resilience against Russian interference ahead of the upcoming presidential elections and a constitutional referendum on EU integration (to Section 8),,,
169765,2024-10-09,Strengthening Moldova’s resilience against Russian interference ahead of the upcoming presidential elections and a constitutional referendum on EU integration (to Section 9),,,
169766,2024-10-09,Strengthening Moldova’s resilience against Russian interference ahead of the upcoming presidential elections and a constitutional referendum on EU integration (Amendment 2 to Section 11),,,
169768,2024-10-09,Strengthening Moldova’s resilience against Russian interference ahead of the upcoming presidential elections and a constitutional referendum on EU integration (to Section 17),,,
169769,2024-10-09,Strengthening Moldova’s resilience against Russian interference ahead of the upcoming presidential elections and a constitutional referendum on EU integration (to),,,
169770,2024-10-09,Strengthening Moldova’s resilience against Russian interference ahead of the upcoming presidential elections and a constitutional referendum on EU integration (to),,,
169771,2024-10-09,The democratic backsliding and threats to political pluralism in Georgia (Amendment 2 to Section 1),,,
169773,2024-10-09,The democratic backsliding and threats to political pluralism in Georgia (to Section 1),,,
169774,2024-10-09,The democratic backsliding and threats to political pluralism in Georgia (to Section 1),,,
169775,2024-10-09,The democratic backsliding and threats to political pluralism in Georgia (Amendment 1 to Section 1),,,
169778,2024-10-09,The democratic backsliding and threats to political pluralism in Georgia (to Section 2),,,
169790,2024-10-09,The democratic backsliding and threats to political pluralism in Georgia (to Section 9),,,
169801,2024-10-09,The democratic backsliding and threats to political pluralism in Georgia (to Section 22),,,
169802,2024-10-09,The democratic backsliding and threats to political pluralism in Georgia (to Section 22),,,
169803,2024-10-09,The democratic backsliding and threats to political pluralism in Georgia (to),,,
169808,2024-10-09,The democratic backsliding and threats to political pluralism in Georgia (to),,,
169854,2024-10-10,The case of Bülent Mumay in Türkiye (Amendment 1 to Section 4),,,
169855,2024-10-10,The case of Bülent Mumay in Türkiye (Amendment 2 to Section 5),,,
169856,2024-10-10,"The cases of unjustly imprisoned Uyghurs in China, notably Ilham Tohti and Gulshan Abbas (Amendment 1 to Section 3)",,,
169857,2024-10-10,"The cases of unjustly imprisoned Uyghurs in China, notably Ilham Tohti and Gulshan Abbas (to)",,,
170005,2024-10-21,Tuesday’s agenda – Request by the Verts/ALE Group (to),,,
170006,2024-10-21,Tuesday’s agenda – Request by the Renew Group (to),,,
169889,2024-10-22,Establishing the Ukraine Loan Cooperation Mechanism and providing exceptional macro-financial assistance to Ukraine ***I (Commission proposal),A10-0006/2024,International Trade. Rapporteur: Karin Karlsbro (A10-0006/2024),Karin Karlsbro
169905,2024-10-22,Draft amending budget No 2/2024: entering the surplus of the financial year 2023 (to Section 6),A10-0005/2024,Budgets. Rapporteur: Siegfried Mureşan (A10-0005/2024),Siegfried Mureşan
169890,2024-10-22,Draft amending budget No 2/2024: entering the surplus of the financial year 2023 (to),A10-0005/2024,Budgets. Rapporteur: Siegfried Mureşan (A10-0005/2024),Siegfried Mureşan
169908,2024-10-22,Draft amending budget No 4/2024: update of revenue (own resources) and adjustments to some decentralised agencies (to Section 4),A10-0007/2024,Budgets. Rapporteur: Siegfried Mureşan (A10-0007/2024),Siegfried Mureşan
169909,2024-10-22,Draft amending budget No 4/2024: update of revenue (own resources) and adjustments to some decentralised agencies (Amendment 1 to Section 5),A10-0007/2024,Budgets. Rapporteur: Siegfried Mureşan (A10-0007/2024),Siegfried Mureşan
169887,2024-10-22,Draft amending budget No 4/2024: update of revenue (own resources) and adjustments to some decentralised agencies (to),A10-0007/2024,Budgets. Rapporteur: Siegfried Mureşan (A10-0007/2024),Siegfried Mureşan
169885,2024-10-22,Mobilisation of the European Globalisation Adjustment Fund: application EGF/2024/001 BE/Match-Smatch (to),A10-0009/2024,Budgets. Rapporteur: Michalis Hadjipantela (A10-0009/2024),Michalis Hadjipantela
169901,2024-10-22,2022 discharge: EU general budget – European Council and Council (to Section 14),A10-0003/2024,Budgetary Control. Rapporteur: Jonas Sjöstedt (A10-0003/2024),Jonas Sjöstedt
169904,2024-10-22,2022 discharge: EU general budget – European Council and Council (to Section 16),A10-0003/2024,Budgetary Control. Rapporteur: Jonas Sjöstedt (A10-0003/2024),Jonas Sjöstedt
169894,2024-10-22,2022 discharge: EU general budget – European Council and Council (to),A10-0003/2024,Budgetary Control. Rapporteur: Jonas Sjöstedt (A10-0003/2024),Jonas Sjöstedt
170238,2024-10-23,Draft general budget of the European Union for 2025 – all sections (Amendment 693 to),,,
170244,2024-10-23,Draft general budget of the European Union for 2025 – all sections (Amendment 309 to),,,
170245,2024-10-23,Draft general budget of the European Union for 2025 – all sections (Amendment 332 to),,,
170256,2024-10-23,Draft general budget of the European Union for 2025 – all sections (Amendment 725 to),,,
170257,2024-10-23,Draft general budget of the European Union for 2025 – all sections (Amendment 313 to),,,
170258,2024-10-23,Draft general budget of the European Union for 2025 – all sections (Amendment 618 to),,,
170259,2024-10-23,Draft general budget of the European Union for 2025 – all sections (Amendment 314 to),,,
170260,2024-10-23,Draft general budget of the European Union for 2025 – all sections (Amendment 315 to),,,
170261,2024-10-23,Draft general budget of the European Union for 2025 – all sections (Amendment 726 to),,,
170262,2024-10-23,Draft general budget of the European Union for 2025 – all sections (Amendment 213 to),,,
170263,2024-10-23,Draft general budget of the European Union for 2025 – all sections (Amendment 316 to),,,
170264,2024-10-23,Draft general budget of the European Union for 2025 – all sections (Amendment 317 to),,,
170268,2024-10-23,Draft general budget of the European Union for 2025 – all sections (Amendment 733 to),,,
170270,2024-10-23,Draft general budget of the European Union for 2025 – all sections (Amendment 334 to),,,
170271,2024-10-23,Draft general budget of the European Union for 2025 – all sections (Amendment 156 to),,,
170282,2024-10-23,Draft general budget of the European Union for 2025 – all sections (Amendment 328 to),,,
170290,2024-10-23,Draft general budget of the European Union for 2025 – all sections (Amendment 737 to),,,
170052,2024-10-23,General budget of the European Union for the financial year 2025 – all sections (Amendment 3 to Section 1),,Budgets. Rapporteurs: Victor Negrescu and Niclas Herbst (A10-0008/2024),
170053,2024-10-23,General budget of the European Union for the financial year 2025 – all sections (Amendment 4 to Section 1),,Budgets. Rapporteurs: Victor Negrescu and Niclas Herbst (A10-0008/2024),
170054,2024-10-23,General budget of the European Union for the financial year 2025 – all sections (Amendment 5 to Section 1),,Budgets. Rapporteurs: Victor Negrescu and Niclas Herbst (A10-0008/2024),
170055,2024-10-23,General budget of the European Union for the financial year 2025 – all sections (Amendment 6 to Section 1),,Budgets. Rapporteurs: Victor Negrescu and Niclas Herbst (A10-0008/2024),
170056,2024-10-23,General budget of the European Union for the financial year 2025 – all sections (Amendment 7 to Section 1),,Budgets. Rapporteurs: Victor Negrescu and Niclas Herbst (A10-0008/2024),
170057,2024-10-23,General budget of the European Union for the financial year 2025 – all sections (Amendment 53 to Section 4),,Budgets. Rapporteurs: Victor Negrescu and Niclas Herbst (A10-0008/2024),
170060,2024-10-23,General budget of the European Union for the financial year 2025 – all sections (to Section 5),,Budgets. Rapporteurs: Victor Negrescu and Niclas Herbst (A10-0008/2024),
170061,2024-10-23,General budget of the European Union for the financial year 2025 – all sections (Amendment 54 to Section 5),,Budgets. Rapporteurs: Victor Negrescu and Niclas Herbst (A10-0008/2024),
170063,2024-10-23,General budget of the European Union for the financial year 2025 – all sections (to Section 12),,Budgets. Rapporteurs: Victor Negrescu and Niclas Herbst (A10-0008/2024),
170064,2024-10-23,General budget of the European Union for the financial year 2025 – all sections (Amendment 18 to Section 13),,Budgets. Rapporteurs: Victor Negrescu and Niclas Herbst (A10-0008/2024),
170066,2024-10-23,General budget of the European Union for the financial year 2025 – all sections (to Section 15),,Budgets. Rapporteurs: Victor Negrescu and Niclas Herbst (A10-0008/2024),
170067,2024-10-23,General budget of the European Union for the financial year 2025 – all sections (Amendment 42 to Section 15),,Budgets. Rapporteurs: Victor Negrescu and Niclas Herbst (A10-0008/2024),
170068,2024-10-23,General budget of the European Union for the financial year 2025 – all sections (Amendment 55 to Section 15),,Budgets. Rapporteurs: Victor Negrescu and Niclas Herbst (A10-0008/2024),
170069,2024-10-23,General budget of the European Union for the financial year 2025 – all sections (Amendment 56 to Section 15),,Budgets. Rapporteurs: Victor Negrescu and Niclas Herbst (A10-0008/2024),
170070,2024-10-23,General budget of the European Union for the financial year 2025 – all sections (Amendment 57 to Section 15),,Budgets. Rapporteurs: Victor Negrescu and Niclas Herbst (A10-0008/2024),
170071,2024-10-23,General budget of the European Union for the financial year 2025 – all sections (Amendment 58 to Section 15),,Budgets. Rapporteurs: Victor Negrescu and Niclas Herbst (A10-0008/2024),
170072,2024-10-23,General budget of the European Union for the financial year 2025 – all sections (Amendment 59 to Section 15),,Budgets. Rapporteurs: Victor Negrescu and Niclas Herbst (A10-0008/2024),
170073,2024-10-23,General budget of the European Union for the financial year 2025 – all sections (Amendment 60 to Section 15),,Budgets. Rapporteurs: Victor Negrescu and Niclas Herbst (A10-0008/2024),
170074,2024-10-23,General budget of the European Union for the financial year 2025 – all sections (Amendment 61 to Section 15),,Budgets. Rapporteurs: Victor Negrescu and Niclas Herbst (A10-0008/2024),
170077,2024-10-23,General budget of the European Union for the financial year 2025 – all sections (Amendment 21 to Section 27),,Budgets. Rapporteurs: Victor Negrescu and Niclas Herbst (A10-0008/2024),
170079,2024-10-23,General budget of the European Union for the financial year 2025 – all sections (to Section 31),,Budgets. Rapporteurs: Victor Negrescu and Niclas Herbst (A10-0008/2024),
170081,2024-10-23,General budget of the European Union for the financial year 2025 – all sections (Amendment 8 to Section 34),,Budgets. Rapporteurs: Victor Negrescu and Niclas Herbst (A10-0008/2024),
170082,2024-10-23,General budget of the European Union for the financial year 2025 – all sections (Amendment 9 to Section 34),,Budgets. Rapporteurs: Victor Negrescu and Niclas Herbst (A10-0008/2024),
170083,2024-10-23,General budget of the European Union for the financial year 2025 – all sections (Amendment 10 to Section 34),,Budgets. Rapporteurs: Victor Negrescu and Niclas Herbst (A10-0008/2024),
170084,2024-10-23,General budget of the European Union for the financial year 2025 – all sections (Amendment 11 to Section 34),,Budgets. Rapporteurs: Victor Negrescu and Niclas Herbst (A10-0008/2024),
170085,2024-10-23,General budget of the European Union for the financial year 2025 – all sections (Amendment 12 to Section 34),,Budgets. Rapporteurs: Victor Negrescu and Niclas Herbst (A10-0008/2024),
170093,2024-10-23,General budget of the European Union for the financial year 2025 – all sections (Amendment 22 to Section 35),,Budgets. Rapporteurs: Victor Negrescu and Niclas Herbst (A10-0008/2024),
170094,2024-10-23,General budget of the European Union for the financial year 2025 – all sections (Amendment 22 to Section 35),,Budgets. Rapporteurs: Victor Negrescu and Niclas Herbst (A10-0008/2024),
170095,2024-10-23,General budget of the European Union for the financial year 2025 – all sections (Amendment 62 to Section 40),,Budgets. Rapporteurs: Victor Negrescu and Niclas Herbst (A10-0008/2024),
170098,2024-10-23,General budget of the European Union for the financial year 2025 – all sections (to Section 41),,Budgets. Rapporteurs: Victor Negrescu and Niclas Herbst (A10-0008/2024),
170104,2024-10-23,General budget of the European Union for the financial year 2025 – all sections (Amendment 23 to Section 43),,Budgets. Rapporteurs: Victor Negrescu and Niclas Herbst (A10-0008/2024),
170105,2024-10-23,General budget of the European Union for the financial year 2025 – all sections (Amendment 23 to Section 43),,Budgets. Rapporteurs: Victor Negrescu and Niclas Herbst (A10-0008/2024),
170108,2024-10-23,General budget of the European Union for the financial year 2025 – all sections (to Section 44),,Budgets. Rapporteurs: Victor Negrescu and Niclas Herbst (A10-0008/2024),
170109,2024-10-23,General budget of the European Union for the financial year 2025 – all sections (Amendment 24 to Section 44),,Budgets. Rapporteurs: Victor Negrescu and Niclas Herbst (A10-0008/2024),
170111,2024-10-23,General budget of the European Union for the financial year 2025 – all sections (to Section 45),,Budgets. Rapporteurs: Victor Negrescu and Niclas Herbst (A10-0008/2024),
170112,2024-10-23,General budget of the European Union for the financial year 2025 – all sections (to Section 45),,Budgets. Rapporteurs: Victor Negrescu and Niclas Herbst (A10-0008/2024),
170113,2024-10-23,General budget of the European Union for the financial year 2025 – all sections (Amendment 25 to Section 45),,Budgets. Rapporteurs: Victor Negrescu and Niclas Herbst (A10-0008/2024),
170115,2024-10-23,General budget of the European Union for the financial year 2025 – all sections (to Section 46),,Budgets. Rapporteurs: Victor Negrescu and Niclas Herbst (A10-0008/2024),
170120,2024-10-23,General budget of the European Union for the financial year 2025 – all sections (Amendment 13 to Section 50),,Budgets. Rapporteurs: Victor Negrescu and Niclas Herbst (A10-0008/2024),
170121,2024-10-23,General budget of the European Union for the financial year 2025 – all sections (Amendment 14 to Section 50),,Budgets. Rapporteurs: Victor Negrescu and Niclas Herbst (A10-0008/2024),
170124,2024-10-23,General budget of the European Union for the financial year 2025 – all sections (to Section 51),,Budgets. Rapporteurs: Victor Negrescu and Niclas Herbst (A10-0008/2024),
170125,2024-10-23,General budget of the European Union for the financial year 2025 – all sections (Amendment 43 to Section 51),,Budgets. Rapporteurs: Victor Negrescu and Niclas Herbst (A10-0008/2024),
170126,2024-10-23,General budget of the European Union for the financial year 2025 – all sections (to Section 52),,Budgets. Rapporteurs: Victor Negrescu and Niclas Herbst (A10-0008/2024),
170127,2024-10-23,General budget of the European Union for the financial year 2025 – all sections (to Section 53),,Budgets. Rapporteurs: Victor Negrescu and Niclas Herbst (A10-0008/2024),
170130,2024-10-23,General budget of the European Union for the financial year 2025 – all sections (to Section 54),,Budgets. Rapporteurs: Victor Negrescu and Niclas Herbst (A10-0008/2024),
170132,2024-10-23,General budget of the European Union for the financial year 2025 – all sections (to Section 55),,Budgets. Rapporteurs: Victor Negrescu and Niclas Herbst (A10-0008/2024),
170135,2024-10-23,General budget of the European Union for the financial year 2025 – all sections (Amendment 26 to Section 56),,Budgets. Rapporteurs: Victor Negrescu and Niclas Herbst (A10-0008/2024),
170136,2024-10-23,General budget of the European Union for the financial year 2025 – all sections (Amendment 27 to Section 57),,Budgets. Rapporteurs: Victor Negrescu and Niclas Herbst (A10-0008/2024),
170140,2024-10-23,General budget of the European Union for the financial year 2025 – all sections (Amendment 2 to Section 61),,Budgets. Rapporteurs: Victor Negrescu and Niclas Herbst (A10-0008/2024),
170141,2024-10-23,General budget of the European Union for the financial year 2025 – all sections (to Section 62),,Budgets. Rapporteurs: Victor Negrescu and Niclas Herbst (A10-0008/2024),
170142,2024-10-23,General budget of the European Union for the financial year 2025 – all sections (Amendment 29 to Section 62),,Budgets. Rapporteurs: Victor Negrescu and Niclas Herbst (A10-0008/2024),
170143,2024-10-23,General budget of the European Union for the financial year 2025 – all sections (Amendment 44 to Section 62),,Budgets. Rapporteurs: Victor Negrescu and Niclas Herbst (A10-0008/2024),
170152,2024-10-23,General budget of the European Union for the financial year 2025 – all sections (to Section 63),,Budgets. Rapporteurs: Victor Negrescu and Niclas Herbst (A10-0008/2024),
170153,2024-10-23,General budget of the European Union for the financial year 2025 – all sections (to Section 63),,Budgets. Rapporteurs: Victor Negrescu and Niclas Herbst (A10-0008/2024),
170155,2024-10-23,General budget of the European Union for the financial year 2025 – all sections (to Section 63),,Budgets. Rapporteurs: Victor Negrescu and Niclas Herbst (A10-0008/2024),
170157,2024-10-23,General budget of the European Union for the financial year 2025 – all sections (Amendment 30 to Section 63),,Budgets. Rapporteurs: Victor Negrescu and Niclas Herbst (A10-0008/2024),
170158,2024-10-23,General budget of the European Union for the financial year 2025 – all sections (Amendment 45 to Section 63),,Budgets. Rapporteurs: Victor Negrescu and Niclas Herbst (A10-0008/2024),
170160,2024-10-23,General budget of the European Union for the financial year 2025 – all sections (Amendment 31 to Section 63),,Budgets. Rapporteurs: Victor Negrescu and Niclas Herbst (A10-0008/2024),
170161,2024-10-23,General budget of the European Union for the financial year 2025 – all sections (Amendment 31 to Section 63),,Budgets. Rapporteurs: Victor Negrescu and Niclas Herbst (A10-0008/2024),
170162,2024-10-23,General budget of the European Union for the financial year 2025 – all sections (Amendment 64 to Section 63),,Budgets. Rapporteurs: Victor Negrescu and Niclas Herbst (A10-0008/2024),
170163,2024-10-23,General budget of the European Union for the financial year 2025 – all sections (Amendment 32 to Section 64),,Budgets. Rapporteurs: Victor Negrescu and Niclas Herbst (A10-0008/2024),
170164,2024-10-23,General budget of the European Union for the financial year 2025 – all sections (Amendment 33 to Section 64),,Budgets. Rapporteurs: Victor Negrescu and Niclas Herbst (A10-0008/2024),
170165,2024-10-23,General budget of the European Union for the financial year 2025 – all sections (Amendment 34 to Section 64),,Budgets. Rapporteurs: Victor Negrescu and Niclas Herbst (A10-0008/2024),
170166,2024-10-23,General budget of the European Union for the financial year 2025 – all sections (Amendment 46 to Section 64),,Budgets. Rapporteurs: Victor Negrescu and Niclas Herbst (A10-0008/2024),
170167,2024-10-23,General budget of the European Union for the financial year 2025 – all sections (Amendment 15 to Section 66),,Budgets. Rapporteurs: Victor Negrescu and Niclas Herbst (A10-0008/2024),
170168,2024-10-23,General budget of the European Union for the financial year 2025 – all sections (Amendment 65 to Section 68),,Budgets. Rapporteurs: Victor Negrescu and Niclas Herbst (A10-0008/2024),
170172,2024-10-23,General budget of the European Union for the financial year 2025 – all sections (to Section 75),,Budgets. Rapporteurs: Victor Negrescu and Niclas Herbst (A10-0008/2024),
170173,2024-10-23,General budget of the European Union for the financial year 2025 – all sections (Amendment 1 to Section 75),,Budgets. Rapporteurs: Victor Negrescu and Niclas Herbst (A10-0008/2024),
170174,2024-10-23,General budget of the European Union for the financial year 2025 – all sections (Amendment 37 to Section 75),,Budgets. Rapporteurs: Victor Negrescu and Niclas Herbst (A10-0008/2024),
170175,2024-10-23,General budget of the European Union for the financial year 2025 – all sections (Amendment 69 to Section 75),,Budgets. Rapporteurs: Victor Negrescu and Niclas Herbst (A10-0008/2024),
170180,2024-10-23,General budget of the European Union for the financial year 2025 – all sections (Amendment 47 to Section 76),,Budgets. Rapporteurs: Victor Negrescu and Niclas Herbst (A10-0008/2024),
170183,2024-10-23,General budget of the European Union for the financial year 2025 – all sections (to Section 78),,Budgets. Rapporteurs: Victor Negrescu and Niclas Herbst (A10-0008/2024),
170184,2024-10-23,General budget of the European Union for the financial year 2025 – all sections (to Section 78),,Budgets. Rapporteurs: Victor Negrescu and Niclas Herbst (A10-0008/2024),
170185,2024-10-23,General budget of the European Union for the financial year 2025 – all sections (to Section 78),,Budgets. Rapporteurs: Victor Negrescu and Niclas Herbst (A10-0008/2024),
170186,2024-10-23,General budget of the European Union for the financial year 2025 – all sections (Amendment 38 to Section 79),,Budgets. Rapporteurs: Victor Negrescu and Niclas Herbst (A10-0008/2024),
170187,2024-10-23,General budget of the European Union for the financial year 2025 – all sections (Amendment 39 to Section 79),,Budgets. Rapporteurs: Victor Negrescu and Niclas Herbst (A10-0008/2024),
170188,2024-10-23,General budget of the European Union for the financial year 2025 – all sections (Amendment 72 to Section 87),,Budgets. Rapporteurs: Victor Negrescu and Niclas Herbst (A10-0008/2024),
170189,2024-10-23,General budget of the European Union for the financial year 2025 – all sections (Amendment 73 to Section 87),,Budgets. Rapporteurs: Victor Negrescu and Niclas Herbst (A10-0008/2024),
170190,2024-10-23,General budget of the European Union for the financial year 2025 – all sections (to Section 88),,Budgets. Rapporteurs: Victor Negrescu and Niclas Herbst (A10-0008/2024),
170192,2024-10-23,General budget of the European Union for the financial year 2025 – all sections (Amendment 50 to Section 89),,Budgets. Rapporteurs: Victor Negrescu and Niclas Herbst (A10-0008/2024),
170193,2024-10-23,General budget of the European Union for the financial year 2025 – all sections (Amendment 50 to Section 89),,Budgets. Rapporteurs: Victor Negrescu and Niclas Herbst (A10-0008/2024),
170194,2024-10-23,General budget of the European Union for the financial year 2025 – all sections (Amendment 50 to Section 89),,Budgets. Rapporteurs: Victor Negrescu and Niclas Herbst (A10-0008/2024),
170195,2024-10-23,General budget of the European Union for the financial year 2025 – all sections (Amendment 50 to Section 89),,Budgets. Rapporteurs: Victor Negrescu and Niclas Herbst (A10-0008/2024),
170196,2024-10-23,General budget of the European Union for the financial year 2025 – all sections (Amendment 19 to Section 90),,Budgets. Rapporteurs: Victor Negrescu and Niclas Herbst (A10-0008/2024),
170197,2024-10-23,General budget of the European Union for the financial year 2025 – all sections (Amendment 20 to Section 90),,Budgets. Rapporteurs: Victor Negrescu and Niclas Herbst (A10-0008/2024),
170201,2024-10-23,General budget of the European Union for the financial year 2025 – all sections (Amendment 74 to Section 90),,Budgets. Rapporteurs: Victor Negrescu and Niclas Herbst (A10-0008/2024),
170202,2024-10-23,General budget of the European Union for the financial year 2025 – all sections (Amendment 75 to Section 90),,Budgets. Rapporteurs: Victor Negrescu and Niclas Herbst (A10-0008/2024),
170203,2024-10-23,General budget of the European Union for the financial year 2025 – all sections (Amendment 76 to Section 90),,Budgets. Rapporteurs: Victor Negrescu and Niclas Herbst (A10-0008/2024),
170205,2024-10-23,General budget of the European Union for the financial year 2025 – all sections (Amendment 67 to Section 91),,Budgets. Rapporteurs: Victor Negrescu and Niclas Herbst (A10-0008/2024),
170206,2024-10-23,General budget of the European Union for the financial year 2025 – all sections (Amendment 67 to Section 91),,Budgets. Rapporteurs: Victor Negrescu and Niclas Herbst (A10-0008/2024),
170208,2024-10-23,General budget of the European Union for the financial year 2025 – all sections (Amendment 68 to Section 91),,Budgets. Rapporteurs: Victor Negrescu and Niclas Herbst (A10-0008/2024),
170209,2024-10-23,General budget of the European Union for the financial year 2025 – all sections (Amendment 68 to Section 91),,Budgets. Rapporteurs: Victor Negrescu and Niclas Herbst (A10-0008/2024),
170210,2024-10-23,General budget of the European Union for the financial year 2025 – all sections (Amendment 68 to Section 91),,Budgets. Rapporteurs: Victor Negrescu and Niclas Herbst (A10-0008/2024),
170211,2024-10-23,General budget of the European Union for the financial year 2025 – all sections (Amendment 68 to Section 91),,Budgets. Rapporteurs: Victor Negrescu and Niclas Herbst (A10-0008/2024),
170212,2024-10-23,General budget of the European Union for the financial year 2025 – all sections (Amendment 16 to Section 92),,Budgets. Rapporteurs: Victor Negrescu and Niclas Herbst (A10-0008/2024),
170214,2024-10-23,General budget of the European Union for the financial year 2025 – all sections (Amendment 17 to Section 92),,Budgets. Rapporteurs: Victor Negrescu and Niclas Herbst (A10-0008/2024),
170215,2024-10-23,General budget of the European Union for the financial year 2025 – all sections (Amendment 17 to Section 92),,Budgets. Rapporteurs: Victor Negrescu and Niclas Herbst (A10-0008/2024),
170216,2024-10-23,General budget of the European Union for the financial year 2025 – all sections (Amendment 77 to Section 98),,Budgets. Rapporteurs: Victor Negrescu and Niclas Herbst (A10-0008/2024),
169987,2024-10-23,General budget of the European Union for the financial year 2025 – all sections (to),,Budgets. Rapporteurs: Victor Negrescu and Niclas Herbst (A10-0008/2024),
170010,2024-10-23,Guidelines for the employment policies of the Member States * (Amendment 1 to),,Employment and Social Affairs. Rapporteur: Li Andersson (A10-0004/2024),Li Andersson
170013,2024-10-23,Guidelines for the employment policies of the Member States * (Amendment 5 to),,Employment and Social Affairs. Rapporteur: Li Andersson (A10-0004/2024),Li Andersson
170015,2024-10-23,Guidelines for the employment policies of the Member States * (Amendment 10 to),,Employment and Social Affairs. Rapporteur: Li Andersson (A10-0004/2024),Li Andersson
170016,2024-10-23,Guidelines for the employment policies of the Member States * (Amendment 10 to),,Employment and Social Affairs. Rapporteur: Li Andersson (A10-0004/2024),Li Andersson
170019,2024-10-23,Guidelines for the employment policies of the Member States * (Amendment 11 to),,Employment and Social Affairs. Rapporteur: Li Andersson (A10-0004/2024),Li Andersson
170022,2024-10-23,Guidelines for the employment policies of the Member States * (Amendment 13 to),,Employment and Social Affairs. Rapporteur: Li Andersson (A10-0004/2024),Li Andersson
170023,2024-10-23,Guidelines for the employment policies of the Member States * (Amendment 15 to),,Employment and Social Affairs. Rapporteur: Li Andersson (A10-0004/2024),Li Andersson
170028,2024-10-23,Guidelines for the employment policies of the Member States * (Amendment 20 to Section 3),,Employment and Social Affairs. Rapporteur: Li Andersson (A10-0004/2024),Li Andersson
170029,2024-10-23,Guidelines for the employment policies of the Member States * (Amendment 20 to Section 3),,Employment and Social Affairs. Rapporteur: Li Andersson (A10-0004/2024),Li Andersson
170030,2024-10-23,Guidelines for the employment policies of the Member States * (Amendment 20 to Section 3),,Employment and Social Affairs. Rapporteur: Li Andersson (A10-0004/2024),Li Andersson
169898,2024-10-23,Guidelines for the employment policies of the Member States * (Commission proposal),,Employment and Social Affairs. Rapporteur: Li Andersson (A10-0004/2024),Li Andersson
170226,2024-10-23,Urgent need to revise the Medical Devices Regulation (to Section 1),,,
170227,2024-10-23,Urgent need to revise the Medical Devices Regulation (to Section 1),,,
170352,2024-10-24,"Situation in Azerbaijan, violation of human rights and international law and relations with Armenia (to Section 1)",,,
170354,2024-10-24,"Situation in Azerbaijan, violation of human rights and international law and relations with Armenia (to Section 3)",,,
170356,2024-10-24,"Situation in Azerbaijan, violation of human rights and international law and relations with Armenia (Amendment 1 to Section 10)",,,
170357,2024-10-24,"Situation in Azerbaijan, violation of human rights and international law and relations with Armenia (Amendment 2 to Section 10)",,,
170360,2024-10-24,"Situation in Azerbaijan, violation of human rights and international law and relations with Armenia (to Section 10)",,,
170364,2024-10-24,"Situation in Azerbaijan, violation of human rights and international law and relations with Armenia (to Section 17)",,,
170365,2024-10-24,"Situation in Azerbaijan, violation of human rights and international law and relations with Armenia (to Section 18)",,,
170366,2024-10-24,"Situation in Azerbaijan, violation of human rights and international law and relations with Armenia (to)",,,
170343,2024-10-24,People’s Republic of China’s misinterpretation of the UN resolution 2758 and its continuous military provocations around Taiwan (to Section 4),,,
170345,2024-10-24,People’s Republic of China’s misinterpretation of the UN resolution 2758 and its continuous military provocations around Taiwan (to Section 6),,,
170349,2024-10-24,People’s Republic of China’s misinterpretation of the UN resolution 2758 and its continuous military provocations around Taiwan (to Section 8),,,
170350,2024-10-24,People’s Republic of China’s misinterpretation of the UN resolution 2758 and its continuous military provocations around Taiwan (Amendment 1 to Section 17),,,
170351,2024-10-24,People’s Republic of China’s misinterpretation of the UN resolution 2758 and its continuous military provocations around Taiwan (to),,,
170541,2024-11-13,Wednesday’s agenda – Request by the Renew and PPE groups (to),,,
170542,2024-11-13,Thursday’s agenda – Request by The Left Group (to),,,
170466,2024-11-14,Deforestation Regulation: provisions relating to the date of application ***I (Amendment 3 to Article 1 Section 1 of Regulation 2023/1115 (before point 1)),C10-0119/2024,"the Environment, Public Health and Food Safety",
170467,2024-11-14,Deforestation Regulation: provisions relating to the date of application ***I (Amendment 4 to Article 1 Section 1 of Regulation 2023/1115 (before point 1)),C10-0119/2024,"the Environment, Public Health and Food Safety",
170468,2024-11-14,Deforestation Regulation: provisions relating to the date of application ***I (Amendment 5 to Article 1 Section 1 of Regulation 2023/1115 (before point 1)),C10-0119/2024,"the Environment, Public Health and Food Safety",
170469,2024-11-14,Deforestation Regulation: provisions relating to the date of application ***I (Amendment 6 to Article 1 Section 1 of Regulation 2023/1115 (before point 1)),C10-0119/2024,"the Environment, Public Health and Food Safety",
170470,2024-11-14,Deforestation Regulation: provisions relating to the date of application ***I (Amendment 7 to Article 1 Section 1 of Regulation 2023/1115 (before point 1)),C10-0119/2024,"the Environment, Public Health and Food Safety",
170472,2024-11-14,Deforestation Regulation: provisions relating to the date of application ***I (Amendment 9 to Article 1 Section 1 of Regulation 2023/1115 (before point 1)),C10-0119/2024,"the Environment, Public Health and Food Safety",
170473,2024-11-14,Deforestation Regulation: provisions relating to the date of application ***I (Amendment 10 to Article 1 Section 1 of Regulation 2023/1115 (before point 1)),C10-0119/2024,"the Environment, Public Health and Food Safety",
170474,2024-11-14,Deforestation Regulation: provisions relating to the date of application ***I (Amendment 11 to Article 1 Section 1 of Regulation 2023/1115 (before point 1)),C10-0119/2024,"the Environment, Public Health and Food Safety",
170475,2024-11-14,Deforestation Regulation: provisions relating to the date of application ***I (Amendment 12 to Article 1 Section 1 of Regulation 2023/1115 (after point 1)),C10-0119/2024,"the Environment, Public Health and Food Safety",
170398,2024-11-14,Deforestation Regulation: provisions relating to the date of application ***I (Commission proposal),C10-0119/2024,"the Environment, Public Health and Food Safety",
170382,2024-11-14,Electronic value added tax exemption certificate * (Commission proposal),A10-0012/2024,Economic and Monetary Affairs. Rapporteur: Aurore Lalucq (A10-0012/2024),Aurore Lalucq
170381,2024-11-14,Faster and Safer Relief of Excess Withholding Taxes * (Commission proposal),A10-0011/2024,Economic and Monetary Affairs. Rapporteur: Herbert Dorfmann (A10-0011/2024),Herbert Dorfmann
170401,2024-11-14,Amendment of the EIB’s Statute * (to),A10-0013/2024,Budgets. Rapporteur: Joachim Streit (A10-0013/2024),Joachim Streit
170493,2024-11-14,"UN Climate Change Conference 2024 in Baku, Azerbaijan (COP29) (Amendment 10 to Section 1)",,,
170494,2024-11-14,"UN Climate Change Conference 2024 in Baku, Azerbaijan (COP29) (Amendment 11 to Section 1)",,,
170497,2024-11-14,"UN Climate Change Conference 2024 in Baku, Azerbaijan (COP29) (Amendment 12 to Section 41)",,,
170498,2024-11-14,"UN Climate Change Conference 2024 in Baku, Azerbaijan (COP29) (Amendment 13 to Section 41)",,,
170499,2024-11-14,"UN Climate Change Conference 2024 in Baku, Azerbaijan (COP29) (Amendment 5 to Section 48)",,,
170500,2024-11-14,"UN Climate Change Conference 2024 in Baku, Azerbaijan (COP29) (Amendment 14 to Section 56)",,,
170503,2024-11-14,"UN Climate Change Conference 2024 in Baku, Azerbaijan (COP29) (to Section 66)",,,
170506,2024-11-14,"UN Climate Change Conference 2024 in Baku, Azerbaijan (COP29) (to Section 72)",,,
170507,2024-11-14,"UN Climate Change Conference 2024 in Baku, Azerbaijan (COP29) (Amendment 6 to Section 83)",,,
170514,2024-11-14,"UN Climate Change Conference 2024 in Baku, Azerbaijan (COP29) (to Section 95)",,,
170522,2024-11-14,"UN Climate Change Conference 2024 in Baku, Azerbaijan (COP29) (Amendment 1 to Section 131)",,,
170525,2024-11-14,"UN Climate Change Conference 2024 in Baku, Azerbaijan (COP29) (Amendment 9 to)",,,
170526,2024-11-14,"UN Climate Change Conference 2024 in Baku, Azerbaijan (COP29) (Amendment 3 to)",,,
170527,2024-11-14,"UN Climate Change Conference 2024 in Baku, Azerbaijan (COP29) (Amendment 4 to)",,,
170528,2024-11-14,"UN Climate Change Conference 2024 in Baku, Azerbaijan (COP29) (to)",,,
170479,2024-11-14,EU actions against the Russian shadow fleets and ensuring a full enforcement of sanctions against Russia (Amendment 1 to Section 1),,,
170480,2024-11-14,EU actions against the Russian shadow fleets and ensuring a full enforcement of sanctions against Russia (Amendment 2 to Section 2),,,
170481,2024-11-14,EU actions against the Russian shadow fleets and ensuring a full enforcement of sanctions against Russia (Amendment 3 to Section 2),,,
170482,2024-11-14,EU actions against the Russian shadow fleets and ensuring a full enforcement of sanctions against Russia (Amendment 4 to Section 4),,,
170485,2024-11-14,EU actions against the Russian shadow fleets and ensuring a full enforcement of sanctions against Russia (to Section 15),,,
170486,2024-11-14,EU actions against the Russian shadow fleets and ensuring a full enforcement of sanctions against Russia (Amendment 6 to Section 15),,,
170489,2024-11-14,EU actions against the Russian shadow fleets and ensuring a full enforcement of sanctions against Russia (to Section 16),,,
170492,2024-11-14,EU actions against the Russian shadow fleets and ensuring a full enforcement of sanctions against Russia (Amendment 5 to),,,
170665,2024-11-25,Monday’s agenda – Request by The Left Group (to),,,
170667,2024-11-25,Wednesday’s agenda (to),,,
170622,2024-11-26,Objection pursuant to Rule 115(2) and (3): Genetically modified maize MON 89034 × 1507 × NK603 (Amendment 2 to Section 2),,,
170623,2024-11-26,Objection pursuant to Rule 115(2) and (3): Genetically modified maize MON 89034 × 1507 × NK603 (Amendment 1 to),,,
170624,2024-11-26,Objection pursuant to Rule 115(2) and (3): Genetically modified maize MON 89034 × 1507 × NK603 (to),,,
170628,2024-11-26,Objection pursuant to Rule 115(2) and (3): Genetically modified cotton COT102 (to),,,
170625,2024-11-26,Objection pursuant to Rule 115(2) and (3): Genetically modified maize MON 89034 × 1507 × MON 88017 × 59122 and eight of its sub-combinations (Amendment 2 to Section 2),,,
170626,2024-11-26,Objection pursuant to Rule 115(2) and (3): Genetically modified maize MON 89034 × 1507 × MON 88017 × 59122 and eight of its sub-combinations (Amendment 1 to),,,
170627,2024-11-26,Objection pursuant to Rule 115(2) and (3): Genetically modified maize MON 89034 × 1507 × MON 88017 × 59122 and eight of its sub-combinations (to),,,
170638,2024-11-26,Objection pursuant to Rule 115(2) and (3): Genetically modified maize MON 810 (to),,,
170639,2024-11-26,Objection pursuant to Rule 115(2) and (3): Genetically modified maize DP915635 (Amendment 2 to Section 2),,,
170640,2024-11-26,Objection pursuant to Rule 115(2) and (3): Genetically modified maize DP915635 (Amendment 1 to),,,
170641,2024-11-26,Objection pursuant to Rule 115(2) and (3): Genetically modified maize DP915635 (to),,,
170634,2024-11-26,Objection pursuant to Rule 115(2) and (3): Genetically modified maize DP23211 (Amendment 2 to Section 2),,,
170635,2024-11-26,Objection pursuant to Rule 115(2) and (3): Genetically modified maize DP23211 (Amendment 1 to),,,
170636,2024-11-26,Objection pursuant to Rule 115(2) and (3): Genetically modified maize DP23211 (to),,,
170629,2024-11-26,Objection pursuant to Rule 115(2) and (3): Genetically modified maize DP202216 (Amendment 2 to Section 2),,,
170630,2024-11-26,Objection pursuant to Rule 115(2) and (3): Genetically modified maize DP202216 (Amendment 1 to),,,
170631,2024-11-26,Objection pursuant to Rule 115(2) and (3): Genetically modified maize DP202216 (to),,,
170637,2024-11-26,Objection pursuant to Rule 115(2) and (3): Genetically modified maize MON 94804 (to),,,
170722,2024-11-27,Presentation by the President-elect of the Commission of the College of Commissioners and its programme (to),,,
170723,2024-11-27,Presentation by the President-elect of the Commission of the College of Commissioners and its programme (to Section 3),,,
170724,2024-11-27,Presentation by the President-elect of the Commission of the College of Commissioners and its programme (to Section 7),,,
170725,2024-11-27,Presentation by the President-elect of the Commission of the College of Commissioners and its programme (to Section 11),,,
170726,2024-11-27,Presentation by the President-elect of the Commission of the College of Commissioners and its programme (to),,,
170611,2024-11-27,Election of the Commission (to),,,
170671,2024-11-27,Amending Regulation (EU) 2018/1806 as regards Vanuatu ***I (Commission proposal),A10-0015/2024,"Civil Liberties, Justice and Home Affairs. Rapporteur: Paulo Cunha (A10-0015/2024)",Paulo Cunha
170721,2024-11-27,Objection pursuant to Rule 114(3): Measures to reduce incidental catches of common dolphin (Delphinus delphis) and other small cetaceans in the Bay of Biscay (to),,,
170670,2024-11-27,Mobilisation of the European Union Solidarity Fund to provide assistance to Germany and Italy relating to floods occurred in 2024 (to),A10-0020/2024,Budgets. Rapporteur: Giuseppe Lupo (A10-0020/2024),Giuseppe Lupo
170632,2024-11-27,"Draft amending budget No 5/2024: adjustment in payment appropriations, update of revenues and other technical updates (to)",A10-0017/2024,Budgets. Rapporteur: Siegfried Mureşan (A10-0017/2024),Siegfried Mureşan
170621,2024-11-27,2025 budgetary procedure: Joint text (to),A10-0014/2024,Budgets. Rapporteurs: Victor Negrescu and Niclas Herbst (A10-0014/2024),
170875,2024-11-28,"Hong Kong, notably the cases of Jimmy Lai and the 45 activists recently convicted under the national security law (to)",,,
170870,2024-11-28,The increasing and systematic repression of women in Iran (Amendment 1 to Section 1),,,
170871,2024-11-28,The increasing and systematic repression of women in Iran (to),,,
170880,2024-11-28,"The shrinking space for civil society in Cambodia, in particular the case of the labour rights organisation CENTRAL (to)",,,
170853,2024-11-28,Georgia's worsening democratic crisis following the recent parliamentary elections and alleged electoral fraud (Amendment 1 to Section 1),,,
170854,2024-11-28,Georgia's worsening democratic crisis following the recent parliamentary elections and alleged electoral fraud (Amendment 2 to Section 1),,,
170857,2024-11-28,Georgia's worsening democratic crisis following the recent parliamentary elections and alleged electoral fraud (to Section 10),,,
170858,2024-11-28,Georgia's worsening democratic crisis following the recent parliamentary elections and alleged electoral fraud (to Section 11),,,
170861,2024-11-28,Georgia's worsening democratic crisis following the recent parliamentary elections and alleged electoral fraud (to Section 12),,,
170869,2024-11-28,Georgia's worsening democratic crisis following the recent parliamentary elections and alleged electoral fraud (Amendment 7 to Section 21),,,
170865,2024-11-28,Georgia's worsening democratic crisis following the recent parliamentary elections and alleged electoral fraud (to),,,
170866,2024-11-28,Georgia's worsening democratic crisis following the recent parliamentary elections and alleged electoral fraud (to),,,
170918,2024-11-28,Reinforcing EU’s unwavering support to Ukraine against Russia’s war of aggression and the increasing military cooperation between North Korea and Russia (Amendment 3 to Section 2),,,
170919,2024-11-28,Reinforcing EU’s unwavering support to Ukraine against Russia’s war of aggression and the increasing military cooperation between North Korea and Russia (Amendment 4 to Section 2),,,
170882,2024-11-28,Reinforcing EU’s unwavering support to Ukraine against Russia’s war of aggression and the increasing military cooperation between North Korea and Russia (Amendment 8 to Section 4),,,
170885,2024-11-28,Reinforcing EU’s unwavering support to Ukraine against Russia’s war of aggression and the increasing military cooperation between North Korea and Russia (to Section 4),,,
170888,2024-11-28,Reinforcing EU’s unwavering support to Ukraine against Russia’s war of aggression and the increasing military cooperation between North Korea and Russia (to Section 5),,,
170889,2024-11-28,Reinforcing EU’s unwavering support to Ukraine against Russia’s war of aggression and the increasing military cooperation between North Korea and Russia (Amendment 9 to Section 5),,,
170890,2024-11-28,Reinforcing EU’s unwavering support to Ukraine against Russia’s war of aggression and the increasing military cooperation between North Korea and Russia (Amendment 10 to Section 11),,,
170892,2024-11-28,Reinforcing EU’s unwavering support to Ukraine against Russia’s war of aggression and the increasing military cooperation between North Korea and Russia (to Section 13),,,
170893,2024-11-28,Reinforcing EU’s unwavering support to Ukraine against Russia’s war of aggression and the increasing military cooperation between North Korea and Russia (to Section 13),,,
170894,2024-11-28,Reinforcing EU’s unwavering support to Ukraine against Russia’s war of aggression and the increasing military cooperation between North Korea and Russia (to Section 13),,,
170895,2024-11-28,Reinforcing EU’s unwavering support to Ukraine against Russia’s war of aggression and the increasing military cooperation between North Korea and Russia (to Section 13),,,
170896,2024-11-28,Reinforcing EU’s unwavering support to Ukraine against Russia’s war of aggression and the increasing military cooperation between North Korea and Russia (to Section 13),,,
170920,2024-11-28,Reinforcing EU’s unwavering support to Ukraine against Russia’s war of aggression and the increasing military cooperation between North Korea and Russia (Amendment 5 to Section 13),,,
170899,2024-11-28,Reinforcing EU’s unwavering support to Ukraine against Russia’s war of aggression and the increasing military cooperation between North Korea and Russia (Amendment 12 to Section 14),,,
170903,2024-11-28,Reinforcing EU’s unwavering support to Ukraine against Russia’s war of aggression and the increasing military cooperation between North Korea and Russia (to Section 16),,,
170906,2024-11-28,Reinforcing EU’s unwavering support to Ukraine against Russia’s war of aggression and the increasing military cooperation between North Korea and Russia (to Section 17),,,
170908,2024-11-28,Reinforcing EU’s unwavering support to Ukraine against Russia’s war of aggression and the increasing military cooperation between North Korea and Russia (to Section 19),,,
170909,2024-11-28,Reinforcing EU’s unwavering support to Ukraine against Russia’s war of aggression and the increasing military cooperation between North Korea and Russia (to Section 19),,,
170910,2024-11-28,Reinforcing EU’s unwavering support to Ukraine against Russia’s war of aggression and the increasing military cooperation between North Korea and Russia (to Section 19),,,
170911,2024-11-28,Reinforcing EU’s unwavering support to Ukraine against Russia’s war of aggression and the increasing military cooperation between North Korea and Russia (to Section 19),,,
170921,2024-11-28,Reinforcing EU’s unwavering support to Ukraine against Russia’s war of aggression and the increasing military cooperation between North Korea and Russia (Amendment 6 to Section 19),,,
170922,2024-11-28,Reinforcing EU’s unwavering support to Ukraine against Russia’s war of aggression and the increasing military cooperation between North Korea and Russia (Amendment 7 to Section 19),,,
170916,2024-11-28,Reinforcing EU’s unwavering support to Ukraine against Russia’s war of aggression and the increasing military cooperation between North Korea and Russia (to),,,
170923,2024-11-28,Reinforcing EU’s unwavering support to Ukraine against Russia’s war of aggression and the increasing military cooperation between North Korea and Russia (Amendment 1 to),,,
170924,2024-11-28,Reinforcing EU’s unwavering support to Ukraine against Russia’s war of aggression and the increasing military cooperation between North Korea and Russia (Amendment 2 to),,,
170917,2024-11-28,Reinforcing EU’s unwavering support to Ukraine against Russia’s war of aggression and the increasing military cooperation between North Korea and Russia (to),,,
170727,2024-11-28,Recommendation on smoke- and aerosol-free environments (Amendment 13 to Section 1),,,
170728,2024-11-28,Recommendation on smoke- and aerosol-free environments (Amendment 20 to Section 1),,,
170729,2024-11-28,Recommendation on smoke- and aerosol-free environments (Amendment 10 to Section 2),,,
170733,2024-11-28,Recommendation on smoke- and aerosol-free environments (Amendment 15 to Section 4),,,
170734,2024-11-28,Recommendation on smoke- and aerosol-free environments (Amendment 11 to Section 4),,,
170736,2024-11-28,Recommendation on smoke- and aerosol-free environments (Amendment 16 to Section 5),,,
170737,2024-11-28,Recommendation on smoke- and aerosol-free environments (Amendment 16 to Section 5),,,
170739,2024-11-28,Recommendation on smoke- and aerosol-free environments (Amendment 17 to Section 6),,,
170740,2024-11-28,Recommendation on smoke- and aerosol-free environments (Amendment 21 to Section 6),,,
170742,2024-11-28,Recommendation on smoke- and aerosol-free environments (to Section 6),,,
170743,2024-11-28,Recommendation on smoke- and aerosol-free environments (to Section 6),,,
170744,2024-11-28,Recommendation on smoke- and aerosol-free environments (Amendment 18 to Section 7),,,
170867,2024-11-28,Recommendation on smoke- and aerosol-free environments (Amendment 19 to Section 12),,,
170755,2024-11-28,Recommendation on smoke- and aerosol-free environments (Amendment 12 to),,,
170756,2024-11-28,Recommendation on smoke- and aerosol-free environments (to),,,
170759,2024-11-28,Recommendation on smoke- and aerosol-free environments (to),,,
170765,2024-11-28,Recommendation on smoke- and aerosol-free environments (to),,,
170767,2024-11-28,Recommendation on smoke- and aerosol-free environments (to Section 2),,,
170768,2024-11-28,Recommendation on smoke- and aerosol-free environments (to Section 2),,,
171182,2024-12-17,Deforestation Regulation: provisions relating to the date of application ***I (Commission proposal),C10-0119/2024,"the Environment, Climate and Food Safety. Rapporteur: Christine Schneider",Christine Schneider
171166,2024-12-17,Regional Emergency Support: RESTORE ***I (Commission proposal),A10-0031/2024,Employment and Social Affairs - Committee on Regional Development. Rapporteurs: Andrzej Buła and Younous Omarjee (A10-0031/2024),
171125,2024-12-17,Specific measures under the European Agricultural Fund for Rural Development (EAFRD) for Member States affected by natural disasters ***I (Commission proposal),A10-0026/2024,Agriculture and Rural Development. Rapporteur: Veronika Vrecionová (A10-0026/2024),Veronika Vrecionová
171138,2024-12-17,Forest reproductive material of the ‘tested’ category ***I (Commission proposal),A10-0022/2024,Agriculture and Rural Development. Rapporteur: Veronika Vrecionová (A10-0022/2024),Veronika Vrecionová
171124,2024-12-17,Mobilisation of the European Globalisation Adjustment Fund: application EGF/2024/002 BE/Limburg machinery and paper – Belgium (to),A10-0019/2024,Budgets. Rapporteur: Matjaž Nemec (A10-0019/2024),Matjaž Nemec
171185,2024-12-17,Activities of the European Ombudsman – annual report 2023 (Amendment 4 to Section 12),A10-0016/2024,Petitions. Rapporteur: Alex Agius Saliba (A10-0016/2024),Alex Agius Saliba
171187,2024-12-17,Activities of the European Ombudsman – annual report 2023 (Amendment 7 to Section 12),A10-0016/2024,Petitions. Rapporteur: Alex Agius Saliba (A10-0016/2024),Alex Agius Saliba
171188,2024-12-17,Activities of the European Ombudsman – annual report 2023 (Amendment 5 to Section 13),A10-0016/2024,Petitions. Rapporteur: Alex Agius Saliba (A10-0016/2024),Alex Agius Saliba
171192,2024-12-17,Activities of the European Ombudsman – annual report 2023 (Amendment 1 to Section 13),A10-0016/2024,Petitions. Rapporteur: Alex Agius Saliba (A10-0016/2024),Alex Agius Saliba
171193,2024-12-17,Activities of the European Ombudsman – annual report 2023 (Amendment 6 to Section 13),A10-0016/2024,Petitions. Rapporteur: Alex Agius Saliba (A10-0016/2024),Alex Agius Saliba
171195,2024-12-17,Activities of the European Ombudsman – annual report 2023 (Amendment 2 to Section 19),A10-0016/2024,Petitions. Rapporteur: Alex Agius Saliba (A10-0016/2024),Alex Agius Saliba
171196,2024-12-17,Activities of the European Ombudsman – annual report 2023 (Amendment 3 to Section 27),A10-0016/2024,Petitions. Rapporteur: Alex Agius Saliba (A10-0016/2024),Alex Agius Saliba
171133,2024-12-17,Activities of the European Ombudsman – annual report 2023 (to),A10-0016/2024,Petitions. Rapporteur: Alex Agius Saliba (A10-0016/2024),Alex Agius Saliba
171281,2024-12-18,Amendment of Annex VI – Powers and responsibilities of the standing committees (Amendment 6 to Section 1),,Security and Defence and a Standing Committee on Public Health (2024/2115(RSO)) (B10-0215/2024),
171282,2024-12-18,Amendment of Annex VI – Powers and responsibilities of the standing committees (Amendment 1 to Section 2),,Security and Defence and a Standing Committee on Public Health (2024/2115(RSO)) (B10-0215/2024),
171283,2024-12-18,Amendment of Annex VI – Powers and responsibilities of the standing committees (Amendment 2 to Section 2),,Security and Defence and a Standing Committee on Public Health (2024/2115(RSO)) (B10-0215/2024),
171284,2024-12-18,Amendment of Annex VI – Powers and responsibilities of the standing committees (Amendment 7 to Section 4),,Security and Defence and a Standing Committee on Public Health (2024/2115(RSO)) (B10-0215/2024),
171285,2024-12-18,Amendment of Annex VI – Powers and responsibilities of the standing committees (Amendment 8 to Section 4),,Security and Defence and a Standing Committee on Public Health (2024/2115(RSO)) (B10-0215/2024),
171286,2024-12-18,Amendment of Annex VI – Powers and responsibilities of the standing committees (Amendment 4 to Section 4),,Security and Defence and a Standing Committee on Public Health (2024/2115(RSO)) (B10-0215/2024),
171287,2024-12-18,Amendment of Annex VI – Powers and responsibilities of the standing committees (Amendment 9 to Section 4 (after point 2)),,Security and Defence and a Standing Committee on Public Health (2024/2115(RSO)) (B10-0215/2024),
171289,2024-12-18,Amendment of Annex VI – Powers and responsibilities of the standing committees (to Section 4),,Security and Defence and a Standing Committee on Public Health (2024/2115(RSO)) (B10-0215/2024),
171291,2024-12-18,Amendment of Annex VI – Powers and responsibilities of the standing committees (Amendment 15 to Section 4),,Security and Defence and a Standing Committee on Public Health (2024/2115(RSO)) (B10-0215/2024),
171292,2024-12-18,Amendment of Annex VI – Powers and responsibilities of the standing committees (Amendment 16 to Section 4),,Security and Defence and a Standing Committee on Public Health (2024/2115(RSO)) (B10-0215/2024),
171295,2024-12-18,Amendment of Annex VI – Powers and responsibilities of the standing committees (to Section 4),,Security and Defence and a Standing Committee on Public Health (2024/2115(RSO)) (B10-0215/2024),
171296,2024-12-18,Amendment of Annex VI – Powers and responsibilities of the standing committees (to Section 4),,Security and Defence and a Standing Committee on Public Health (2024/2115(RSO)) (B10-0215/2024),
171297,2024-12-18,Amendment of Annex VI – Powers and responsibilities of the standing committees (to),,Security and Defence and a Standing Committee on Public Health (2024/2115(RSO)) (B10-0215/2024),
171265,2024-12-18,"Setting up a Special Committee on the European Democracy Shield, and defining its responsibilities, numerical strength and term of office (Amendment 2 to Section 1)",,"the European Democracy Shield, and defining its responsibilities, numerical strength and term of office (vote) - Wednesday, 18 December 2024",
171266,2024-12-18,"Setting up a Special Committee on the European Democracy Shield, and defining its responsibilities, numerical strength and term of office (Amendment 3 to Section 1)",,"the European Democracy Shield, and defining its responsibilities, numerical strength and term of office (vote) - Wednesday, 18 December 2024",
171267,2024-12-18,"Setting up a Special Committee on the European Democracy Shield, and defining its responsibilities, numerical strength and term of office (Amendment 4 to Section 1)",,"the European Democracy Shield, and defining its responsibilities, numerical strength and term of office (vote) - Wednesday, 18 December 2024",
171268,2024-12-18,"Setting up a Special Committee on the European Democracy Shield, and defining its responsibilities, numerical strength and term of office (Amendment 5 to Section 1)",,"the European Democracy Shield, and defining its responsibilities, numerical strength and term of office (vote) - Wednesday, 18 December 2024",
171269,2024-12-18,"Setting up a Special Committee on the European Democracy Shield, and defining its responsibilities, numerical strength and term of office (Amendment 6 to Section 1)",,"the European Democracy Shield, and defining its responsibilities, numerical strength and term of office (vote) - Wednesday, 18 December 2024",
171270,2024-12-18,"Setting up a Special Committee on the European Democracy Shield, and defining its responsibilities, numerical strength and term of office (Amendment 1 to)",,"the European Democracy Shield, and defining its responsibilities, numerical strength and term of office (vote) - Wednesday, 18 December 2024",
171271,2024-12-18,"Setting up a Special Committee on the European Democracy Shield, and defining its responsibilities, numerical strength and term of office (to)",,"the European Democracy Shield, and defining its responsibilities, numerical strength and term of office (vote) - Wednesday, 18 December 2024",
171272,2024-12-18,"Setting up a Special Committee on the Housing Crisis in the European Union, and defining its responsibilities, numerical strength and term of office (Amendment 13 to Section 1)",,"the Housing Crisis in the European Union, and defining its responsibilities, numerical strength and term of office (vote) - Wednesday, 18 December 2024",
171273,2024-12-18,"Setting up a Special Committee on the Housing Crisis in the European Union, and defining its responsibilities, numerical strength and term of office (Amendment 10 to Section 1)",,"the Housing Crisis in the European Union, and defining its responsibilities, numerical strength and term of office (vote) - Wednesday, 18 December 2024",
171274,2024-12-18,"Setting up a Special Committee on the Housing Crisis in the European Union, and defining its responsibilities, numerical strength and term of office (Amendment 14 to Section 1)",,"the Housing Crisis in the European Union, and defining its responsibilities, numerical strength and term of office (vote) - Wednesday, 18 December 2024",
171275,2024-12-18,"Setting up a Special Committee on the Housing Crisis in the European Union, and defining its responsibilities, numerical strength and term of office (Amendment 11 to Section 1)",,"the Housing Crisis in the European Union, and defining its responsibilities, numerical strength and term of office (vote) - Wednesday, 18 December 2024",
171276,2024-12-18,"Setting up a Special Committee on the Housing Crisis in the European Union, and defining its responsibilities, numerical strength and term of office (Amendment 16 to Section 1)",,"the Housing Crisis in the European Union, and defining its responsibilities, numerical strength and term of office (vote) - Wednesday, 18 December 2024",
171277,2024-12-18,"Setting up a Special Committee on the Housing Crisis in the European Union, and defining its responsibilities, numerical strength and term of office (Amendment 8 to)",,"the Housing Crisis in the European Union, and defining its responsibilities, numerical strength and term of office (vote) - Wednesday, 18 December 2024",
171278,2024-12-18,"Setting up a Special Committee on the Housing Crisis in the European Union, and defining its responsibilities, numerical strength and term of office (Amendment 9 to)",,"the Housing Crisis in the European Union, and defining its responsibilities, numerical strength and term of office (vote) - Wednesday, 18 December 2024",
171279,2024-12-18,"Setting up a Special Committee on the Housing Crisis in the European Union, and defining its responsibilities, numerical strength and term of office (Amendment 12 to)",,"the Housing Crisis in the European Union, and defining its responsibilities, numerical strength and term of office (vote) - Wednesday, 18 December 2024",
171280,2024-12-18,"Setting up a Special Committee on the Housing Crisis in the European Union, and defining its responsibilities, numerical strength and term of office (to)",,"the Housing Crisis in the European Union, and defining its responsibilities, numerical strength and term of office (vote) - Wednesday, 18 December 2024",
171158,2024-12-18,EC-Pacific States Interim Partnership Agreement: accession of Tonga *** (to),A10-0023/2024,International Trade. Rapporteur: Dariusz Joński (A10-0023/2024),Dariusz Joński
171159,2024-12-18,"Conclusion, on behalf of the European Union, of the United Nations Convention on Transparency in Treaty-based Investor-State Arbitration *** (to)",A10-0021/2024,International Trade. Rapporteur: Anna Cavazzini (A10-0021/2024),Anna Cavazzini
171161,2024-12-18,EC-Pacific States Interim Partnership Agreement: accession of Niue *** (to),A10-0024/2024,International Trade. Rapporteur: Dariusz Joński (A10-0024/2024),Dariusz Joński
171160,2024-12-18,EC-Pacific States Interim Partnership Agreement: accession of Tuvalu *** (to),A10-0025/2024,International Trade. Rapporteur: Dariusz Joński (A10-0025/2024),Dariusz Joński
171398,2024-12-19,"11th year of the occupation of the Autonomous Republic of Crimea and the city of Sevastopol by the Russian Federation and the deteriorating human rights situation in occupied Crimea, notably the cases of Iryna Danylovych, Tofik Abdulhaziiev and Amet Suleymanov (to)",,,
171397,2024-12-19,"Human rights situation in Kyrgyzstan, in particular the case of Temirlan Sultanbekov (to)",,,
171394,2024-12-19,"Continued repression of civil society and independent media in Azerbaijan and the cases of Dr Gubad Ibadoghlu, Anar Mammadli, Kamran Mammadli, Rufat Safarov and Meydan TV (Amendment 1 to Section 6)",,,
171395,2024-12-19,"Continued repression of civil society and independent media in Azerbaijan and the cases of Dr Gubad Ibadoghlu, Anar Mammadli, Kamran Mammadli, Rufat Safarov and Meydan TV (to Section 6)",,,
171396,2024-12-19,"Continued repression of civil society and independent media in Azerbaijan and the cases of Dr Gubad Ibadoghlu, Anar Mammadli, Kamran Mammadli, Rufat Safarov and Meydan TV (to)",,,
171364,2024-12-19,Amending Directive 2009/38/EC as regards the establishment and functioning of European Works Councils and the effective enforcement of transnational information and consultation rights ***I (to),,Employment and Social Affairs. Rapporteur: Dennis Radtke (A10-0029/2024),Dennis Radtke
171299,2024-12-19,Recommendation to the Council on the EU priorities for the 69th session of the UN Commission on the Status of Women (to Section 1),,Women’s Rights and Gender Equality. Rapporteur: Lina Gálvez (A10-0030/2024),Lina Gálvez
171300,2024-12-19,Recommendation to the Council on the EU priorities for the 69th session of the UN Commission on the Status of Women (to Section 1),,Women’s Rights and Gender Equality. Rapporteur: Lina Gálvez (A10-0030/2024),Lina Gálvez
171301,2024-12-19,Recommendation to the Council on the EU priorities for the 69th session of the UN Commission on the Status of Women (Amendment 2 to Section 1),,Women’s Rights and Gender Equality. Rapporteur: Lina Gálvez (A10-0030/2024),Lina Gálvez
171302,2024-12-19,Recommendation to the Council on the EU priorities for the 69th session of the UN Commission on the Status of Women (Amendment 12 to Section 1),,Women’s Rights and Gender Equality. Rapporteur: Lina Gálvez (A10-0030/2024),Lina Gálvez
171303,2024-12-19,Recommendation to the Council on the EU priorities for the 69th session of the UN Commission on the Status of Women (Amendment 14 to Section 1),,Women’s Rights and Gender Equality. Rapporteur: Lina Gálvez (A10-0030/2024),Lina Gálvez
171305,2024-12-19,Recommendation to the Council on the EU priorities for the 69th session of the UN Commission on the Status of Women (to Section 1),,Women’s Rights and Gender Equality. Rapporteur: Lina Gálvez (A10-0030/2024),Lina Gálvez
171306,2024-12-19,Recommendation to the Council on the EU priorities for the 69th session of the UN Commission on the Status of Women (to Section 1),,Women’s Rights and Gender Equality. Rapporteur: Lina Gálvez (A10-0030/2024),Lina Gálvez
171307,2024-12-19,Recommendation to the Council on the EU priorities for the 69th session of the UN Commission on the Status of Women (to Section 1),,Women’s Rights and Gender Equality. Rapporteur: Lina Gálvez (A10-0030/2024),Lina Gálvez
171308,2024-12-19,Recommendation to the Council on the EU priorities for the 69th session of the UN Commission on the Status of Women (Amendment 3 to Section 1),,Women’s Rights and Gender Equality. Rapporteur: Lina Gálvez (A10-0030/2024),Lina Gálvez
171309,2024-12-19,Recommendation to the Council on the EU priorities for the 69th session of the UN Commission on the Status of Women (Amendment 4 to Section 1),,Women’s Rights and Gender Equality. Rapporteur: Lina Gálvez (A10-0030/2024),Lina Gálvez
171311,2024-12-19,Recommendation to the Council on the EU priorities for the 69th session of the UN Commission on the Status of Women (to Section 1),,Women’s Rights and Gender Equality. Rapporteur: Lina Gálvez (A10-0030/2024),Lina Gálvez
171312,2024-12-19,Recommendation to the Council on the EU priorities for the 69th session of the UN Commission on the Status of Women (to Section 1),,Women’s Rights and Gender Equality. Rapporteur: Lina Gálvez (A10-0030/2024),Lina Gálvez
171314,2024-12-19,Recommendation to the Council on the EU priorities for the 69th session of the UN Commission on the Status of Women (to Section 1),,Women’s Rights and Gender Equality. Rapporteur: Lina Gálvez (A10-0030/2024),Lina Gálvez
171315,2024-12-19,Recommendation to the Council on the EU priorities for the 69th session of the UN Commission on the Status of Women (to Section 1),,Women’s Rights and Gender Equality. Rapporteur: Lina Gálvez (A10-0030/2024),Lina Gálvez
171316,2024-12-19,Recommendation to the Council on the EU priorities for the 69th session of the UN Commission on the Status of Women (to Section 1),,Women’s Rights and Gender Equality. Rapporteur: Lina Gálvez (A10-0030/2024),Lina Gálvez
171317,2024-12-19,Recommendation to the Council on the EU priorities for the 69th session of the UN Commission on the Status of Women (to Section 1),,Women’s Rights and Gender Equality. Rapporteur: Lina Gálvez (A10-0030/2024),Lina Gálvez
171318,2024-12-19,Recommendation to the Council on the EU priorities for the 69th session of the UN Commission on the Status of Women (to Section 1),,Women’s Rights and Gender Equality. Rapporteur: Lina Gálvez (A10-0030/2024),Lina Gálvez
171320,2024-12-19,Recommendation to the Council on the EU priorities for the 69th session of the UN Commission on the Status of Women (to Section 1),,Women’s Rights and Gender Equality. Rapporteur: Lina Gálvez (A10-0030/2024),Lina Gálvez
171321,2024-12-19,Recommendation to the Council on the EU priorities for the 69th session of the UN Commission on the Status of Women (to Section 1),,Women’s Rights and Gender Equality. Rapporteur: Lina Gálvez (A10-0030/2024),Lina Gálvez
171323,2024-12-19,Recommendation to the Council on the EU priorities for the 69th session of the UN Commission on the Status of Women (to Section 1),,Women’s Rights and Gender Equality. Rapporteur: Lina Gálvez (A10-0030/2024),Lina Gálvez
171324,2024-12-19,Recommendation to the Council on the EU priorities for the 69th session of the UN Commission on the Status of Women (to Section 1),,Women’s Rights and Gender Equality. Rapporteur: Lina Gálvez (A10-0030/2024),Lina Gálvez
171326,2024-12-19,Recommendation to the Council on the EU priorities for the 69th session of the UN Commission on the Status of Women (to Section 1),,Women’s Rights and Gender Equality. Rapporteur: Lina Gálvez (A10-0030/2024),Lina Gálvez
171327,2024-12-19,Recommendation to the Council on the EU priorities for the 69th session of the UN Commission on the Status of Women (to Section 1),,Women’s Rights and Gender Equality. Rapporteur: Lina Gálvez (A10-0030/2024),Lina Gálvez
171328,2024-12-19,Recommendation to the Council on the EU priorities for the 69th session of the UN Commission on the Status of Women (Amendment 5 to Section 1),,Women’s Rights and Gender Equality. Rapporteur: Lina Gálvez (A10-0030/2024),Lina Gálvez
171329,2024-12-19,Recommendation to the Council on the EU priorities for the 69th session of the UN Commission on the Status of Women (Amendment 6 to Section 1),,Women’s Rights and Gender Equality. Rapporteur: Lina Gálvez (A10-0030/2024),Lina Gálvez
171330,2024-12-19,Recommendation to the Council on the EU priorities for the 69th session of the UN Commission on the Status of Women (Amendment 7 to Section 1),,Women’s Rights and Gender Equality. Rapporteur: Lina Gálvez (A10-0030/2024),Lina Gálvez
171331,2024-12-19,Recommendation to the Council on the EU priorities for the 69th session of the UN Commission on the Status of Women (Amendment 8 to Section 1),,Women’s Rights and Gender Equality. Rapporteur: Lina Gálvez (A10-0030/2024),Lina Gálvez
171332,2024-12-19,Recommendation to the Council on the EU priorities for the 69th session of the UN Commission on the Status of Women (Amendment 17 to Section 1),,Women’s Rights and Gender Equality. Rapporteur: Lina Gálvez (A10-0030/2024),Lina Gálvez
171334,2024-12-19,Recommendation to the Council on the EU priorities for the 69th session of the UN Commission on the Status of Women (to Section 1),,Women’s Rights and Gender Equality. Rapporteur: Lina Gálvez (A10-0030/2024),Lina Gálvez
171335,2024-12-19,Recommendation to the Council on the EU priorities for the 69th session of the UN Commission on the Status of Women (to Section 1),,Women’s Rights and Gender Equality. Rapporteur: Lina Gálvez (A10-0030/2024),Lina Gálvez
171336,2024-12-19,Recommendation to the Council on the EU priorities for the 69th session of the UN Commission on the Status of Women (to Section 1),,Women’s Rights and Gender Equality. Rapporteur: Lina Gálvez (A10-0030/2024),Lina Gálvez
171337,2024-12-19,Recommendation to the Council on the EU priorities for the 69th session of the UN Commission on the Status of Women (to Section 1),,Women’s Rights and Gender Equality. Rapporteur: Lina Gálvez (A10-0030/2024),Lina Gálvez
171338,2024-12-19,Recommendation to the Council on the EU priorities for the 69th session of the UN Commission on the Status of Women (to Section 1),,Women’s Rights and Gender Equality. Rapporteur: Lina Gálvez (A10-0030/2024),Lina Gálvez
171339,2024-12-19,Recommendation to the Council on the EU priorities for the 69th session of the UN Commission on the Status of Women (to Section 1),,Women’s Rights and Gender Equality. Rapporteur: Lina Gálvez (A10-0030/2024),Lina Gálvez
171340,2024-12-19,Recommendation to the Council on the EU priorities for the 69th session of the UN Commission on the Status of Women (Amendment 9 to Section 1),,Women’s Rights and Gender Equality. Rapporteur: Lina Gálvez (A10-0030/2024),Lina Gálvez
171342,2024-12-19,Recommendation to the Council on the EU priorities for the 69th session of the UN Commission on the Status of Women (to),,Women’s Rights and Gender Equality. Rapporteur: Lina Gálvez (A10-0030/2024),Lina Gálvez
171343,2024-12-19,Recommendation to the Council on the EU priorities for the 69th session of the UN Commission on the Status of Women (to),,Women’s Rights and Gender Equality. Rapporteur: Lina Gálvez (A10-0030/2024),Lina Gálvez
171344,2024-12-19,Recommendation to the Council on the EU priorities for the 69th session of the UN Commission on the Status of Women (Amendment 1 to),,Women’s Rights and Gender Equality. Rapporteur: Lina Gálvez (A10-0030/2024),Lina Gálvez
171157,2024-12-19,Recommendation to the Council on the EU priorities for the 69th session of the UN Commission on the Status of Women (to),,Women’s Rights and Gender Equality. Rapporteur: Lina Gálvez (A10-0030/2024),Lina Gálvez
171426,2025-01-20,Wednesday’s agenda – Request by the PfE Group (to),,,
171427,2025-01-20,Wednesday’s agenda – Request by The Left Group (to),,,
171425,2025-01-21,EU/Republic of Serbia agreement on operational activities carried out by the European Border and Coast Guard Agency in the Republic of Serbia *** (to),A10-0027/2024,"Civil Liberties, Justice and Home Affairs. Rapporteur: Karlo Ressler (A10-0027/2024)",Karlo Ressler
171461,2025-01-22,Need for actions to address the continued oppression and fake elections in Belarus (Amendment 4 to Section 19),,,
171462,2025-01-22,Need for actions to address the continued oppression and fake elections in Belarus (to),,,
171595,2025-01-23,Case of Jean-Jacques Wondo in the Democratic Republic of the Congo (Amendment 3 to Section 4),,,
171596,2025-01-23,Case of Jean-Jacques Wondo in the Democratic Republic of the Congo (Amendment 4 to Section 7),,,
171597,2025-01-23,Case of Jean-Jacques Wondo in the Democratic Republic of the Congo (Amendment 5 to Section 7),,,
171598,2025-01-23,"Systematic repression of human rights in Iran, notably the cases of Pakhshan Azizi and Wrisha Moradi, and the taking of EU citizens as hostages (Amendment 4 to Section 3)",,,
171599,2025-01-23,"Systematic repression of human rights in Iran, notably the cases of Pakhshan Azizi and Wrisha Moradi, and the taking of EU citizens as hostages (Amendment 2 to Section 4)",,,
171603,2025-01-23,"Systematic repression of human rights in Iran, notably the cases of Pakhshan Azizi and Wrisha Moradi, and the taking of EU citizens as hostages (Amendment 3 to Section 6)",,,
171606,2025-01-23,"Systematic repression of human rights in Iran, notably the cases of Pakhshan Azizi and Wrisha Moradi, and the taking of EU citizens as hostages (to Section 7)",,,
171607,2025-01-23,"Systematic repression of human rights in Iran, notably the cases of Pakhshan Azizi and Wrisha Moradi, and the taking of EU citizens as hostages (to)",,,
171588,2025-01-23,Case of Boualem Sansal in Algeria (Amendment 4 to Section 2),,,
171589,2025-01-23,Case of Boualem Sansal in Algeria (Amendment 5 to Section 5),,,
171590,2025-01-23,Case of Boualem Sansal in Algeria (Amendment 3 to Section 5),,,
171591,2025-01-23,Case of Boualem Sansal in Algeria (Amendment 2 to Section 5),,,
171592,2025-01-23,Case of Boualem Sansal in Algeria (Amendment 6 to Section 5),,,
171593,2025-01-23,Case of Boualem Sansal in Algeria (Amendment 1 to),,,
171594,2025-01-23,Case of Boualem Sansal in Algeria (to),,,
171611,2025-01-23,Russia’s disinformation and historical falsification to justify its war of aggression against Ukraine (to Section 10),,,
171612,2025-01-23,Russia’s disinformation and historical falsification to justify its war of aggression against Ukraine (to Section 10),,,
171613,2025-01-23,Russia’s disinformation and historical falsification to justify its war of aggression against Ukraine (to Section 10),,,
171614,2025-01-23,Russia’s disinformation and historical falsification to justify its war of aggression against Ukraine (to Section 10),,,
171615,2025-01-23,Russia’s disinformation and historical falsification to justify its war of aggression against Ukraine (to Section 10),,,
171616,2025-01-23,Russia’s disinformation and historical falsification to justify its war of aggression against Ukraine (to Section 10),,,
171617,2025-01-23,Russia’s disinformation and historical falsification to justify its war of aggression against Ukraine (to Section 10),,,
171618,2025-01-23,Russia’s disinformation and historical falsification to justify its war of aggression against Ukraine (to Section 12),,,
171619,2025-01-23,Russia’s disinformation and historical falsification to justify its war of aggression against Ukraine (Amendment 6 to Section 14),,,
171621,2025-01-23,Russia’s disinformation and historical falsification to justify its war of aggression against Ukraine (to Section 14),,,
171622,2025-01-23,Russia’s disinformation and historical falsification to justify its war of aggression against Ukraine (to Section 14),,,
171623,2025-01-23,Russia’s disinformation and historical falsification to justify its war of aggression against Ukraine (Amendment 7 to Section 14),,,
171624,2025-01-23,Russia’s disinformation and historical falsification to justify its war of aggression against Ukraine (Amendment 8 to Section 14),,,
171625,2025-01-23,Russia’s disinformation and historical falsification to justify its war of aggression against Ukraine (Amendment 9 to Section 15),,,
171626,2025-01-23,Russia’s disinformation and historical falsification to justify its war of aggression against Ukraine (Amendment 1 to),,,
171627,2025-01-23,Russia’s disinformation and historical falsification to justify its war of aggression against Ukraine (Amendment 2 to),,,
171628,2025-01-23,Russia’s disinformation and historical falsification to justify its war of aggression against Ukraine (to),,,
171563,2025-01-23,Situation in Venezuela following the usurpation of the presidency on 10 January 2025 (to Section 1),,,
171564,2025-01-23,Situation in Venezuela following the usurpation of the presidency on 10 January 2025 (Amendment 2 to Section 1),,,
171566,2025-01-23,Situation in Venezuela following the usurpation of the presidency on 10 January 2025 (to Section 2),,,
171567,2025-01-23,Situation in Venezuela following the usurpation of the presidency on 10 January 2025 (to Section 2),,,
171568,2025-01-23,Situation in Venezuela following the usurpation of the presidency on 10 January 2025 (Amendment 3 to Section 2),,,
171569,2025-01-23,Situation in Venezuela following the usurpation of the presidency on 10 January 2025 (to Section 4),,,
171571,2025-01-23,Situation in Venezuela following the usurpation of the presidency on 10 January 2025 (to Section 5),,,
171572,2025-01-23,Situation in Venezuela following the usurpation of the presidency on 10 January 2025 (to Section 5),,,
171573,2025-01-23,Situation in Venezuela following the usurpation of the presidency on 10 January 2025 (to Section 5),,,
171577,2025-01-23,Situation in Venezuela following the usurpation of the presidency on 10 January 2025 (Amendment 1 to Section 7),,,
171578,2025-01-23,Situation in Venezuela following the usurpation of the presidency on 10 January 2025 (Amendment 5 to Section 8),,,
171579,2025-01-23,Situation in Venezuela following the usurpation of the presidency on 10 January 2025 (Amendment 4 to Section 8),,,
171587,2025-01-23,Situation in Venezuela following the usurpation of the presidency on 10 January 2025 (to),,,
171785,2025-02-10,Wednesday’s agenda – Request by the ESN Group (to),,,
171703,2025-02-11,Conclusion of an agreement between the European Union and the government of the People's Republic of Bangladesh on certain aspects of air services *** (to),,Transport and Tourism. Rapporteur: Tomas Tobé (A10-0005/2025),Tomas Tobé
171704,2025-02-11,"Conclusion, on behalf of the Union, of the Protocol (2024-2029) implementing the Fisheries Partnership Agreement between the European Community and the Republic of Cabo Verde *** (to)",,Fisheries. Rapporteur: Paulo Do Nascimento Cabral (A10-0004/2025),Paulo Do Nascimento Cabral
171705,2025-02-11,Renewal of the Agreement on cooperation in science and technology between the European Community and Ukraine *** (to),,"Industry, Research and Energy. Rapporteur: Borys Budka (A10-0007/2025)",Borys Budka
171721,2025-02-11,European Central Bank – annual report 2024 (Amendment 22 to Section 1),,Economic and Monetary Affairs. Rapporteur: Anouk Van Brug (A10-0003/2025),Anouk Van Brug
171722,2025-02-11,European Central Bank – annual report 2024 (Amendment 23 to Section 1),,Economic and Monetary Affairs. Rapporteur: Anouk Van Brug (A10-0003/2025),Anouk Van Brug
171725,2025-02-11,European Central Bank – annual report 2024 (to Section 8),,Economic and Monetary Affairs. Rapporteur: Anouk Van Brug (A10-0003/2025),Anouk Van Brug
171726,2025-02-11,European Central Bank – annual report 2024 (to Section 8),,Economic and Monetary Affairs. Rapporteur: Anouk Van Brug (A10-0003/2025),Anouk Van Brug
171727,2025-02-11,European Central Bank – annual report 2024 (Amendment 30 to Section 13),,Economic and Monetary Affairs. Rapporteur: Anouk Van Brug (A10-0003/2025),Anouk Van Brug
171728,2025-02-11,European Central Bank – annual report 2024 (Amendment 26 to Section 18),,Economic and Monetary Affairs. Rapporteur: Anouk Van Brug (A10-0003/2025),Anouk Van Brug
171733,2025-02-11,European Central Bank – annual report 2024 (to Section 23),,Economic and Monetary Affairs. Rapporteur: Anouk Van Brug (A10-0003/2025),Anouk Van Brug
171734,2025-02-11,European Central Bank – annual report 2024 (to Section 23),,Economic and Monetary Affairs. Rapporteur: Anouk Van Brug (A10-0003/2025),Anouk Van Brug
171735,2025-02-11,European Central Bank – annual report 2024 (to Section 23),,Economic and Monetary Affairs. Rapporteur: Anouk Van Brug (A10-0003/2025),Anouk Van Brug
171736,2025-02-11,European Central Bank – annual report 2024 (to Section 25),,Economic and Monetary Affairs. Rapporteur: Anouk Van Brug (A10-0003/2025),Anouk Van Brug
171737,2025-02-11,European Central Bank – annual report 2024 (Amendment 27 to Section 26),,Economic and Monetary Affairs. Rapporteur: Anouk Van Brug (A10-0003/2025),Anouk Van Brug
171741,2025-02-11,European Central Bank – annual report 2024 (Amendment 2 to Section 26),,Economic and Monetary Affairs. Rapporteur: Anouk Van Brug (A10-0003/2025),Anouk Van Brug
171742,2025-02-11,European Central Bank – annual report 2024 (Amendment 41 to Section 26),,Economic and Monetary Affairs. Rapporteur: Anouk Van Brug (A10-0003/2025),Anouk Van Brug
171744,2025-02-11,European Central Bank – annual report 2024 (to Section 27),,Economic and Monetary Affairs. Rapporteur: Anouk Van Brug (A10-0003/2025),Anouk Van Brug
171745,2025-02-11,European Central Bank – annual report 2024 (to Section 27),,Economic and Monetary Affairs. Rapporteur: Anouk Van Brug (A10-0003/2025),Anouk Van Brug
171746,2025-02-11,European Central Bank – annual report 2024 (Amendment 6 to Section 28),,Economic and Monetary Affairs. Rapporteur: Anouk Van Brug (A10-0003/2025),Anouk Van Brug
171748,2025-02-11,European Central Bank – annual report 2024 (to Section 32),,Economic and Monetary Affairs. Rapporteur: Anouk Van Brug (A10-0003/2025),Anouk Van Brug
171749,2025-02-11,European Central Bank – annual report 2024 (to Section 32),,Economic and Monetary Affairs. Rapporteur: Anouk Van Brug (A10-0003/2025),Anouk Van Brug
171751,2025-02-11,European Central Bank – annual report 2024 (Amendment 32 to Section 36),,Economic and Monetary Affairs. Rapporteur: Anouk Van Brug (A10-0003/2025),Anouk Van Brug
171752,2025-02-11,European Central Bank – annual report 2024 (Amendment 29 to Section 39),,Economic and Monetary Affairs. Rapporteur: Anouk Van Brug (A10-0003/2025),Anouk Van Brug
171753,2025-02-11,European Central Bank – annual report 2024 (Amendment 3 to Section 39),,Economic and Monetary Affairs. Rapporteur: Anouk Van Brug (A10-0003/2025),Anouk Van Brug
171756,2025-02-11,European Central Bank – annual report 2024 (to Section 42),,Economic and Monetary Affairs. Rapporteur: Anouk Van Brug (A10-0003/2025),Anouk Van Brug
171757,2025-02-11,European Central Bank – annual report 2024 (Amendment 17 to),,Economic and Monetary Affairs. Rapporteur: Anouk Van Brug (A10-0003/2025),Anouk Van Brug
171758,2025-02-11,European Central Bank – annual report 2024 (Amendment 18 to),,Economic and Monetary Affairs. Rapporteur: Anouk Van Brug (A10-0003/2025),Anouk Van Brug
171759,2025-02-11,European Central Bank – annual report 2024 (Amendment 19 to),,Economic and Monetary Affairs. Rapporteur: Anouk Van Brug (A10-0003/2025),Anouk Van Brug
171760,2025-02-11,European Central Bank – annual report 2024 (Amendment 20 to),,Economic and Monetary Affairs. Rapporteur: Anouk Van Brug (A10-0003/2025),Anouk Van Brug
171761,2025-02-11,European Central Bank – annual report 2024 (Amendment 21 to),,Economic and Monetary Affairs. Rapporteur: Anouk Van Brug (A10-0003/2025),Anouk Van Brug
171764,2025-02-11,European Central Bank – annual report 2024 (to),,Economic and Monetary Affairs. Rapporteur: Anouk Van Brug (A10-0003/2025),Anouk Van Brug
171702,2025-02-11,European Central Bank – annual report 2024 (to),,Economic and Monetary Affairs. Rapporteur: Anouk Van Brug (A10-0003/2025),Anouk Van Brug
171706,2025-02-12,VAT: rules for the digital age * (to),A10-0001/2025,Economic and Monetary Affairs. Rapporteur: Ľudovít Ódor (A10-0001/2025),Ľudovít Ódor
171707,2025-02-12,Administrative cooperation in the field of taxation * (Commission proposal),A10-0002/2025,Economic and Monetary Affairs. Rapporteur: Aurore Lalucq (A10-0002/2025),Aurore Lalucq
171791,2025-02-12,Objection pursuant to Rule 115(2) and (3): Genetically modified maize DP910521 (Amendment 3 to Section 4),,,
171792,2025-02-12,Objection pursuant to Rule 115(2) and (3): Genetically modified maize DP910521 (Amendment 2 to),,,
171793,2025-02-12,Objection pursuant to Rule 115(2) and (3): Genetically modified maize DP910521 (to),,,
171786,2025-02-12,Objection pursuant to Rule 115(2) and (3): Genetically modified maize MON 95275 (Amendment 3 to Section 4),,,
171787,2025-02-12,Objection pursuant to Rule 115(2) and (3): Genetically modified maize MON 95275 (Amendment 5 to Section 5),,,
171788,2025-02-12,Objection pursuant to Rule 115(2) and (3): Genetically modified maize MON 95275 (Amendment 4 to),,,
171789,2025-02-12,Objection pursuant to Rule 115(2) and (3): Genetically modified maize MON 95275 (Amendment 2 to),,,
171790,2025-02-12,Objection pursuant to Rule 115(2) and (3): Genetically modified maize MON 95275 (to),,,
171912,2025-02-13,Recent dismissals and arrests of mayors in Türkiye (Amendment 5 to Section 6),,,
171913,2025-02-13,Recent dismissals and arrests of mayors in Türkiye (to Section 6),,,
171914,2025-02-13,Recent dismissals and arrests of mayors in Türkiye (Amendment 2 to Section 7),,,
171915,2025-02-13,Recent dismissals and arrests of mayors in Türkiye (Amendment 6 to Section 7),,,
171916,2025-02-13,Recent dismissals and arrests of mayors in Türkiye (Amendment 1 to),,,
171889,2025-02-13,"Repression by the Ortega-Murillo regime in Nicaragua, targeting human rights defenders, political opponents and religious communities in particular (Amendment 2 to Section 2)",,,
171890,2025-02-13,"Repression by the Ortega-Murillo regime in Nicaragua, targeting human rights defenders, political opponents and religious communities in particular (Amendment 1 to Section 9)",,,
171891,2025-02-13,"Continuing detention and risk of the death penalty for individuals in Nigeria charged with blasphemy, notably the case of Yahaya Sharif-Aminu (Amendment 2 to Section 2)",,,
171892,2025-02-13,"Continuing detention and risk of the death penalty for individuals in Nigeria charged with blasphemy, notably the case of Yahaya Sharif-Aminu (Amendment 1 to Section 4)",,,
171893,2025-02-13,Further deterioration of the political situation in Georgia (Amendment 1 to Section 1),,,
171895,2025-02-13,Further deterioration of the political situation in Georgia (to Section 2),,,
171897,2025-02-13,Further deterioration of the political situation in Georgia (to Section 3),,,
171899,2025-02-13,Further deterioration of the political situation in Georgia (to Section 4),,,
171901,2025-02-13,Further deterioration of the political situation in Georgia (to Section 7),,,
171902,2025-02-13,Further deterioration of the political situation in Georgia (to Section 8),,,
171905,2025-02-13,Further deterioration of the political situation in Georgia (to Section 9),,,
171906,2025-02-13,Further deterioration of the political situation in Georgia (Amendment 2 to Section 10),,,
171907,2025-02-13,Further deterioration of the political situation in Georgia (to Section 23),,,
171908,2025-02-13,Further deterioration of the political situation in Georgia (to Section 25),,,
171910,2025-02-13,Further deterioration of the political situation in Georgia (Amendment 3 to Section 27),,,
171911,2025-02-13,Further deterioration of the political situation in Georgia (to),,,
171850,2025-02-13,Escalation of violence in the eastern Democratic Republic of the Congo (to Section 10),,,
171851,2025-02-13,Escalation of violence in the eastern Democratic Republic of the Congo (Amendment 4 to Section 11),,,
171852,2025-02-13,Escalation of violence in the eastern Democratic Republic of the Congo (to Section 11),,,
171853,2025-02-13,Escalation of violence in the eastern Democratic Republic of the Congo (Amendment 1 to Section 15),,,
171855,2025-02-13,Escalation of violence in the eastern Democratic Republic of the Congo (to Section 15),,,
171856,2025-02-13,Escalation of violence in the eastern Democratic Republic of the Congo (to Section 15),,,
171857,2025-02-13,Escalation of violence in the eastern Democratic Republic of the Congo (Amendment 2 to Section 17),,,
171858,2025-02-13,Escalation of violence in the eastern Democratic Republic of the Congo (Amendment 3 to Section 20),,,
171859,2025-02-13,Escalation of violence in the eastern Democratic Republic of the Congo (to),,,
172159,2025-03-10,Wednesday’s agenda – Request by the ECR Group (to),,,
172160,2025-03-10,Wednesday’s agenda – Request by the ESN Group (to),,,
172102,2025-03-11,Establishing the Reform and Growth Facility for the Republic of Moldova ***I (Amendment 2 to),A10-0006/2025,Foreign Affairs - Committee on Budgets. Rapporteurs: Siegfried Mureşan and Sven Mikser (A10-0006/2025),
172110,2025-03-11,Verification of credentials (to),A10-0016/2025,Legal Affairs. Rapporteur: Ilhan Kyuchyuk (A10-0016/2025),Ilhan Kyuchyuk
172142,2025-03-11,European Social Fund Plus post-2027 (Amendment 1 to),A10-0014/2025,Employment and Social Affairs. Rapporteur: Marit Maij (A10-0014/2025),Marit Maij
172158,2025-03-11,European Social Fund Plus post-2027 (to),A10-0014/2025,Employment and Social Affairs. Rapporteur: Marit Maij (A10-0014/2025),Marit Maij
172132,2025-03-11,Assessment of the implementation of Horizon Europe in view of its interim evaluation and recommendations for the 10th Research Framework Programme (Amendment 1 to Section 4),A10-0021/2025,"Industry, Research and Energy. Rapporteur: Christian Ehler (A10-0021/2025)",Christian Ehler
172133,2025-03-11,Assessment of the implementation of Horizon Europe in view of its interim evaluation and recommendations for the 10th Research Framework Programme (Amendment 2 to Section 51),A10-0021/2025,"Industry, Research and Energy. Rapporteur: Christian Ehler (A10-0021/2025)",Christian Ehler
172134,2025-03-11,Assessment of the implementation of Horizon Europe in view of its interim evaluation and recommendations for the 10th Research Framework Programme (Amendment 3 to Section 57),A10-0021/2025,"Industry, Research and Energy. Rapporteur: Christian Ehler (A10-0021/2025)",Christian Ehler
172135,2025-03-11,Assessment of the implementation of Horizon Europe in view of its interim evaluation and recommendations for the 10th Research Framework Programme (Amendment 4 to Section 57),A10-0021/2025,"Industry, Research and Energy. Rapporteur: Christian Ehler (A10-0021/2025)",Christian Ehler
172136,2025-03-11,Assessment of the implementation of Horizon Europe in view of its interim evaluation and recommendations for the 10th Research Framework Programme (to),A10-0021/2025,"Industry, Research and Energy. Rapporteur: Christian Ehler (A10-0021/2025)",Christian Ehler
172443,2025-03-12,Parliament’s calendar of part-sessions – 2026 (to),,,
172115,2025-03-12,EU-Norway Agreement: modification of concessions on all the tariff-rate quotas included in EU Schedule CLXXV as a consequence of the United Kingdom's withdrawal from the European Union *** (to),,International Trade. Rapporteur: Željana Zovko (A10-0017/2025),Željana Zovko
172114,2025-03-12,Agreement between Canada and the European Union on the transfer and processing of Passenger Name Record (PNR) data *** (to),,"Civil Liberties, Justice and Home Affairs. Rapporteur: Nikola Minchev (A10-0013/2025)",Nikola Minchev
172166,2025-03-12,European Semester for economic policy coordination 2025 (Amendment 15 to Section 3),,Economic and Monetary Affairs. Rapporteur: Fernando Navarrete Rojas (A10-0022/2025),Fernando Navarrete Rojas
172169,2025-03-12,European Semester for economic policy coordination 2025 (to Section 3),,Economic and Monetary Affairs. Rapporteur: Fernando Navarrete Rojas (A10-0022/2025),Fernando Navarrete Rojas
172170,2025-03-12,European Semester for economic policy coordination 2025 (Amendment 3 to Section 4),,Economic and Monetary Affairs. Rapporteur: Fernando Navarrete Rojas (A10-0022/2025),Fernando Navarrete Rojas
172171,2025-03-12,European Semester for economic policy coordination 2025 (Amendment 4 to Section 4),,Economic and Monetary Affairs. Rapporteur: Fernando Navarrete Rojas (A10-0022/2025),Fernando Navarrete Rojas
172173,2025-03-12,European Semester for economic policy coordination 2025 (Amendment 5 to Section 5),,Economic and Monetary Affairs. Rapporteur: Fernando Navarrete Rojas (A10-0022/2025),Fernando Navarrete Rojas
172177,2025-03-12,European Semester for economic policy coordination 2025 (Amendment 6 to Section 9),,Economic and Monetary Affairs. Rapporteur: Fernando Navarrete Rojas (A10-0022/2025),Fernando Navarrete Rojas
172179,2025-03-12,European Semester for economic policy coordination 2025 (to Section 10),,Economic and Monetary Affairs. Rapporteur: Fernando Navarrete Rojas (A10-0022/2025),Fernando Navarrete Rojas
172180,2025-03-12,European Semester for economic policy coordination 2025 (to Section 10),,Economic and Monetary Affairs. Rapporteur: Fernando Navarrete Rojas (A10-0022/2025),Fernando Navarrete Rojas
172182,2025-03-12,European Semester for economic policy coordination 2025 (Amendment 7 to Section 21),,Economic and Monetary Affairs. Rapporteur: Fernando Navarrete Rojas (A10-0022/2025),Fernando Navarrete Rojas
172183,2025-03-12,European Semester for economic policy coordination 2025 (Amendment 8 to Section 21),,Economic and Monetary Affairs. Rapporteur: Fernando Navarrete Rojas (A10-0022/2025),Fernando Navarrete Rojas
172185,2025-03-12,European Semester for economic policy coordination 2025 (Amendment 9 to Section 23),,Economic and Monetary Affairs. Rapporteur: Fernando Navarrete Rojas (A10-0022/2025),Fernando Navarrete Rojas
172186,2025-03-12,European Semester for economic policy coordination 2025 (Amendment 10 to Section 23),,Economic and Monetary Affairs. Rapporteur: Fernando Navarrete Rojas (A10-0022/2025),Fernando Navarrete Rojas
172189,2025-03-12,European Semester for economic policy coordination 2025 (to Section 29),,Economic and Monetary Affairs. Rapporteur: Fernando Navarrete Rojas (A10-0022/2025),Fernando Navarrete Rojas
172190,2025-03-12,European Semester for economic policy coordination 2025 (Amendment 11 to Section 31),,Economic and Monetary Affairs. Rapporteur: Fernando Navarrete Rojas (A10-0022/2025),Fernando Navarrete Rojas
172193,2025-03-12,European Semester for economic policy coordination 2025 (to Section 32),,Economic and Monetary Affairs. Rapporteur: Fernando Navarrete Rojas (A10-0022/2025),Fernando Navarrete Rojas
172196,2025-03-12,European Semester for economic policy coordination 2025 (to Section 35),,Economic and Monetary Affairs. Rapporteur: Fernando Navarrete Rojas (A10-0022/2025),Fernando Navarrete Rojas
172197,2025-03-12,European Semester for economic policy coordination 2025 (Amendment 12 to Section 35),,Economic and Monetary Affairs. Rapporteur: Fernando Navarrete Rojas (A10-0022/2025),Fernando Navarrete Rojas
172198,2025-03-12,European Semester for economic policy coordination 2025 (Amendment 14 to Section 35),,Economic and Monetary Affairs. Rapporteur: Fernando Navarrete Rojas (A10-0022/2025),Fernando Navarrete Rojas
172200,2025-03-12,European Semester for economic policy coordination 2025 (Amendment 20 to Section 41),,Economic and Monetary Affairs. Rapporteur: Fernando Navarrete Rojas (A10-0022/2025),Fernando Navarrete Rojas
172204,2025-03-12,European Semester for economic policy coordination 2025 (Amendment 1 to),,Economic and Monetary Affairs. Rapporteur: Fernando Navarrete Rojas (A10-0022/2025),Fernando Navarrete Rojas
172205,2025-03-12,European Semester for economic policy coordination 2025 (Amendment 13 to),,Economic and Monetary Affairs. Rapporteur: Fernando Navarrete Rojas (A10-0022/2025),Fernando Navarrete Rojas
172210,2025-03-12,European Semester for economic policy coordination 2025 (Amendment 2 to),,Economic and Monetary Affairs. Rapporteur: Fernando Navarrete Rojas (A10-0022/2025),Fernando Navarrete Rojas
172211,2025-03-12,European Semester for economic policy coordination 2025 (to),,Economic and Monetary Affairs. Rapporteur: Fernando Navarrete Rojas (A10-0022/2025),Fernando Navarrete Rojas
172215,2025-03-12,European Semester for economic policy coordination: employment and social priorities for 2025 (to Section 3),,Employment and Social Affairs. Rapporteur: Maravillas Abadía Jover (A10-0023/2025),Maravillas Abadía Jover
172220,2025-03-12,European Semester for economic policy coordination: employment and social priorities for 2025 (to Section 5),,Employment and Social Affairs. Rapporteur: Maravillas Abadía Jover (A10-0023/2025),Maravillas Abadía Jover
172224,2025-03-12,European Semester for economic policy coordination: employment and social priorities for 2025 (to Section 7),,Employment and Social Affairs. Rapporteur: Maravillas Abadía Jover (A10-0023/2025),Maravillas Abadía Jover
172225,2025-03-12,European Semester for economic policy coordination: employment and social priorities for 2025 (to Section 8),,Employment and Social Affairs. Rapporteur: Maravillas Abadía Jover (A10-0023/2025),Maravillas Abadía Jover
172247,2025-03-12,European Semester for economic policy coordination: employment and social priorities for 2025 (to Section 17),,Employment and Social Affairs. Rapporteur: Maravillas Abadía Jover (A10-0023/2025),Maravillas Abadía Jover
172248,2025-03-12,European Semester for economic policy coordination: employment and social priorities for 2025 (to Section 17),,Employment and Social Affairs. Rapporteur: Maravillas Abadía Jover (A10-0023/2025),Maravillas Abadía Jover
172249,2025-03-12,European Semester for economic policy coordination: employment and social priorities for 2025 (to Section 17),,Employment and Social Affairs. Rapporteur: Maravillas Abadía Jover (A10-0023/2025),Maravillas Abadía Jover
172442,2025-03-12,European Semester for economic policy coordination: employment and social priorities for 2025 (to Section 19),,Employment and Social Affairs. Rapporteur: Maravillas Abadía Jover (A10-0023/2025),Maravillas Abadía Jover
172257,2025-03-12,European Semester for economic policy coordination: employment and social priorities for 2025 (to Section 23),,Employment and Social Affairs. Rapporteur: Maravillas Abadía Jover (A10-0023/2025),Maravillas Abadía Jover
172261,2025-03-12,European Semester for economic policy coordination: employment and social priorities for 2025 (to Section 24),,Employment and Social Affairs. Rapporteur: Maravillas Abadía Jover (A10-0023/2025),Maravillas Abadía Jover
172263,2025-03-12,European Semester for economic policy coordination: employment and social priorities for 2025 (to Section 25),,Employment and Social Affairs. Rapporteur: Maravillas Abadía Jover (A10-0023/2025),Maravillas Abadía Jover
172264,2025-03-12,European Semester for economic policy coordination: employment and social priorities for 2025 (to Section 25),,Employment and Social Affairs. Rapporteur: Maravillas Abadía Jover (A10-0023/2025),Maravillas Abadía Jover
172268,2025-03-12,European Semester for economic policy coordination: employment and social priorities for 2025 (to Section 29),,Employment and Social Affairs. Rapporteur: Maravillas Abadía Jover (A10-0023/2025),Maravillas Abadía Jover
172273,2025-03-12,European Semester for economic policy coordination: employment and social priorities for 2025 (to Section 31),,Employment and Social Affairs. Rapporteur: Maravillas Abadía Jover (A10-0023/2025),Maravillas Abadía Jover
172274,2025-03-12,European Semester for economic policy coordination: employment and social priorities for 2025 (to Section 31),,Employment and Social Affairs. Rapporteur: Maravillas Abadía Jover (A10-0023/2025),Maravillas Abadía Jover
172439,2025-03-12,European Semester for economic policy coordination: employment and social priorities for 2025 (to Section 31),,Employment and Social Affairs. Rapporteur: Maravillas Abadía Jover (A10-0023/2025),Maravillas Abadía Jover
172315,2025-03-12,European Semester for economic policy coordination: employment and social priorities for 2025 (to),,Employment and Social Affairs. Rapporteur: Maravillas Abadía Jover (A10-0023/2025),Maravillas Abadía Jover
172586,2025-03-12,"Continuing the unwavering EU support for Ukraine, after three years of Russia’s war of aggression (Amendment 14 to Section 1)",,,
172587,2025-03-12,"Continuing the unwavering EU support for Ukraine, after three years of Russia’s war of aggression (Amendment 15 to Section 1)",,,
172588,2025-03-12,"Continuing the unwavering EU support for Ukraine, after three years of Russia’s war of aggression (Amendment 16 to Section 1)",,,
172589,2025-03-12,"Continuing the unwavering EU support for Ukraine, after three years of Russia’s war of aggression (Amendment 17 to Section 1)",,,
172590,2025-03-12,"Continuing the unwavering EU support for Ukraine, after three years of Russia’s war of aggression (Amendment 18 to Section 1)",,,
172591,2025-03-12,"Continuing the unwavering EU support for Ukraine, after three years of Russia’s war of aggression (to Section 1)",,,
172592,2025-03-12,"Continuing the unwavering EU support for Ukraine, after three years of Russia’s war of aggression (to Section 2)",,,
172594,2025-03-12,"Continuing the unwavering EU support for Ukraine, after three years of Russia’s war of aggression (to Section 3)",,,
172595,2025-03-12,"Continuing the unwavering EU support for Ukraine, after three years of Russia’s war of aggression (to Section 3)",,,
172596,2025-03-12,"Continuing the unwavering EU support for Ukraine, after three years of Russia’s war of aggression (Amendment 3 to Section 3)",,,
172597,2025-03-12,"Continuing the unwavering EU support for Ukraine, after three years of Russia’s war of aggression (to Section 4)",,,
172598,2025-03-12,"Continuing the unwavering EU support for Ukraine, after three years of Russia’s war of aggression (Amendment 1 to Section 4)",,,
172599,2025-03-12,"Continuing the unwavering EU support for Ukraine, after three years of Russia’s war of aggression (Amendment 2 to Section 4)",,,
172600,2025-03-12,"Continuing the unwavering EU support for Ukraine, after three years of Russia’s war of aggression (Amendment 19 to Section 5)",,,
172602,2025-03-12,"Continuing the unwavering EU support for Ukraine, after three years of Russia’s war of aggression (to Section 5)",,,
172603,2025-03-12,"Continuing the unwavering EU support for Ukraine, after three years of Russia’s war of aggression (to Section 5)",,,
172604,2025-03-12,"Continuing the unwavering EU support for Ukraine, after three years of Russia’s war of aggression (to Section 5)",,,
172609,2025-03-12,"Continuing the unwavering EU support for Ukraine, after three years of Russia’s war of aggression (to Section 6)",,,
172612,2025-03-12,"Continuing the unwavering EU support for Ukraine, after three years of Russia’s war of aggression (Amendment 20 to Section 7)",,,
172613,2025-03-12,"Continuing the unwavering EU support for Ukraine, after three years of Russia’s war of aggression (Amendment 21 to Section 9)",,,
172614,2025-03-12,"Continuing the unwavering EU support for Ukraine, after three years of Russia’s war of aggression (Amendment 22 to Section 9)",,,
172615,2025-03-12,"Continuing the unwavering EU support for Ukraine, after three years of Russia’s war of aggression (to Section 10)",,,
172616,2025-03-12,"Continuing the unwavering EU support for Ukraine, after three years of Russia’s war of aggression (Amendment 5 to Section 11)",,,
172617,2025-03-12,"Continuing the unwavering EU support for Ukraine, after three years of Russia’s war of aggression (Amendment 23 to Section 12)",,,
172618,2025-03-12,"Continuing the unwavering EU support for Ukraine, after three years of Russia’s war of aggression (to Section 12)",,,
172953,2025-03-12,"Continuing the unwavering EU support for Ukraine, after three years of Russia’s war of aggression (Amendment 4 to Section 13)",,,
172621,2025-03-12,"Continuing the unwavering EU support for Ukraine, after three years of Russia’s war of aggression (Amendment 10 to Section 13)",,,
172622,2025-03-12,"Continuing the unwavering EU support for Ukraine, after three years of Russia’s war of aggression (Amendment 24 to Section 14)",,,
172623,2025-03-12,"Continuing the unwavering EU support for Ukraine, after three years of Russia’s war of aggression (to Section 15)",,,
172624,2025-03-12,"Continuing the unwavering EU support for Ukraine, after three years of Russia’s war of aggression (Amendment 11 to Section 17)",,,
172627,2025-03-12,"Continuing the unwavering EU support for Ukraine, after three years of Russia’s war of aggression (to Section 18)",,,
172629,2025-03-12,"Continuing the unwavering EU support for Ukraine, after three years of Russia’s war of aggression (Amendment 12 to Section 18)",,,
172630,2025-03-12,"Continuing the unwavering EU support for Ukraine, after three years of Russia’s war of aggression (Amendment 13 to Section 18)",,,
172638,2025-03-12,"Continuing the unwavering EU support for Ukraine, after three years of Russia’s war of aggression (Amendment 25 to Section 21)",,,
172639,2025-03-12,"Continuing the unwavering EU support for Ukraine, after three years of Russia’s war of aggression (Amendment 26 to Section 23)",,,
172642,2025-03-12,"Continuing the unwavering EU support for Ukraine, after three years of Russia’s war of aggression (to Section 23)",,,
172643,2025-03-12,"Continuing the unwavering EU support for Ukraine, after three years of Russia’s war of aggression (Amendment 27 to Section 23)",,,
172646,2025-03-12,"Continuing the unwavering EU support for Ukraine, after three years of Russia’s war of aggression (to Section 24)",,,
172647,2025-03-12,"Continuing the unwavering EU support for Ukraine, after three years of Russia’s war of aggression (Amendment 28 to Section 25)",,,
172648,2025-03-12,"Continuing the unwavering EU support for Ukraine, after three years of Russia’s war of aggression (Amendment 29 to Section 25)",,,
172649,2025-03-12,"Continuing the unwavering EU support for Ukraine, after three years of Russia’s war of aggression (Amendment 30 to Section 25)",,,
172659,2025-03-12,"Continuing the unwavering EU support for Ukraine, after three years of Russia’s war of aggression (Amendment 6 to)",,,
172660,2025-03-12,"Continuing the unwavering EU support for Ukraine, after three years of Russia’s war of aggression (Amendment 7 to)",,,
172661,2025-03-12,"Continuing the unwavering EU support for Ukraine, after three years of Russia’s war of aggression (Amendment 8 to)",,,
172662,2025-03-12,"Continuing the unwavering EU support for Ukraine, after three years of Russia’s war of aggression (Amendment 9 to)",,,
172663,2025-03-12,"Continuing the unwavering EU support for Ukraine, after three years of Russia’s war of aggression (to)",,,
172664,2025-03-12,White paper on the future of European defence (Amendment 36 to Section 1),,,
172665,2025-03-12,White paper on the future of European defence (Amendment 37 to Section 1),,,
172666,2025-03-12,White paper on the future of European defence (Amendment 38 to Section 1),,,
172667,2025-03-12,White paper on the future of European defence (Amendment 102 to Section 1),,,
172668,2025-03-12,White paper on the future of European defence (Amendment 2 to Section 1),,,
172669,2025-03-12,White paper on the future of European defence (Amendment 7 to Section 1),,,
172670,2025-03-12,White paper on the future of European defence (Amendment 39 to Section 1),,,
172671,2025-03-12,White paper on the future of European defence (Amendment 3 to Section 2),,,
172672,2025-03-12,White paper on the future of European defence (Amendment 41 to Section 2),,,
172673,2025-03-12,White paper on the future of European defence (Amendment 42 to Section 2),,,
172674,2025-03-12,White paper on the future of European defence (Amendment 43 to Section 2),,,
172675,2025-03-12,White paper on the future of European defence (Amendment 44 to Section 2),,,
172680,2025-03-12,White paper on the future of European defence (Amendment 83 to Section 3),,,
172682,2025-03-12,White paper on the future of European defence (Amendment 46 to Section 4),,,
172683,2025-03-12,White paper on the future of European defence (Amendment 46 to Section 4),,,
172687,2025-03-12,White paper on the future of European defence (Amendment 47 to Section 4),,,
172688,2025-03-12,White paper on the future of European defence (Amendment 48 to Section 5),,,
172689,2025-03-12,White paper on the future of European defence (Amendment 49 to Section 5),,,
172690,2025-03-12,White paper on the future of European defence (Amendment 50 to Section 5),,,
172692,2025-03-12,White paper on the future of European defence (Amendment 51 to Section 6),,,
172693,2025-03-12,White paper on the future of European defence (Amendment 4 to Section 7),,,
172696,2025-03-12,White paper on the future of European defence (to Section 7),,,
172697,2025-03-12,White paper on the future of European defence (Amendment 8 to Section 7),,,
172701,2025-03-12,White paper on the future of European defence (Amendment 5 to Section 10),,,
172702,2025-03-12,White paper on the future of European defence (Amendment 6 to Section 11),,,
172709,2025-03-12,White paper on the future of European defence (Amendment 104 to Section 13),,,
172714,2025-03-12,White paper on the future of European defence (Amendment 52 to Section 14),,,
172715,2025-03-12,White paper on the future of European defence (Amendment 52 to Section 14),,,
172716,2025-03-12,White paper on the future of European defence (Amendment 53 to Section 15),,,
172718,2025-03-12,White paper on the future of European defence (to Section 15),,,
172719,2025-03-12,White paper on the future of European defence (to Section 15),,,
172720,2025-03-12,White paper on the future of European defence (to Section 15),,,
172721,2025-03-12,White paper on the future of European defence (to Section 15),,,
172722,2025-03-12,White paper on the future of European defence (Amendment 54 to Section 15),,,
172724,2025-03-12,White paper on the future of European defence (Amendment 106 to Section 16),,,
172725,2025-03-12,White paper on the future of European defence (Amendment 106 to Section 16),,,
172728,2025-03-12,White paper on the future of European defence (Amendment 107 to Section 17),,,
172729,2025-03-12,White paper on the future of European defence (Amendment 107 to Section 17),,,
172734,2025-03-12,White paper on the future of European defence (to Section 19),,,
172735,2025-03-12,White paper on the future of European defence (to Section 19),,,
172736,2025-03-12,White paper on the future of European defence (to Section 19),,,
172737,2025-03-12,White paper on the future of European defence (to Section 19),,,
172738,2025-03-12,White paper on the future of European defence (Amendment 55 to Section 20),,,
172739,2025-03-12,White paper on the future of European defence (Amendment 56 to Section 22),,,
172740,2025-03-12,White paper on the future of European defence (Amendment 57 to Section 22),,,
172741,2025-03-12,White paper on the future of European defence (Amendment 84 to Section 22),,,
172742,2025-03-12,White paper on the future of European defence (Amendment 105 to Section 22),,,
172745,2025-03-12,White paper on the future of European defence (to Section 29),,,
172746,2025-03-12,White paper on the future of European defence (to Section 29),,,
172747,2025-03-12,White paper on the future of European defence (Amendment 10 to Section 32),,,
172751,2025-03-12,White paper on the future of European defence (Amendment 59 to Section 32),,,
172753,2025-03-12,White paper on the future of European defence (to Section 33),,,
172754,2025-03-12,White paper on the future of European defence (Amendment 100 to Section 34),,,
172759,2025-03-12,White paper on the future of European defence (Amendment 11 to Section 37),,,
172760,2025-03-12,White paper on the future of European defence (Amendment 101 to Section 39),,,
172762,2025-03-12,White paper on the future of European defence (to Section 44),,,
172763,2025-03-12,White paper on the future of European defence (to Section 44),,,
172766,2025-03-12,White paper on the future of European defence (Amendment 103 to Section 46),,,
172767,2025-03-12,White paper on the future of European defence (Amendment 103 to Section 46),,,
172771,2025-03-12,White paper on the future of European defence (Amendment 96 to Section 47),,,
172772,2025-03-12,White paper on the future of European defence (Amendment 97 to Section 47),,,
172773,2025-03-12,White paper on the future of European defence (Amendment 9 to Section 48),,,
172776,2025-03-12,White paper on the future of European defence (to Section 52),,,
172781,2025-03-12,White paper on the future of European defence (Amendment 61 to Section 54),,,
172782,2025-03-12,White paper on the future of European defence (Amendment 98 to Section 55),,,
172783,2025-03-12,White paper on the future of European defence (Amendment 12 to Section 56),,,
172784,2025-03-12,White paper on the future of European defence (to Section 57),,,
172785,2025-03-12,White paper on the future of European defence (Amendment 13 to Section 57),,,
172786,2025-03-12,White paper on the future of European defence (Amendment 62 to Section 58),,,
172790,2025-03-12,White paper on the future of European defence (to Section 58),,,
172791,2025-03-12,White paper on the future of European defence (to Section 58),,,
172795,2025-03-12,White paper on the future of European defence (Amendment 65 to Section 58),,,
172796,2025-03-12,White paper on the future of European defence (to Section 59),,,
172802,2025-03-12,White paper on the future of European defence (Amendment 67 to Section 61),,,
172804,2025-03-12,White paper on the future of European defence (Amendment 66 to Section 62),,,
172805,2025-03-12,White paper on the future of European defence (Amendment 66 to Section 62),,,
172807,2025-03-12,White paper on the future of European defence (Amendment 68 to Section 63),,,
172808,2025-03-12,White paper on the future of European defence (Amendment 69 to Section 63),,,
172809,2025-03-12,White paper on the future of European defence (Amendment 70 to Section 63),,,
172810,2025-03-12,White paper on the future of European defence (Amendment 71 to Section 64),,,
172811,2025-03-12,White paper on the future of European defence (Amendment 85 to Section 66),,,
172812,2025-03-12,White paper on the future of European defence (Amendment 14 to Section 68),,,
172814,2025-03-12,White paper on the future of European defence (Amendment 108 to Section 68),,,
172815,2025-03-12,White paper on the future of European defence (to Section 68),,,
172816,2025-03-12,White paper on the future of European defence (Amendment 15 to Section 68),,,
172817,2025-03-12,White paper on the future of European defence (Amendment 16 to Section 68),,,
172823,2025-03-12,White paper on the future of European defence (to Section 69),,,
172824,2025-03-12,White paper on the future of European defence (to Section 69),,,
172825,2025-03-12,White paper on the future of European defence (to Section 69),,,
172826,2025-03-12,White paper on the future of European defence (Amendment 17 to Section 69),,,
172827,2025-03-12,White paper on the future of European defence (Amendment 18 to Section 69),,,
172830,2025-03-12,White paper on the future of European defence (to Section 70),,,
172831,2025-03-12,White paper on the future of European defence (to Section 70),,,
172833,2025-03-12,White paper on the future of European defence (Amendment 76 to Section 71),,,
172834,2025-03-12,White paper on the future of European defence (Amendment 76 to Section 71),,,
172840,2025-03-12,White paper on the future of European defence (to Section 73),,,
172842,2025-03-12,White paper on the future of European defence (Amendment 19 to Section 74),,,
172846,2025-03-12,White paper on the future of European defence (Amendment 77 to Section 74),,,
172847,2025-03-12,White paper on the future of European defence (Amendment 78 to Section 74),,,
172855,2025-03-12,White paper on the future of European defence (Amendment 99 to),,,
172856,2025-03-12,White paper on the future of European defence (Amendment 22 to),,,
172857,2025-03-12,White paper on the future of European defence (Amendment 24 to),,,
172858,2025-03-12,White paper on the future of European defence (Amendment 25 to),,,
172862,2025-03-12,White paper on the future of European defence (Amendment 32 to),,,
172866,2025-03-12,White paper on the future of European defence (Amendment 1 to),,,
172867,2025-03-12,White paper on the future of European defence (to),,,
172533,2025-03-12,The need for EU support towards a just transition and reconstruction in Syria (Amendment 8 to Section 1),,,
172534,2025-03-12,The need for EU support towards a just transition and reconstruction in Syria (Amendment 26 to Section 1),,,
172535,2025-03-12,The need for EU support towards a just transition and reconstruction in Syria (Amendment 27 to Section 1),,,
172536,2025-03-12,The need for EU support towards a just transition and reconstruction in Syria (Amendment 28 to Section 1),,,
172537,2025-03-12,The need for EU support towards a just transition and reconstruction in Syria (Amendment 9 to Section 4),,,
172538,2025-03-12,The need for EU support towards a just transition and reconstruction in Syria (Amendment 10 to Section 4),,,
172539,2025-03-12,The need for EU support towards a just transition and reconstruction in Syria (Amendment 29 to Section 5),,,
172540,2025-03-12,The need for EU support towards a just transition and reconstruction in Syria (Amendment 11 to Section 5),,,
172541,2025-03-12,The need for EU support towards a just transition and reconstruction in Syria (Amendment 15 to Section 6),,,
172542,2025-03-12,The need for EU support towards a just transition and reconstruction in Syria (Amendment 31 to Section 7),,,
172543,2025-03-12,The need for EU support towards a just transition and reconstruction in Syria (Amendment 30 to Section 7),,,
172550,2025-03-12,The need for EU support towards a just transition and reconstruction in Syria (Amendment 16 to Section 13),,,
172554,2025-03-12,The need for EU support towards a just transition and reconstruction in Syria (Amendment 17 to Section 22),,,
172555,2025-03-12,The need for EU support towards a just transition and reconstruction in Syria (Amendment 18 to Section 23),,,
172557,2025-03-12,The need for EU support towards a just transition and reconstruction in Syria (Amendment 4 to Section 25),,,
172559,2025-03-12,The need for EU support towards a just transition and reconstruction in Syria (Amendment 7 to Section 26),,,
172560,2025-03-12,The need for EU support towards a just transition and reconstruction in Syria (Amendment 32 to Section 27),,,
172561,2025-03-12,The need for EU support towards a just transition and reconstruction in Syria (Amendment 19 to Section 27),,,
172564,2025-03-12,The need for EU support towards a just transition and reconstruction in Syria (to Section 28),,,
172565,2025-03-12,The need for EU support towards a just transition and reconstruction in Syria (Amendment 33 to Section 31),,,
172568,2025-03-12,The need for EU support towards a just transition and reconstruction in Syria (to Section 31),,,
172569,2025-03-12,The need for EU support towards a just transition and reconstruction in Syria (Amendment 20 to Section 31),,,
172573,2025-03-12,The need for EU support towards a just transition and reconstruction in Syria (Amendment 21 to),,,
172574,2025-03-12,The need for EU support towards a just transition and reconstruction in Syria (Amendment 38 to),,,
172575,2025-03-12,The need for EU support towards a just transition and reconstruction in Syria (Amendment 39 to),,,
172577,2025-03-12,The need for EU support towards a just transition and reconstruction in Syria (to),,,
172578,2025-03-12,The need for EU support towards a just transition and reconstruction in Syria (to),,,
172580,2025-03-12,The need for EU support towards a just transition and reconstruction in Syria (Amendment 22 to),,,
172581,2025-03-12,The need for EU support towards a just transition and reconstruction in Syria (Amendment 23 to),,,
172582,2025-03-12,The need for EU support towards a just transition and reconstruction in Syria (Amendment 24 to),,,
172583,2025-03-12,The need for EU support towards a just transition and reconstruction in Syria (Amendment 25 to),,,
172584,2025-03-12,The need for EU support towards a just transition and reconstruction in Syria (Amendment 14 to),,,
172585,2025-03-12,The need for EU support towards a just transition and reconstruction in Syria (to),,,
172995,2025-03-13,"Democracy and human rights in Thailand, notably the lese-majesty law and the deportation of Uyghur refugees (to)",,,
172998,2025-03-13,"Severe political, humanitarian and human rights crisis in Sudan, in particular the sexual violence and child rape (to Section 3)",,,
172999,2025-03-13,"Severe political, humanitarian and human rights crisis in Sudan, in particular the sexual violence and child rape (Amendment 1 to Section 7)",,,
173000,2025-03-13,"Severe political, humanitarian and human rights crisis in Sudan, in particular the sexual violence and child rape (Amendment 2 to Section 8)",,,
173001,2025-03-13,"Severe political, humanitarian and human rights crisis in Sudan, in particular the sexual violence and child rape (to)",,,
173002,2025-03-13,"Unlawful detention and sham trials of Armenian hostages, including high-ranking political representatives from Nagorno-Karabakh, by Azerbaijan (Amendment 1 to Section 6)",,,
173003,2025-03-13,"Unlawful detention and sham trials of Armenian hostages, including high-ranking political representatives from Nagorno-Karabakh, by Azerbaijan (Amendment 4 to Section 7)",,,
173005,2025-03-13,"Unlawful detention and sham trials of Armenian hostages, including high-ranking political representatives from Nagorno-Karabakh, by Azerbaijan (to Section 7)",,,
173006,2025-03-13,"Unlawful detention and sham trials of Armenian hostages, including high-ranking political representatives from Nagorno-Karabakh, by Azerbaijan (to Section 7)",,,
173008,2025-03-13,"Unlawful detention and sham trials of Armenian hostages, including high-ranking political representatives from Nagorno-Karabakh, by Azerbaijan (to)",,,
172886,2025-03-13,Social and employment aspects of restructuring processes: the need to protect jobs and workers’ rights (to Section 5),,,
172887,2025-03-13,Social and employment aspects of restructuring processes: the need to protect jobs and workers’ rights (to Section 5),,,
172888,2025-03-13,Social and employment aspects of restructuring processes: the need to protect jobs and workers’ rights (to Section 5),,,
172889,2025-03-13,Social and employment aspects of restructuring processes: the need to protect jobs and workers’ rights (to Section 5),,,
172890,2025-03-13,Social and employment aspects of restructuring processes: the need to protect jobs and workers’ rights (to Section 5),,,
172891,2025-03-13,Social and employment aspects of restructuring processes: the need to protect jobs and workers’ rights (to Section 5),,,
172892,2025-03-13,Social and employment aspects of restructuring processes: the need to protect jobs and workers’ rights (to Section 5),,,
172912,2025-03-13,Social and employment aspects of restructuring processes: the need to protect jobs and workers’ rights (to Section 13),,,
172913,2025-03-13,Social and employment aspects of restructuring processes: the need to protect jobs and workers’ rights (to Section 13),,,
172922,2025-03-13,Social and employment aspects of restructuring processes: the need to protect jobs and workers’ rights (to Section 16),,,
172923,2025-03-13,Social and employment aspects of restructuring processes: the need to protect jobs and workers’ rights (to Section 16),,,
172924,2025-03-13,Social and employment aspects of restructuring processes: the need to protect jobs and workers’ rights (to Section 16),,,
172925,2025-03-13,Social and employment aspects of restructuring processes: the need to protect jobs and workers’ rights (to Section 16),,,
172927,2025-03-13,Social and employment aspects of restructuring processes: the need to protect jobs and workers’ rights (to Section 18),,,
174285,2025-03-31,Tuesday's agenda – Request by the Verts/ALE Group (to),,,
174286,2025-03-31,Tuesday's agenda – Request by the PfE Group (to),,,
174287,2025-03-31,Tuesday's agenda – Request by the The Left Group (to),,,
174288,2025-04-01,Amending Directives (EU) 2022/2464 and (EU) 2024/1760 as regards the dates from which Member States are to apply certain corporate sustainability reporting and due diligence requirements ***I (to),C10-0038/2025,,
173695,2025-04-01,"Common data platform on chemicals, establishing a monitoring and outlook framework for chemicals ***I (Commission proposal)",A10-0018/2025,"the Environment, Climate and Food Safety. Rapporteur: Dimitris Tsiodras (A10-0018/2025)",Dimitris Tsiodras
173691,2025-04-01,Re-attribution of scientific and technical tasks to the European Chemicals Agency ***I (Commission proposal),A10-0019/2025,"the Environment, Climate and Food Safety. Rapporteur: Dimitris Tsiodras (A10-0019/2025)",Dimitris Tsiodras
173693,2025-04-01,Re-attribution of scientific and technical tasks and improving cooperation among Union agencies in the area of chemicals ***I (Commission proposal),A10-0020/2025,"the Environment, Climate and Food Safety. Rapporteur: Dimitris Tsiodras (A10-0020/2025)",Dimitris Tsiodras
173690,2025-04-01,Macro-financial assistance to Jordan ***I (Commission proposal),A10-0038/2025,International Trade. Rapporteur: Céline Imart (A10-0038/2025),Céline Imart
174301,2025-04-01,Macro-financial assistance to Egypt ***I (Amendment 5 to),A10-0037/2025,International Trade. Rapporteur: Céline Imart (A10-0037/2025),Céline Imart
174305,2025-04-01,Macro-financial assistance to Egypt ***I (Amendment 7 to),A10-0037/2025,International Trade. Rapporteur: Céline Imart (A10-0037/2025),Céline Imart
174307,2025-04-01,Macro-financial assistance to Egypt ***I (Amendment 7 to),A10-0037/2025,International Trade. Rapporteur: Céline Imart (A10-0037/2025),Céline Imart
174310,2025-04-01,Macro-financial assistance to Egypt ***I (Amendment 8 to),A10-0037/2025,International Trade. Rapporteur: Céline Imart (A10-0037/2025),Céline Imart
174313,2025-04-01,Macro-financial assistance to Egypt ***I (Amendment 17 to),A10-0037/2025,International Trade. Rapporteur: Céline Imart (A10-0037/2025),Céline Imart
174314,2025-04-01,Macro-financial assistance to Egypt ***I (Amendment 34 to Article 1 Section 1),A10-0037/2025,International Trade. Rapporteur: Céline Imart (A10-0037/2025),Céline Imart
174315,2025-04-01,Macro-financial assistance to Egypt ***I (Amendment 43 to Article 1 Section 3),A10-0037/2025,International Trade. Rapporteur: Céline Imart (A10-0037/2025),Céline Imart
174316,2025-04-01,Macro-financial assistance to Egypt ***I (Amendment 30 to Article 1 Section 3),A10-0037/2025,International Trade. Rapporteur: Céline Imart (A10-0037/2025),Céline Imart
174317,2025-04-01,Macro-financial assistance to Egypt ***I (Amendment 44 to Article 1 Section 3),A10-0037/2025,International Trade. Rapporteur: Céline Imart (A10-0037/2025),Céline Imart
174318,2025-04-01,Macro-financial assistance to Egypt ***I (Amendment 45 to Article 2 Section 1),A10-0037/2025,International Trade. Rapporteur: Céline Imart (A10-0037/2025),Céline Imart
174320,2025-04-01,Macro-financial assistance to Egypt ***I (Amendment 19 to Article 2 Section 1),A10-0037/2025,International Trade. Rapporteur: Céline Imart (A10-0037/2025),Céline Imart
174321,2025-04-01,Macro-financial assistance to Egypt ***I (Amendment 19 to Article 2 Section 1),A10-0037/2025,International Trade. Rapporteur: Céline Imart (A10-0037/2025),Céline Imart
174322,2025-04-01,Macro-financial assistance to Egypt ***I (Amendment 19 to Article 2 Section 1),A10-0037/2025,International Trade. Rapporteur: Céline Imart (A10-0037/2025),Céline Imart
174323,2025-04-01,Macro-financial assistance to Egypt ***I (Amendment 46 to Article 2 Section 2),A10-0037/2025,International Trade. Rapporteur: Céline Imart (A10-0037/2025),Céline Imart
174324,2025-04-01,Macro-financial assistance to Egypt ***I (Amendment 47 to Article 3 Section 1),A10-0037/2025,International Trade. Rapporteur: Céline Imart (A10-0037/2025),Céline Imart
174325,2025-04-01,Macro-financial assistance to Egypt ***I (Amendment 48 to Article 3 Section 2),A10-0037/2025,International Trade. Rapporteur: Céline Imart (A10-0037/2025),Céline Imart
174326,2025-04-01,Macro-financial assistance to Egypt ***I (Amendment 32 to Article 3 Section 2),A10-0037/2025,International Trade. Rapporteur: Céline Imart (A10-0037/2025),Céline Imart
174327,2025-04-01,Macro-financial assistance to Egypt ***I (Amendment 35 to Article 3 Section 2),A10-0037/2025,International Trade. Rapporteur: Céline Imart (A10-0037/2025),Céline Imart
174328,2025-04-01,Macro-financial assistance to Egypt ***I (Amendment 36 to Article 4 Section 3),A10-0037/2025,International Trade. Rapporteur: Céline Imart (A10-0037/2025),Céline Imart
174329,2025-04-01,Macro-financial assistance to Egypt ***I (Amendment 37 to Article 4 Section 3),A10-0037/2025,International Trade. Rapporteur: Céline Imart (A10-0037/2025),Céline Imart
174330,2025-04-01,Macro-financial assistance to Egypt ***I (Amendment 49 to Article 4 Section 3),A10-0037/2025,International Trade. Rapporteur: Céline Imart (A10-0037/2025),Céline Imart
174331,2025-04-01,Macro-financial assistance to Egypt ***I (Amendment 39 to),A10-0037/2025,International Trade. Rapporteur: Céline Imart (A10-0037/2025),Céline Imart
174332,2025-04-01,Macro-financial assistance to Egypt ***I (Amendment 40 to),A10-0037/2025,International Trade. Rapporteur: Céline Imart (A10-0037/2025),Céline Imart
174333,2025-04-01,Macro-financial assistance to Egypt ***I (Amendment 38 to),A10-0037/2025,International Trade. Rapporteur: Céline Imart (A10-0037/2025),Céline Imart
174334,2025-04-01,Macro-financial assistance to Egypt ***I (Amendment 29 to),A10-0037/2025,International Trade. Rapporteur: Céline Imart (A10-0037/2025),Céline Imart
174335,2025-04-01,Macro-financial assistance to Egypt ***I (Amendment 41 to),A10-0037/2025,International Trade. Rapporteur: Céline Imart (A10-0037/2025),Céline Imart
174336,2025-04-01,Macro-financial assistance to Egypt ***I (Amendment 42 to),A10-0037/2025,International Trade. Rapporteur: Céline Imart (A10-0037/2025),Céline Imart
174337,2025-04-01,Macro-financial assistance to Egypt ***I (Amendment 33 to),A10-0037/2025,International Trade. Rapporteur: Céline Imart (A10-0037/2025),Céline Imart
174273,2025-04-01,Macro-financial assistance to Egypt ***I (Commission proposal),A10-0037/2025,International Trade. Rapporteur: Céline Imart (A10-0037/2025),Céline Imart
174055,2025-04-01,Customs duties on imports of certain products originating in the USA ***I (Amendment 1 to),A10-0034/2025,International Trade. Rapporteur: Bernd Lange (A10-0034/2025),Bernd Lange
174563,2025-04-02,Guidelines for the 2026 budget – Section III (Amendment 3 to Section 1),A10-0042/2025,Budgets. Rapporteur: Andrzej Halicki (A10-0042/2025),Andrzej Halicki
174564,2025-04-02,Guidelines for the 2026 budget – Section III (Amendment 4 to Section 1),A10-0042/2025,Budgets. Rapporteur: Andrzej Halicki (A10-0042/2025),Andrzej Halicki
174565,2025-04-02,Guidelines for the 2026 budget – Section III (Amendment 6 to Section 1),A10-0042/2025,Budgets. Rapporteur: Andrzej Halicki (A10-0042/2025),Andrzej Halicki
174566,2025-04-02,Guidelines for the 2026 budget – Section III (Amendment 34 to Section 1),A10-0042/2025,Budgets. Rapporteur: Andrzej Halicki (A10-0042/2025),Andrzej Halicki
174567,2025-04-02,Guidelines for the 2026 budget – Section III (Amendment 49 to Section 2),A10-0042/2025,Budgets. Rapporteur: Andrzej Halicki (A10-0042/2025),Andrzej Halicki
174568,2025-04-02,Guidelines for the 2026 budget – Section III (Amendment 35 to Section 3),A10-0042/2025,Budgets. Rapporteur: Andrzej Halicki (A10-0042/2025),Andrzej Halicki
174569,2025-04-02,Guidelines for the 2026 budget – Section III (Amendment 50 to Section 3),A10-0042/2025,Budgets. Rapporteur: Andrzej Halicki (A10-0042/2025),Andrzej Halicki
174573,2025-04-02,Guidelines for the 2026 budget – Section III (Amendment 7 to Section 4),A10-0042/2025,Budgets. Rapporteur: Andrzej Halicki (A10-0042/2025),Andrzej Halicki
174574,2025-04-02,Guidelines for the 2026 budget – Section III (Amendment 36 to Section 4),A10-0042/2025,Budgets. Rapporteur: Andrzej Halicki (A10-0042/2025),Andrzej Halicki
174575,2025-04-02,Guidelines for the 2026 budget – Section III (Amendment 51 to Section 4),A10-0042/2025,Budgets. Rapporteur: Andrzej Halicki (A10-0042/2025),Andrzej Halicki
174576,2025-04-02,Guidelines for the 2026 budget – Section III (Amendment 8 to Section 6),A10-0042/2025,Budgets. Rapporteur: Andrzej Halicki (A10-0042/2025),Andrzej Halicki
174577,2025-04-02,Guidelines for the 2026 budget – Section III (Amendment 9 to Section 6),A10-0042/2025,Budgets. Rapporteur: Andrzej Halicki (A10-0042/2025),Andrzej Halicki
174578,2025-04-02,Guidelines for the 2026 budget – Section III (Amendment 10 to Section 6),A10-0042/2025,Budgets. Rapporteur: Andrzej Halicki (A10-0042/2025),Andrzej Halicki
174579,2025-04-02,Guidelines for the 2026 budget – Section III (Amendment 11 to Section 7),A10-0042/2025,Budgets. Rapporteur: Andrzej Halicki (A10-0042/2025),Andrzej Halicki
174580,2025-04-02,Guidelines for the 2026 budget – Section III (Amendment 14 to Section 10),A10-0042/2025,Budgets. Rapporteur: Andrzej Halicki (A10-0042/2025),Andrzej Halicki
174581,2025-04-02,Guidelines for the 2026 budget – Section III (Amendment 37 to Section 11),A10-0042/2025,Budgets. Rapporteur: Andrzej Halicki (A10-0042/2025),Andrzej Halicki
174582,2025-04-02,Guidelines for the 2026 budget – Section III (Amendment 29 to Section 11),A10-0042/2025,Budgets. Rapporteur: Andrzej Halicki (A10-0042/2025),Andrzej Halicki
174583,2025-04-02,Guidelines for the 2026 budget – Section III (Amendment 15 to Section 11),A10-0042/2025,Budgets. Rapporteur: Andrzej Halicki (A10-0042/2025),Andrzej Halicki
174584,2025-04-02,Guidelines for the 2026 budget – Section III (Amendment 38 to Section 11),A10-0042/2025,Budgets. Rapporteur: Andrzej Halicki (A10-0042/2025),Andrzej Halicki
174585,2025-04-02,Guidelines for the 2026 budget – Section III (Amendment 52 to Section 11),A10-0042/2025,Budgets. Rapporteur: Andrzej Halicki (A10-0042/2025),Andrzej Halicki
174586,2025-04-02,Guidelines for the 2026 budget – Section III (Amendment 53 to Section 11),A10-0042/2025,Budgets. Rapporteur: Andrzej Halicki (A10-0042/2025),Andrzej Halicki
174587,2025-04-02,Guidelines for the 2026 budget – Section III (Amendment 54 to Section 11),A10-0042/2025,Budgets. Rapporteur: Andrzej Halicki (A10-0042/2025),Andrzej Halicki
174588,2025-04-02,Guidelines for the 2026 budget – Section III (Amendment 55 to Section 11),A10-0042/2025,Budgets. Rapporteur: Andrzej Halicki (A10-0042/2025),Andrzej Halicki
174589,2025-04-02,Guidelines for the 2026 budget – Section III (Amendment 56 to Section 11),A10-0042/2025,Budgets. Rapporteur: Andrzej Halicki (A10-0042/2025),Andrzej Halicki
174590,2025-04-02,Guidelines for the 2026 budget – Section III (Amendment 24 to Section 12),A10-0042/2025,Budgets. Rapporteur: Andrzej Halicki (A10-0042/2025),Andrzej Halicki
174591,2025-04-02,Guidelines for the 2026 budget – Section III (Amendment 30 to Section 12),A10-0042/2025,Budgets. Rapporteur: Andrzej Halicki (A10-0042/2025),Andrzej Halicki
174593,2025-04-02,Guidelines for the 2026 budget – Section III (Amendment 25 to Section 12),A10-0042/2025,Budgets. Rapporteur: Andrzej Halicki (A10-0042/2025),Andrzej Halicki
174598,2025-04-02,Guidelines for the 2026 budget – Section III (Amendment 57 to Section 12),A10-0042/2025,Budgets. Rapporteur: Andrzej Halicki (A10-0042/2025),Andrzej Halicki
174599,2025-04-02,Guidelines for the 2026 budget – Section III (Amendment 58 to Section 12),A10-0042/2025,Budgets. Rapporteur: Andrzej Halicki (A10-0042/2025),Andrzej Halicki
174600,2025-04-02,Guidelines for the 2026 budget – Section III (Amendment 39 to Section 13),A10-0042/2025,Budgets. Rapporteur: Andrzej Halicki (A10-0042/2025),Andrzej Halicki
174601,2025-04-02,Guidelines for the 2026 budget – Section III (Amendment 13 to Section 14),A10-0042/2025,Budgets. Rapporteur: Andrzej Halicki (A10-0042/2025),Andrzej Halicki
174602,2025-04-02,Guidelines for the 2026 budget – Section III (Amendment 16 to Section 14),A10-0042/2025,Budgets. Rapporteur: Andrzej Halicki (A10-0042/2025),Andrzej Halicki
174603,2025-04-02,Guidelines for the 2026 budget – Section III (Amendment 17 to Section 14),A10-0042/2025,Budgets. Rapporteur: Andrzej Halicki (A10-0042/2025),Andrzej Halicki
174604,2025-04-02,Guidelines for the 2026 budget – Section III (Amendment 40 to Section 15),A10-0042/2025,Budgets. Rapporteur: Andrzej Halicki (A10-0042/2025),Andrzej Halicki
174605,2025-04-02,Guidelines for the 2026 budget – Section III (Amendment 61 to Section 15),A10-0042/2025,Budgets. Rapporteur: Andrzej Halicki (A10-0042/2025),Andrzej Halicki
174801,2025-04-02,Guidelines for the 2026 budget – Section III (Amendment 26 to Section 16),A10-0042/2025,Budgets. Rapporteur: Andrzej Halicki (A10-0042/2025),Andrzej Halicki
174802,2025-04-02,Guidelines for the 2026 budget – Section III (Amendment 27 to Section 17),A10-0042/2025,Budgets. Rapporteur: Andrzej Halicki (A10-0042/2025),Andrzej Halicki
174606,2025-04-02,Guidelines for the 2026 budget – Section III (Amendment 81 to Section 17),A10-0042/2025,Budgets. Rapporteur: Andrzej Halicki (A10-0042/2025),Andrzej Halicki
174607,2025-04-02,Guidelines for the 2026 budget – Section III (Amendment 79 to Section 18),A10-0042/2025,Budgets. Rapporteur: Andrzej Halicki (A10-0042/2025),Andrzej Halicki
174612,2025-04-02,Guidelines for the 2026 budget – Section III (Amendment 41 to Section 18),A10-0042/2025,Budgets. Rapporteur: Andrzej Halicki (A10-0042/2025),Andrzej Halicki
174613,2025-04-02,Guidelines for the 2026 budget – Section III (Amendment 33 to Section 19),A10-0042/2025,Budgets. Rapporteur: Andrzej Halicki (A10-0042/2025),Andrzej Halicki
174614,2025-04-02,Guidelines for the 2026 budget – Section III (Amendment 62 to Section 19),A10-0042/2025,Budgets. Rapporteur: Andrzej Halicki (A10-0042/2025),Andrzej Halicki
174615,2025-04-02,Guidelines for the 2026 budget – Section III (Amendment 18 to Section 20),A10-0042/2025,Budgets. Rapporteur: Andrzej Halicki (A10-0042/2025),Andrzej Halicki
174616,2025-04-02,Guidelines for the 2026 budget – Section III (Amendment 19 to Section 21),A10-0042/2025,Budgets. Rapporteur: Andrzej Halicki (A10-0042/2025),Andrzej Halicki
174617,2025-04-02,Guidelines for the 2026 budget – Section III (Amendment 42 to Section 21),A10-0042/2025,Budgets. Rapporteur: Andrzej Halicki (A10-0042/2025),Andrzej Halicki
174618,2025-04-02,Guidelines for the 2026 budget – Section III (Amendment 63 to Section 21),A10-0042/2025,Budgets. Rapporteur: Andrzej Halicki (A10-0042/2025),Andrzej Halicki
174619,2025-04-02,Guidelines for the 2026 budget – Section III (Amendment 80 to Section 21),A10-0042/2025,Budgets. Rapporteur: Andrzej Halicki (A10-0042/2025),Andrzej Halicki
174620,2025-04-02,Guidelines for the 2026 budget – Section III (Amendment 64 to Section 22),A10-0042/2025,Budgets. Rapporteur: Andrzej Halicki (A10-0042/2025),Andrzej Halicki
174621,2025-04-02,Guidelines for the 2026 budget – Section III (Amendment 65 to Section 22),A10-0042/2025,Budgets. Rapporteur: Andrzej Halicki (A10-0042/2025),Andrzej Halicki
174622,2025-04-02,Guidelines for the 2026 budget – Section III (Amendment 82 to Section 22),A10-0042/2025,Budgets. Rapporteur: Andrzej Halicki (A10-0042/2025),Andrzej Halicki
174623,2025-04-02,Guidelines for the 2026 budget – Section III (Amendment 83 to Section 22),A10-0042/2025,Budgets. Rapporteur: Andrzej Halicki (A10-0042/2025),Andrzej Halicki
174624,2025-04-02,Guidelines for the 2026 budget – Section III (Amendment 86 to Section 22),A10-0042/2025,Budgets. Rapporteur: Andrzej Halicki (A10-0042/2025),Andrzej Halicki
174625,2025-04-02,Guidelines for the 2026 budget – Section III (Amendment 20 to Section 24),A10-0042/2025,Budgets. Rapporteur: Andrzej Halicki (A10-0042/2025),Andrzej Halicki
174626,2025-04-02,Guidelines for the 2026 budget – Section III (Amendment 66 to Section 24),A10-0042/2025,Budgets. Rapporteur: Andrzej Halicki (A10-0042/2025),Andrzej Halicki
174627,2025-04-02,Guidelines for the 2026 budget – Section III (Amendment 22 to Section 25),A10-0042/2025,Budgets. Rapporteur: Andrzej Halicki (A10-0042/2025),Andrzej Halicki
174628,2025-04-02,Guidelines for the 2026 budget – Section III (Amendment 90 to Section 25),A10-0042/2025,Budgets. Rapporteur: Andrzej Halicki (A10-0042/2025),Andrzej Halicki
174629,2025-04-02,Guidelines for the 2026 budget – Section III (Amendment 91 to Section 25),A10-0042/2025,Budgets. Rapporteur: Andrzej Halicki (A10-0042/2025),Andrzej Halicki
174630,2025-04-02,Guidelines for the 2026 budget – Section III (Amendment 92 to Section 25),A10-0042/2025,Budgets. Rapporteur: Andrzej Halicki (A10-0042/2025),Andrzej Halicki
174631,2025-04-02,Guidelines for the 2026 budget – Section III (Amendment 67 to Section 26),A10-0042/2025,Budgets. Rapporteur: Andrzej Halicki (A10-0042/2025),Andrzej Halicki
174632,2025-04-02,Guidelines for the 2026 budget – Section III (Amendment 68 to Section 26),A10-0042/2025,Budgets. Rapporteur: Andrzej Halicki (A10-0042/2025),Andrzej Halicki
174633,2025-04-02,Guidelines for the 2026 budget – Section III (Amendment 69 to Section 26),A10-0042/2025,Budgets. Rapporteur: Andrzej Halicki (A10-0042/2025),Andrzej Halicki
174634,2025-04-02,Guidelines for the 2026 budget – Section III (Amendment 70 to Section 26),A10-0042/2025,Budgets. Rapporteur: Andrzej Halicki (A10-0042/2025),Andrzej Halicki
174635,2025-04-02,Guidelines for the 2026 budget – Section III (Amendment 43 to Section 27),A10-0042/2025,Budgets. Rapporteur: Andrzej Halicki (A10-0042/2025),Andrzej Halicki
174636,2025-04-02,Guidelines for the 2026 budget – Section III (Amendment 44 to Section 28),A10-0042/2025,Budgets. Rapporteur: Andrzej Halicki (A10-0042/2025),Andrzej Halicki
174637,2025-04-02,Guidelines for the 2026 budget – Section III (Amendment 71 to Section 28),A10-0042/2025,Budgets. Rapporteur: Andrzej Halicki (A10-0042/2025),Andrzej Halicki
174638,2025-04-02,Guidelines for the 2026 budget – Section III (Amendment 72 to Section 28),A10-0042/2025,Budgets. Rapporteur: Andrzej Halicki (A10-0042/2025),Andrzej Halicki
174642,2025-04-02,Guidelines for the 2026 budget – Section III (to Section 31),A10-0042/2025,Budgets. Rapporteur: Andrzej Halicki (A10-0042/2025),Andrzej Halicki
174643,2025-04-02,Guidelines for the 2026 budget – Section III (Amendment 45 to Section 31),A10-0042/2025,Budgets. Rapporteur: Andrzej Halicki (A10-0042/2025),Andrzej Halicki
174644,2025-04-02,Guidelines for the 2026 budget – Section III (Amendment 46 to Section 32),A10-0042/2025,Budgets. Rapporteur: Andrzej Halicki (A10-0042/2025),Andrzej Halicki
174645,2025-04-02,Guidelines for the 2026 budget – Section III (Amendment 47 to Section 33),A10-0042/2025,Budgets. Rapporteur: Andrzej Halicki (A10-0042/2025),Andrzej Halicki
174647,2025-04-02,Guidelines for the 2026 budget – Section III (Amendment 73 to Section 34),A10-0042/2025,Budgets. Rapporteur: Andrzej Halicki (A10-0042/2025),Andrzej Halicki
174648,2025-04-02,Guidelines for the 2026 budget – Section III (Amendment 74 to Section 36),A10-0042/2025,Budgets. Rapporteur: Andrzej Halicki (A10-0042/2025),Andrzej Halicki
174803,2025-04-02,Guidelines for the 2026 budget – Section III (Amendment 28 to Section 39),A10-0042/2025,Budgets. Rapporteur: Andrzej Halicki (A10-0042/2025),Andrzej Halicki
174649,2025-04-02,Guidelines for the 2026 budget – Section III (Amendment 75 to Section 41),A10-0042/2025,Budgets. Rapporteur: Andrzej Halicki (A10-0042/2025),Andrzej Halicki
174650,2025-04-02,Guidelines for the 2026 budget – Section III (Amendment 76 to Section 42),A10-0042/2025,Budgets. Rapporteur: Andrzej Halicki (A10-0042/2025),Andrzej Halicki
173801,2025-04-02,Guidelines for the 2026 budget – Section III (to),A10-0042/2025,Budgets. Rapporteur: Andrzej Halicki (A10-0042/2025),Andrzej Halicki
173688,2025-04-02,Agreements on Financial Mechanisms for the period May 2021 - April 2028 (EEA: EU-Iceland-Liechtenstein-Norway; Norwegian: EU-Norway); Additional Protocols to EEC-Norway Agreement and to EEC-Iceland Agreement *** (to),A10-0036/2025,International Trade. Rapporteur: Željana Zovko (A10-0036/2025),Željana Zovko
173687,2025-04-02,Protocol on the Implementation of the Fisheries Partnership Agreement between the European Community and the Republic of Guinea-Bissau (2024-2029) *** (to),A10-0028/2025,Fisheries. Rapporteur: Eric Sargiacomo (A10-0028/2025),Eric Sargiacomo
174296,2025-04-02,Protocol on the Implementation of the Fisheries Partnership Agreement between the European Community and the Republic of Guinea-Bissau (2024-2029) (Resolution) (Amendment 2 to Section 10),A10-0040/2025,Fisheries. Rapporteur: Eric Sargiacomo (A10-0040/2025),Eric Sargiacomo
173903,2025-04-02,Protocol on the Implementation of the Fisheries Partnership Agreement between the European Community and the Republic of Guinea-Bissau (2024-2029) (Resolution) (to),A10-0040/2025,Fisheries. Rapporteur: Eric Sargiacomo (A10-0040/2025),Eric Sargiacomo
173686,2025-04-02,EU-Bosnia and Herzegovina Agreement: cooperation between Eurojust and the authorities of Bosnia and Herzegovina competent for judicial cooperation in criminal matters *** (to),A10-0027/2025,"Civil Liberties, Justice and Home Affairs. Rapporteur: Jaroslav Bžoch (A10-0027/2025)",Jaroslav Bžoch
174290,2025-04-02,Strengthening the security of identity cards of Union citizens and of residence documents issued to Union citizens and their family members exercising their right of free movement * (Amendment 8 to),A10-0041/2025,"Civil Liberties, Justice and Home Affairs. Rapporteur: Malik Azmani (A10-0041/2025)",Malik Azmani
174291,2025-04-02,Strengthening the security of identity cards of Union citizens and of residence documents issued to Union citizens and their family members exercising their right of free movement * (Amendment 26 to Article 3 Section 2),A10-0041/2025,"Civil Liberties, Justice and Home Affairs. Rapporteur: Malik Azmani (A10-0041/2025)",Malik Azmani
174292,2025-04-02,Strengthening the security of identity cards of Union citizens and of residence documents issued to Union citizens and their family members exercising their right of free movement * (Amendment 27 to Article 6 Section 1),A10-0041/2025,"Civil Liberties, Justice and Home Affairs. Rapporteur: Malik Azmani (A10-0041/2025)",Malik Azmani
174293,2025-04-02,Strengthening the security of identity cards of Union citizens and of residence documents issued to Union citizens and their family members exercising their right of free movement * (Amendment 28 to),A10-0041/2025,"Civil Liberties, Justice and Home Affairs. Rapporteur: Malik Azmani (A10-0041/2025)",Malik Azmani
174294,2025-04-02,Strengthening the security of identity cards of Union citizens and of residence documents issued to Union citizens and their family members exercising their right of free movement * (Amendment 29 to),A10-0041/2025,"Civil Liberties, Justice and Home Affairs. Rapporteur: Malik Azmani (A10-0041/2025)",Malik Azmani
174295,2025-04-02,Strengthening the security of identity cards of Union citizens and of residence documents issued to Union citizens and their family members exercising their right of free movement * (Amendment 24 to),A10-0041/2025,"Civil Liberties, Justice and Home Affairs. Rapporteur: Malik Azmani (A10-0041/2025)",Malik Azmani
173708,2025-04-02,Strengthening the security of identity cards of Union citizens and of residence documents issued to Union citizens and their family members exercising their right of free movement * (Commission proposal),A10-0041/2025,"Civil Liberties, Justice and Home Affairs. Rapporteur: Malik Azmani (A10-0041/2025)",Malik Azmani
174339,2025-04-02,Implementation of the common foreign and security policy – annual report 2024 (Amendment 14 to Section 1),A10-0010/2025,Foreign Affairs. Rapporteur: David McAllister (A10-0010/2025),David McAllister
174342,2025-04-02,Implementation of the common foreign and security policy – annual report 2024 (Amendment 27 to Section 4),A10-0010/2025,Foreign Affairs. Rapporteur: David McAllister (A10-0010/2025),David McAllister
174343,2025-04-02,Implementation of the common foreign and security policy – annual report 2024 (Amendment 145 to Section 4),A10-0010/2025,Foreign Affairs. Rapporteur: David McAllister (A10-0010/2025),David McAllister
174346,2025-04-02,Implementation of the common foreign and security policy – annual report 2024 (to Section 4),A10-0010/2025,Foreign Affairs. Rapporteur: David McAllister (A10-0010/2025),David McAllister
174347,2025-04-02,Implementation of the common foreign and security policy – annual report 2024 (to Section 4),A10-0010/2025,Foreign Affairs. Rapporteur: David McAllister (A10-0010/2025),David McAllister
174351,2025-04-02,Implementation of the common foreign and security policy – annual report 2024 (Amendment 147 to Section 4),A10-0010/2025,Foreign Affairs. Rapporteur: David McAllister (A10-0010/2025),David McAllister
174355,2025-04-02,Implementation of the common foreign and security policy – annual report 2024 (Amendment 149 to Section 4),A10-0010/2025,Foreign Affairs. Rapporteur: David McAllister (A10-0010/2025),David McAllister
174356,2025-04-02,Implementation of the common foreign and security policy – annual report 2024 (to Section 4),A10-0010/2025,Foreign Affairs. Rapporteur: David McAllister (A10-0010/2025),David McAllister
174363,2025-04-02,Implementation of the common foreign and security policy – annual report 2024 (Amendment 30 to Section 8),A10-0010/2025,Foreign Affairs. Rapporteur: David McAllister (A10-0010/2025),David McAllister
174364,2025-04-02,Implementation of the common foreign and security policy – annual report 2024 (Amendment 30 to Section 8),A10-0010/2025,Foreign Affairs. Rapporteur: David McAllister (A10-0010/2025),David McAllister
174369,2025-04-02,Implementation of the common foreign and security policy – annual report 2024 (Amendment 31 to Section 9),A10-0010/2025,Foreign Affairs. Rapporteur: David McAllister (A10-0010/2025),David McAllister
174370,2025-04-02,Implementation of the common foreign and security policy – annual report 2024 (Amendment 32 to Section 9),A10-0010/2025,Foreign Affairs. Rapporteur: David McAllister (A10-0010/2025),David McAllister
174371,2025-04-02,Implementation of the common foreign and security policy – annual report 2024 (Amendment 34 to Section 9),A10-0010/2025,Foreign Affairs. Rapporteur: David McAllister (A10-0010/2025),David McAllister
174372,2025-04-02,Implementation of the common foreign and security policy – annual report 2024 (Amendment 35 to Section 9),A10-0010/2025,Foreign Affairs. Rapporteur: David McAllister (A10-0010/2025),David McAllister
174373,2025-04-02,Implementation of the common foreign and security policy – annual report 2024 (Amendment 18 to Section 28),A10-0010/2025,Foreign Affairs. Rapporteur: David McAllister (A10-0010/2025),David McAllister
174374,2025-04-02,Implementation of the common foreign and security policy – annual report 2024 (Amendment 154 to Section 28),A10-0010/2025,Foreign Affairs. Rapporteur: David McAllister (A10-0010/2025),David McAllister
174829,2025-04-02,Implementation of the common foreign and security policy – annual report 2024 (to Section 28),A10-0010/2025,Foreign Affairs. Rapporteur: David McAllister (A10-0010/2025),David McAllister
174378,2025-04-02,Implementation of the common foreign and security policy – annual report 2024 (to Section 28),A10-0010/2025,Foreign Affairs. Rapporteur: David McAllister (A10-0010/2025),David McAllister
174379,2025-04-02,Implementation of the common foreign and security policy – annual report 2024 (to Section 28),A10-0010/2025,Foreign Affairs. Rapporteur: David McAllister (A10-0010/2025),David McAllister
174381,2025-04-02,Implementation of the common foreign and security policy – annual report 2024 (Amendment 36 to Section 28),A10-0010/2025,Foreign Affairs. Rapporteur: David McAllister (A10-0010/2025),David McAllister
174383,2025-04-02,Implementation of the common foreign and security policy – annual report 2024 (Amendment 106 to Section 28),A10-0010/2025,Foreign Affairs. Rapporteur: David McAllister (A10-0010/2025),David McAllister
174384,2025-04-02,Implementation of the common foreign and security policy – annual report 2024 (Amendment 106 to Section 28),A10-0010/2025,Foreign Affairs. Rapporteur: David McAllister (A10-0010/2025),David McAllister
174388,2025-04-02,Implementation of the common foreign and security policy – annual report 2024 (Amendment 37 to Section 29),A10-0010/2025,Foreign Affairs. Rapporteur: David McAllister (A10-0010/2025),David McAllister
174389,2025-04-02,Implementation of the common foreign and security policy – annual report 2024 (Amendment 38 to Section 29),A10-0010/2025,Foreign Affairs. Rapporteur: David McAllister (A10-0010/2025),David McAllister
174390,2025-04-02,Implementation of the common foreign and security policy – annual report 2024 (Amendment 39 to Section 29),A10-0010/2025,Foreign Affairs. Rapporteur: David McAllister (A10-0010/2025),David McAllister
174394,2025-04-02,Implementation of the common foreign and security policy – annual report 2024 (Amendment 19 to Section 30),A10-0010/2025,Foreign Affairs. Rapporteur: David McAllister (A10-0010/2025),David McAllister
174396,2025-04-02,Implementation of the common foreign and security policy – annual report 2024 (to Section 30),A10-0010/2025,Foreign Affairs. Rapporteur: David McAllister (A10-0010/2025),David McAllister
174397,2025-04-02,Implementation of the common foreign and security policy – annual report 2024 (to Section 30),A10-0010/2025,Foreign Affairs. Rapporteur: David McAllister (A10-0010/2025),David McAllister
174398,2025-04-02,Implementation of the common foreign and security policy – annual report 2024 (to Section 30),A10-0010/2025,Foreign Affairs. Rapporteur: David McAllister (A10-0010/2025),David McAllister
174399,2025-04-02,Implementation of the common foreign and security policy – annual report 2024 (to Section 30),A10-0010/2025,Foreign Affairs. Rapporteur: David McAllister (A10-0010/2025),David McAllister
174400,2025-04-02,Implementation of the common foreign and security policy – annual report 2024 (to Section 30),A10-0010/2025,Foreign Affairs. Rapporteur: David McAllister (A10-0010/2025),David McAllister
174401,2025-04-02,Implementation of the common foreign and security policy – annual report 2024 (to Section 30),A10-0010/2025,Foreign Affairs. Rapporteur: David McAllister (A10-0010/2025),David McAllister
174406,2025-04-02,Implementation of the common foreign and security policy – annual report 2024 (Amendment 45 to Section 35),A10-0010/2025,Foreign Affairs. Rapporteur: David McAllister (A10-0010/2025),David McAllister
174407,2025-04-02,Implementation of the common foreign and security policy – annual report 2024 (Amendment 45 to Section 35),A10-0010/2025,Foreign Affairs. Rapporteur: David McAllister (A10-0010/2025),David McAllister
174409,2025-04-02,Implementation of the common foreign and security policy – annual report 2024 (Amendment 46 to Section 37),A10-0010/2025,Foreign Affairs. Rapporteur: David McAllister (A10-0010/2025),David McAllister
174413,2025-04-02,Implementation of the common foreign and security policy – annual report 2024 (Amendment 159 to Section 41),A10-0010/2025,Foreign Affairs. Rapporteur: David McAllister (A10-0010/2025),David McAllister
174414,2025-04-02,Implementation of the common foreign and security policy – annual report 2024 (Amendment 48 to Section 41),A10-0010/2025,Foreign Affairs. Rapporteur: David McAllister (A10-0010/2025),David McAllister
174415,2025-04-02,Implementation of the common foreign and security policy – annual report 2024 (Amendment 15 to Section 43),A10-0010/2025,Foreign Affairs. Rapporteur: David McAllister (A10-0010/2025),David McAllister
174417,2025-04-02,Implementation of the common foreign and security policy – annual report 2024 (Amendment 49 to Section 44),A10-0010/2025,Foreign Affairs. Rapporteur: David McAllister (A10-0010/2025),David McAllister
174420,2025-04-02,Implementation of the common foreign and security policy – annual report 2024 (to Section 44),A10-0010/2025,Foreign Affairs. Rapporteur: David McAllister (A10-0010/2025),David McAllister
174421,2025-04-02,Implementation of the common foreign and security policy – annual report 2024 (Amendment 16 to Section 45),A10-0010/2025,Foreign Affairs. Rapporteur: David McAllister (A10-0010/2025),David McAllister
174423,2025-04-02,Implementation of the common foreign and security policy – annual report 2024 (to Section 45),A10-0010/2025,Foreign Affairs. Rapporteur: David McAllister (A10-0010/2025),David McAllister
174424,2025-04-02,Implementation of the common foreign and security policy – annual report 2024 (to Section 45),A10-0010/2025,Foreign Affairs. Rapporteur: David McAllister (A10-0010/2025),David McAllister
174425,2025-04-02,Implementation of the common foreign and security policy – annual report 2024 (to Section 45),A10-0010/2025,Foreign Affairs. Rapporteur: David McAllister (A10-0010/2025),David McAllister
174426,2025-04-02,Implementation of the common foreign and security policy – annual report 2024 (to Section 45),A10-0010/2025,Foreign Affairs. Rapporteur: David McAllister (A10-0010/2025),David McAllister
174427,2025-04-02,Implementation of the common foreign and security policy – annual report 2024 (to Section 45),A10-0010/2025,Foreign Affairs. Rapporteur: David McAllister (A10-0010/2025),David McAllister
174430,2025-04-02,Implementation of the common foreign and security policy – annual report 2024 (to Section 48),A10-0010/2025,Foreign Affairs. Rapporteur: David McAllister (A10-0010/2025),David McAllister
174431,2025-04-02,Implementation of the common foreign and security policy – annual report 2024 (Amendment 50 to Section 50),A10-0010/2025,Foreign Affairs. Rapporteur: David McAllister (A10-0010/2025),David McAllister
174438,2025-04-02,Implementation of the common foreign and security policy – annual report 2024 (Amendment 17 to Section 51),A10-0010/2025,Foreign Affairs. Rapporteur: David McAllister (A10-0010/2025),David McAllister
174439,2025-04-02,Implementation of the common foreign and security policy – annual report 2024 (Amendment 51 to Section 51),A10-0010/2025,Foreign Affairs. Rapporteur: David McAllister (A10-0010/2025),David McAllister
174442,2025-04-02,Implementation of the common foreign and security policy – annual report 2024 (to Section 70),A10-0010/2025,Foreign Affairs. Rapporteur: David McAllister (A10-0010/2025),David McAllister
174443,2025-04-02,Implementation of the common foreign and security policy – annual report 2024 (Amendment 52 to Section 70),A10-0010/2025,Foreign Affairs. Rapporteur: David McAllister (A10-0010/2025),David McAllister
174444,2025-04-02,Implementation of the common foreign and security policy – annual report 2024 (Amendment 164 to Section 74),A10-0010/2025,Foreign Affairs. Rapporteur: David McAllister (A10-0010/2025),David McAllister
174446,2025-04-02,Implementation of the common foreign and security policy – annual report 2024 (Amendment 53 to Section 76),A10-0010/2025,Foreign Affairs. Rapporteur: David McAllister (A10-0010/2025),David McAllister
174447,2025-04-02,Implementation of the common foreign and security policy – annual report 2024 (Amendment 64 to Section 76),A10-0010/2025,Foreign Affairs. Rapporteur: David McAllister (A10-0010/2025),David McAllister
174448,2025-04-02,Implementation of the common foreign and security policy – annual report 2024 (Amendment 1 to Section 76),A10-0010/2025,Foreign Affairs. Rapporteur: David McAllister (A10-0010/2025),David McAllister
174451,2025-04-02,Implementation of the common foreign and security policy – annual report 2024 (Amendment 54 to Section 76),A10-0010/2025,Foreign Affairs. Rapporteur: David McAllister (A10-0010/2025),David McAllister
174452,2025-04-02,Implementation of the common foreign and security policy – annual report 2024 (Amendment 55 to Section 76),A10-0010/2025,Foreign Affairs. Rapporteur: David McAllister (A10-0010/2025),David McAllister
174454,2025-04-02,Implementation of the common foreign and security policy – annual report 2024 (Amendment 65 to Section 81),A10-0010/2025,Foreign Affairs. Rapporteur: David McAllister (A10-0010/2025),David McAllister
174455,2025-04-02,Implementation of the common foreign and security policy – annual report 2024 (Amendment 7 to Section 87),A10-0010/2025,Foreign Affairs. Rapporteur: David McAllister (A10-0010/2025),David McAllister
174460,2025-04-02,Implementation of the common foreign and security policy – annual report 2024 (Amendment 9 to Section 97),A10-0010/2025,Foreign Affairs. Rapporteur: David McAllister (A10-0010/2025),David McAllister
174468,2025-04-02,Implementation of the common foreign and security policy – annual report 2024 (Amendment 21 to),A10-0010/2025,Foreign Affairs. Rapporteur: David McAllister (A10-0010/2025),David McAllister
174469,2025-04-02,Implementation of the common foreign and security policy – annual report 2024 (Amendment 24 to),A10-0010/2025,Foreign Affairs. Rapporteur: David McAllister (A10-0010/2025),David McAllister
174470,2025-04-02,Implementation of the common foreign and security policy – annual report 2024 (Amendment 12 to),A10-0010/2025,Foreign Affairs. Rapporteur: David McAllister (A10-0010/2025),David McAllister
174471,2025-04-02,Implementation of the common foreign and security policy – annual report 2024 (Amendment 13 to),A10-0010/2025,Foreign Affairs. Rapporteur: David McAllister (A10-0010/2025),David McAllister
174472,2025-04-02,Implementation of the common foreign and security policy – annual report 2024 (Amendment 26 to),A10-0010/2025,Foreign Affairs. Rapporteur: David McAllister (A10-0010/2025),David McAllister
174473,2025-04-02,Implementation of the common foreign and security policy – annual report 2024 (to),A10-0010/2025,Foreign Affairs. Rapporteur: David McAllister (A10-0010/2025),David McAllister
174220,2025-04-02,Implementation of the common foreign and security policy – annual report 2024 (to),A10-0010/2025,Foreign Affairs. Rapporteur: David McAllister (A10-0010/2025),David McAllister
174697,2025-04-02,Implementation of the common security and defence policy – annual report 2024 (Amendment 65 to Section 1),A10-0011/2025,Foreign Affairs. Rapporteur: Nicolás Pascual de la Parte (A10-0011/2025),Nicolás Pascual de la Parte
174698,2025-04-02,Implementation of the common security and defence policy – annual report 2024 (Amendment 65 to Section 1),A10-0011/2025,Foreign Affairs. Rapporteur: Nicolás Pascual de la Parte (A10-0011/2025),Nicolás Pascual de la Parte
174699,2025-04-02,Implementation of the common security and defence policy – annual report 2024 (Amendment 66 to Section 1),A10-0011/2025,Foreign Affairs. Rapporteur: Nicolás Pascual de la Parte (A10-0011/2025),Nicolás Pascual de la Parte
174700,2025-04-02,Implementation of the common security and defence policy – annual report 2024 (Amendment 68 to Section 1),A10-0011/2025,Foreign Affairs. Rapporteur: Nicolás Pascual de la Parte (A10-0011/2025),Nicolás Pascual de la Parte
174701,2025-04-02,Implementation of the common security and defence policy – annual report 2024 (Amendment 69 to Section 2),A10-0011/2025,Foreign Affairs. Rapporteur: Nicolás Pascual de la Parte (A10-0011/2025),Nicolás Pascual de la Parte
174702,2025-04-02,Implementation of the common security and defence policy – annual report 2024 (Amendment 70 to Section 4),A10-0011/2025,Foreign Affairs. Rapporteur: Nicolás Pascual de la Parte (A10-0011/2025),Nicolás Pascual de la Parte
174706,2025-04-02,Implementation of the common security and defence policy – annual report 2024 (Amendment 73 to Section 7),A10-0011/2025,Foreign Affairs. Rapporteur: Nicolás Pascual de la Parte (A10-0011/2025),Nicolás Pascual de la Parte
174707,2025-04-02,Implementation of the common security and defence policy – annual report 2024 (Amendment 125 to Section 9),A10-0011/2025,Foreign Affairs. Rapporteur: Nicolás Pascual de la Parte (A10-0011/2025),Nicolás Pascual de la Parte
174708,2025-04-02,Implementation of the common security and defence policy – annual report 2024 (Amendment 21 to Section 9),A10-0011/2025,Foreign Affairs. Rapporteur: Nicolás Pascual de la Parte (A10-0011/2025),Nicolás Pascual de la Parte
174709,2025-04-02,Implementation of the common security and defence policy – annual report 2024 (Amendment 1 to Section 10),A10-0011/2025,Foreign Affairs. Rapporteur: Nicolás Pascual de la Parte (A10-0011/2025),Nicolás Pascual de la Parte
174711,2025-04-02,Implementation of the common security and defence policy – annual report 2024 (Amendment 74 to Section 10),A10-0011/2025,Foreign Affairs. Rapporteur: Nicolás Pascual de la Parte (A10-0011/2025),Nicolás Pascual de la Parte
174712,2025-04-02,Implementation of the common security and defence policy – annual report 2024 (Amendment 74 to Section 10),A10-0011/2025,Foreign Affairs. Rapporteur: Nicolás Pascual de la Parte (A10-0011/2025),Nicolás Pascual de la Parte
174714,2025-04-02,Implementation of the common security and defence policy – annual report 2024 (Amendment 77 to Section 11),A10-0011/2025,Foreign Affairs. Rapporteur: Nicolás Pascual de la Parte (A10-0011/2025),Nicolás Pascual de la Parte
174715,2025-04-02,Implementation of the common security and defence policy – annual report 2024 (Amendment 79 to Section 13),A10-0011/2025,Foreign Affairs. Rapporteur: Nicolás Pascual de la Parte (A10-0011/2025),Nicolás Pascual de la Parte
174721,2025-04-02,Implementation of the common security and defence policy – annual report 2024 (Amendment 30 to Section 17),A10-0011/2025,Foreign Affairs. Rapporteur: Nicolás Pascual de la Parte (A10-0011/2025),Nicolás Pascual de la Parte
174722,2025-04-02,Implementation of the common security and defence policy – annual report 2024 (Amendment 30 to Section 17),A10-0011/2025,Foreign Affairs. Rapporteur: Nicolás Pascual de la Parte (A10-0011/2025),Nicolás Pascual de la Parte
174723,2025-04-02,Implementation of the common security and defence policy – annual report 2024 (Amendment 137 to Section 18),A10-0011/2025,Foreign Affairs. Rapporteur: Nicolás Pascual de la Parte (A10-0011/2025),Nicolás Pascual de la Parte
174725,2025-04-02,Implementation of the common security and defence policy – annual report 2024 (Amendment 2 to Section 24),A10-0011/2025,Foreign Affairs. Rapporteur: Nicolás Pascual de la Parte (A10-0011/2025),Nicolás Pascual de la Parte
174726,2025-04-02,Implementation of the common security and defence policy – annual report 2024 (Amendment 84 to Section 24),A10-0011/2025,Foreign Affairs. Rapporteur: Nicolás Pascual de la Parte (A10-0011/2025),Nicolás Pascual de la Parte
174727,2025-04-02,Implementation of the common security and defence policy – annual report 2024 (Amendment 119 to Section 24),A10-0011/2025,Foreign Affairs. Rapporteur: Nicolás Pascual de la Parte (A10-0011/2025),Nicolás Pascual de la Parte
174732,2025-04-02,Implementation of the common security and defence policy – annual report 2024 (Amendment 130 to Section 31),A10-0011/2025,Foreign Affairs. Rapporteur: Nicolás Pascual de la Parte (A10-0011/2025),Nicolás Pascual de la Parte
174733,2025-04-02,Implementation of the common security and defence policy – annual report 2024 (Amendment 131 to Section 33),A10-0011/2025,Foreign Affairs. Rapporteur: Nicolás Pascual de la Parte (A10-0011/2025),Nicolás Pascual de la Parte
174734,2025-04-02,Implementation of the common security and defence policy – annual report 2024 (Amendment 132 to Section 44),A10-0011/2025,Foreign Affairs. Rapporteur: Nicolás Pascual de la Parte (A10-0011/2025),Nicolás Pascual de la Parte
174736,2025-04-02,Implementation of the common security and defence policy – annual report 2024 (Amendment 85 to Section 49),A10-0011/2025,Foreign Affairs. Rapporteur: Nicolás Pascual de la Parte (A10-0011/2025),Nicolás Pascual de la Parte
174737,2025-04-02,Implementation of the common security and defence policy – annual report 2024 (Amendment 140 to Section 49),A10-0011/2025,Foreign Affairs. Rapporteur: Nicolás Pascual de la Parte (A10-0011/2025),Nicolás Pascual de la Parte
174738,2025-04-02,Implementation of the common security and defence policy – annual report 2024 (Amendment 133 to Section 49),A10-0011/2025,Foreign Affairs. Rapporteur: Nicolás Pascual de la Parte (A10-0011/2025),Nicolás Pascual de la Parte
174740,2025-04-02,Implementation of the common security and defence policy – annual report 2024 (to Section 49),A10-0011/2025,Foreign Affairs. Rapporteur: Nicolás Pascual de la Parte (A10-0011/2025),Nicolás Pascual de la Parte
174741,2025-04-02,Implementation of the common security and defence policy – annual report 2024 (to Section 49),A10-0011/2025,Foreign Affairs. Rapporteur: Nicolás Pascual de la Parte (A10-0011/2025),Nicolás Pascual de la Parte
174742,2025-04-02,Implementation of the common security and defence policy – annual report 2024 (to Section 49),A10-0011/2025,Foreign Affairs. Rapporteur: Nicolás Pascual de la Parte (A10-0011/2025),Nicolás Pascual de la Parte
174743,2025-04-02,Implementation of the common security and defence policy – annual report 2024 (to Section 49),A10-0011/2025,Foreign Affairs. Rapporteur: Nicolás Pascual de la Parte (A10-0011/2025),Nicolás Pascual de la Parte
174747,2025-04-02,Implementation of the common security and defence policy – annual report 2024 (Amendment 141 to Section 56),A10-0011/2025,Foreign Affairs. Rapporteur: Nicolás Pascual de la Parte (A10-0011/2025),Nicolás Pascual de la Parte
174750,2025-04-02,Implementation of the common security and defence policy – annual report 2024 (to Section 56),A10-0011/2025,Foreign Affairs. Rapporteur: Nicolás Pascual de la Parte (A10-0011/2025),Nicolás Pascual de la Parte
174751,2025-04-02,Implementation of the common security and defence policy – annual report 2024 (Amendment 101 to Section 57),A10-0011/2025,Foreign Affairs. Rapporteur: Nicolás Pascual de la Parte (A10-0011/2025),Nicolás Pascual de la Parte
174752,2025-04-02,Implementation of the common security and defence policy – annual report 2024 (Amendment 121 to Section 57),A10-0011/2025,Foreign Affairs. Rapporteur: Nicolás Pascual de la Parte (A10-0011/2025),Nicolás Pascual de la Parte
174753,2025-04-02,Implementation of the common security and defence policy – annual report 2024 (Amendment 86 to Section 68),A10-0011/2025,Foreign Affairs. Rapporteur: Nicolás Pascual de la Parte (A10-0011/2025),Nicolás Pascual de la Parte
174754,2025-04-02,Implementation of the common security and defence policy – annual report 2024 (Amendment 88 to Section 69),A10-0011/2025,Foreign Affairs. Rapporteur: Nicolás Pascual de la Parte (A10-0011/2025),Nicolás Pascual de la Parte
174767,2025-04-02,Implementation of the common security and defence policy – annual report 2024 (to Section 92),A10-0011/2025,Foreign Affairs. Rapporteur: Nicolás Pascual de la Parte (A10-0011/2025),Nicolás Pascual de la Parte
174769,2025-04-02,Implementation of the common security and defence policy – annual report 2024 (Amendment 122 to Section 118),A10-0011/2025,Foreign Affairs. Rapporteur: Nicolás Pascual de la Parte (A10-0011/2025),Nicolás Pascual de la Parte
174770,2025-04-02,Implementation of the common security and defence policy – annual report 2024 (Amendment 122 to Section 118),A10-0011/2025,Foreign Affairs. Rapporteur: Nicolás Pascual de la Parte (A10-0011/2025),Nicolás Pascual de la Parte
174774,2025-04-02,Implementation of the common security and defence policy – annual report 2024 (Amendment 145 to Section 124),A10-0011/2025,Foreign Affairs. Rapporteur: Nicolás Pascual de la Parte (A10-0011/2025),Nicolás Pascual de la Parte
174775,2025-04-02,Implementation of the common security and defence policy – annual report 2024 (Amendment 146 to Section 125),A10-0011/2025,Foreign Affairs. Rapporteur: Nicolás Pascual de la Parte (A10-0011/2025),Nicolás Pascual de la Parte
174776,2025-04-02,Implementation of the common security and defence policy – annual report 2024 (Amendment 147 to Section 135),A10-0011/2025,Foreign Affairs. Rapporteur: Nicolás Pascual de la Parte (A10-0011/2025),Nicolás Pascual de la Parte
174783,2025-04-02,Implementation of the common security and defence policy – annual report 2024 (Amendment 148 to Section 143),A10-0011/2025,Foreign Affairs. Rapporteur: Nicolás Pascual de la Parte (A10-0011/2025),Nicolás Pascual de la Parte
174784,2025-04-02,Implementation of the common security and defence policy – annual report 2024 (Amendment 96 to Section 145),A10-0011/2025,Foreign Affairs. Rapporteur: Nicolás Pascual de la Parte (A10-0011/2025),Nicolás Pascual de la Parte
174785,2025-04-02,Implementation of the common security and defence policy – annual report 2024 (Amendment 149 to Section 151),A10-0011/2025,Foreign Affairs. Rapporteur: Nicolás Pascual de la Parte (A10-0011/2025),Nicolás Pascual de la Parte
174786,2025-04-02,Implementation of the common security and defence policy – annual report 2024 (Amendment 61 to),A10-0011/2025,Foreign Affairs. Rapporteur: Nicolás Pascual de la Parte (A10-0011/2025),Nicolás Pascual de la Parte
174053,2025-04-02,Implementation of the common security and defence policy – annual report 2024 (to),A10-0011/2025,Foreign Affairs. Rapporteur: Nicolás Pascual de la Parte (A10-0011/2025),Nicolás Pascual de la Parte
174478,2025-04-02,Human rights and democracy in the world and the European Union’s policy on the matter – annual report 2024 (Amendment 7 to Section 1),A10-0012/2025,Foreign Affairs. Rapporteur: Isabel Wiseler-Lima (A10-0012/2025),Isabel Wiseler-Lima
174479,2025-04-02,Human rights and democracy in the world and the European Union’s policy on the matter – annual report 2024 (Amendment 51 to Section 3),A10-0012/2025,Foreign Affairs. Rapporteur: Isabel Wiseler-Lima (A10-0012/2025),Isabel Wiseler-Lima
174480,2025-04-02,Human rights and democracy in the world and the European Union’s policy on the matter – annual report 2024 (Amendment 33 to Section 4),A10-0012/2025,Foreign Affairs. Rapporteur: Isabel Wiseler-Lima (A10-0012/2025),Isabel Wiseler-Lima
174481,2025-04-02,Human rights and democracy in the world and the European Union’s policy on the matter – annual report 2024 (Amendment 34 to Section 4),A10-0012/2025,Foreign Affairs. Rapporteur: Isabel Wiseler-Lima (A10-0012/2025),Isabel Wiseler-Lima
174485,2025-04-02,Human rights and democracy in the world and the European Union’s policy on the matter – annual report 2024 (Amendment 52 to Section 5),A10-0012/2025,Foreign Affairs. Rapporteur: Isabel Wiseler-Lima (A10-0012/2025),Isabel Wiseler-Lima
174486,2025-04-02,Human rights and democracy in the world and the European Union’s policy on the matter – annual report 2024 (Amendment 73 to Section 8),A10-0012/2025,Foreign Affairs. Rapporteur: Isabel Wiseler-Lima (A10-0012/2025),Isabel Wiseler-Lima
174487,2025-04-02,Human rights and democracy in the world and the European Union’s policy on the matter – annual report 2024 (Amendment 74 to Section 10),A10-0012/2025,Foreign Affairs. Rapporteur: Isabel Wiseler-Lima (A10-0012/2025),Isabel Wiseler-Lima
174488,2025-04-02,Human rights and democracy in the world and the European Union’s policy on the matter – annual report 2024 (Amendment 36 to Section 12),A10-0012/2025,Foreign Affairs. Rapporteur: Isabel Wiseler-Lima (A10-0012/2025),Isabel Wiseler-Lima
174491,2025-04-02,Human rights and democracy in the world and the European Union’s policy on the matter – annual report 2024 (to Section 14),A10-0012/2025,Foreign Affairs. Rapporteur: Isabel Wiseler-Lima (A10-0012/2025),Isabel Wiseler-Lima
174492,2025-04-02,Human rights and democracy in the world and the European Union’s policy on the matter – annual report 2024 (to Section 14),A10-0012/2025,Foreign Affairs. Rapporteur: Isabel Wiseler-Lima (A10-0012/2025),Isabel Wiseler-Lima
174498,2025-04-02,Human rights and democracy in the world and the European Union’s policy on the matter – annual report 2024 (Amendment 76 to Section 19),A10-0012/2025,Foreign Affairs. Rapporteur: Isabel Wiseler-Lima (A10-0012/2025),Isabel Wiseler-Lima
174499,2025-04-02,Human rights and democracy in the world and the European Union’s policy on the matter – annual report 2024 (Amendment 76 to Section 19),A10-0012/2025,Foreign Affairs. Rapporteur: Isabel Wiseler-Lima (A10-0012/2025),Isabel Wiseler-Lima
174503,2025-04-02,Human rights and democracy in the world and the European Union’s policy on the matter – annual report 2024 (Amendment 54 to Section 23),A10-0012/2025,Foreign Affairs. Rapporteur: Isabel Wiseler-Lima (A10-0012/2025),Isabel Wiseler-Lima
174506,2025-04-02,Human rights and democracy in the world and the European Union’s policy on the matter – annual report 2024 (to Section 23),A10-0012/2025,Foreign Affairs. Rapporteur: Isabel Wiseler-Lima (A10-0012/2025),Isabel Wiseler-Lima
174507,2025-04-02,Human rights and democracy in the world and the European Union’s policy on the matter – annual report 2024 (Amendment 11 to Section 23),A10-0012/2025,Foreign Affairs. Rapporteur: Isabel Wiseler-Lima (A10-0012/2025),Isabel Wiseler-Lima
174508,2025-04-02,Human rights and democracy in the world and the European Union’s policy on the matter – annual report 2024 (Amendment 79 to Section 24),A10-0012/2025,Foreign Affairs. Rapporteur: Isabel Wiseler-Lima (A10-0012/2025),Isabel Wiseler-Lima
174509,2025-04-02,Human rights and democracy in the world and the European Union’s policy on the matter – annual report 2024 (Amendment 80 to Section 27),A10-0012/2025,Foreign Affairs. Rapporteur: Isabel Wiseler-Lima (A10-0012/2025),Isabel Wiseler-Lima
174510,2025-04-02,Human rights and democracy in the world and the European Union’s policy on the matter – annual report 2024 (Amendment 12 to Section 29),A10-0012/2025,Foreign Affairs. Rapporteur: Isabel Wiseler-Lima (A10-0012/2025),Isabel Wiseler-Lima
174514,2025-04-02,Human rights and democracy in the world and the European Union’s policy on the matter – annual report 2024 (Amendment 41 to Section 29),A10-0012/2025,Foreign Affairs. Rapporteur: Isabel Wiseler-Lima (A10-0012/2025),Isabel Wiseler-Lima
174515,2025-04-02,Human rights and democracy in the world and the European Union’s policy on the matter – annual report 2024 (Amendment 43 to Section 29),A10-0012/2025,Foreign Affairs. Rapporteur: Isabel Wiseler-Lima (A10-0012/2025),Isabel Wiseler-Lima
174516,2025-04-02,Human rights and democracy in the world and the European Union’s policy on the matter – annual report 2024 (Amendment 44 to Section 30),A10-0012/2025,Foreign Affairs. Rapporteur: Isabel Wiseler-Lima (A10-0012/2025),Isabel Wiseler-Lima
174522,2025-04-02,Human rights and democracy in the world and the European Union’s policy on the matter – annual report 2024 (Amendment 13 to Section 32),A10-0012/2025,Foreign Affairs. Rapporteur: Isabel Wiseler-Lima (A10-0012/2025),Isabel Wiseler-Lima
174523,2025-04-02,Human rights and democracy in the world and the European Union’s policy on the matter – annual report 2024 (Amendment 14 to Section 40),A10-0012/2025,Foreign Affairs. Rapporteur: Isabel Wiseler-Lima (A10-0012/2025),Isabel Wiseler-Lima
174524,2025-04-02,Human rights and democracy in the world and the European Union’s policy on the matter – annual report 2024 (Amendment 55 to Section 41),A10-0012/2025,Foreign Affairs. Rapporteur: Isabel Wiseler-Lima (A10-0012/2025),Isabel Wiseler-Lima
174529,2025-04-02,Human rights and democracy in the world and the European Union’s policy on the matter – annual report 2024 (Amendment 46 to Section 43),A10-0012/2025,Foreign Affairs. Rapporteur: Isabel Wiseler-Lima (A10-0012/2025),Isabel Wiseler-Lima
174530,2025-04-02,Human rights and democracy in the world and the European Union’s policy on the matter – annual report 2024 (Amendment 57 to Section 43),A10-0012/2025,Foreign Affairs. Rapporteur: Isabel Wiseler-Lima (A10-0012/2025),Isabel Wiseler-Lima
174531,2025-04-02,Human rights and democracy in the world and the European Union’s policy on the matter – annual report 2024 (Amendment 90 to Section 43),A10-0012/2025,Foreign Affairs. Rapporteur: Isabel Wiseler-Lima (A10-0012/2025),Isabel Wiseler-Lima
174532,2025-04-02,Human rights and democracy in the world and the European Union’s policy on the matter – annual report 2024 (Amendment 58 to Section 44),A10-0012/2025,Foreign Affairs. Rapporteur: Isabel Wiseler-Lima (A10-0012/2025),Isabel Wiseler-Lima
174533,2025-04-02,Human rights and democracy in the world and the European Union’s policy on the matter – annual report 2024 (Amendment 91 to Section 45),A10-0012/2025,Foreign Affairs. Rapporteur: Isabel Wiseler-Lima (A10-0012/2025),Isabel Wiseler-Lima
174536,2025-04-02,Human rights and democracy in the world and the European Union’s policy on the matter – annual report 2024 (to Section 45),A10-0012/2025,Foreign Affairs. Rapporteur: Isabel Wiseler-Lima (A10-0012/2025),Isabel Wiseler-Lima
174537,2025-04-02,Human rights and democracy in the world and the European Union’s policy on the matter – annual report 2024 (Amendment 16 to Section 45),A10-0012/2025,Foreign Affairs. Rapporteur: Isabel Wiseler-Lima (A10-0012/2025),Isabel Wiseler-Lima
174538,2025-04-02,Human rights and democracy in the world and the European Union’s policy on the matter – annual report 2024 (Amendment 59 to Section 45),A10-0012/2025,Foreign Affairs. Rapporteur: Isabel Wiseler-Lima (A10-0012/2025),Isabel Wiseler-Lima
174539,2025-04-02,Human rights and democracy in the world and the European Union’s policy on the matter – annual report 2024 (Amendment 60 to Section 45),A10-0012/2025,Foreign Affairs. Rapporteur: Isabel Wiseler-Lima (A10-0012/2025),Isabel Wiseler-Lima
174540,2025-04-02,Human rights and democracy in the world and the European Union’s policy on the matter – annual report 2024 (Amendment 61 to Section 45),A10-0012/2025,Foreign Affairs. Rapporteur: Isabel Wiseler-Lima (A10-0012/2025),Isabel Wiseler-Lima
174542,2025-04-02,Human rights and democracy in the world and the European Union’s policy on the matter – annual report 2024 (Amendment 17 to Section 50),A10-0012/2025,Foreign Affairs. Rapporteur: Isabel Wiseler-Lima (A10-0012/2025),Isabel Wiseler-Lima
174543,2025-04-02,Human rights and democracy in the world and the European Union’s policy on the matter – annual report 2024 (Amendment 18 to Section 52),A10-0012/2025,Foreign Affairs. Rapporteur: Isabel Wiseler-Lima (A10-0012/2025),Isabel Wiseler-Lima
174544,2025-04-02,Human rights and democracy in the world and the European Union’s policy on the matter – annual report 2024 (Amendment 62 to Section 52),A10-0012/2025,Foreign Affairs. Rapporteur: Isabel Wiseler-Lima (A10-0012/2025),Isabel Wiseler-Lima
174545,2025-04-02,Human rights and democracy in the world and the European Union’s policy on the matter – annual report 2024 (Amendment 64 to Section 52),A10-0012/2025,Foreign Affairs. Rapporteur: Isabel Wiseler-Lima (A10-0012/2025),Isabel Wiseler-Lima
174546,2025-04-02,Human rights and democracy in the world and the European Union’s policy on the matter – annual report 2024 (Amendment 19 to Section 54),A10-0012/2025,Foreign Affairs. Rapporteur: Isabel Wiseler-Lima (A10-0012/2025),Isabel Wiseler-Lima
174547,2025-04-02,Human rights and democracy in the world and the European Union’s policy on the matter – annual report 2024 (Amendment 20 to Section 55),A10-0012/2025,Foreign Affairs. Rapporteur: Isabel Wiseler-Lima (A10-0012/2025),Isabel Wiseler-Lima
174549,2025-04-02,Human rights and democracy in the world and the European Union’s policy on the matter – annual report 2024 (Amendment 92 to Section 56),A10-0012/2025,Foreign Affairs. Rapporteur: Isabel Wiseler-Lima (A10-0012/2025),Isabel Wiseler-Lima
174550,2025-04-02,Human rights and democracy in the world and the European Union’s policy on the matter – annual report 2024 (Amendment 65 to Section 58),A10-0012/2025,Foreign Affairs. Rapporteur: Isabel Wiseler-Lima (A10-0012/2025),Isabel Wiseler-Lima
174554,2025-04-02,Human rights and democracy in the world and the European Union’s policy on the matter – annual report 2024 (Amendment 21 to Section 61),A10-0012/2025,Foreign Affairs. Rapporteur: Isabel Wiseler-Lima (A10-0012/2025),Isabel Wiseler-Lima
174555,2025-04-02,Human rights and democracy in the world and the European Union’s policy on the matter – annual report 2024 (Amendment 67 to),A10-0012/2025,Foreign Affairs. Rapporteur: Isabel Wiseler-Lima (A10-0012/2025),Isabel Wiseler-Lima
174559,2025-04-02,Human rights and democracy in the world and the European Union’s policy on the matter – annual report 2024 (Amendment 5 to),A10-0012/2025,Foreign Affairs. Rapporteur: Isabel Wiseler-Lima (A10-0012/2025),Isabel Wiseler-Lima
174561,2025-04-02,Human rights and democracy in the world and the European Union’s policy on the matter – annual report 2024 (Amendment 70 to),A10-0012/2025,Foreign Affairs. Rapporteur: Isabel Wiseler-Lima (A10-0012/2025),Isabel Wiseler-Lima
174562,2025-04-02,Human rights and democracy in the world and the European Union’s policy on the matter – annual report 2024 (Amendment 70 to),A10-0012/2025,Foreign Affairs. Rapporteur: Isabel Wiseler-Lima (A10-0012/2025),Isabel Wiseler-Lima
173897,2025-04-02,Human rights and democracy in the world and the European Union’s policy on the matter – annual report 2024 (to),A10-0012/2025,Foreign Affairs. Rapporteur: Isabel Wiseler-Lima (A10-0012/2025),Isabel Wiseler-Lima
174881,2025-04-03,Establishing an EU talent pool ***I (to),,"Civil Liberties, Justice and Home Affairs. Rapporteur: Abir Al-Sahlani (A10-0045/2025) (This document is not available in all languages)",Abir Al-Sahlani
174880,2025-04-03,Granting equivalence with EU requirements to Moldova and Ukraine as regards field inspections and production of seed ***I (to),,Agriculture and Rural Development. Rapporteur: Veronika Vrecionová (A10-0043/2025) (This document is not available in all languages),Veronika Vrecionová
174922,2025-04-03,Estimates of revenue and expenditure for the financial year 2026 – Section I – European Parliament (Amendment 11 to Section 2),,Budgets. Rapporteur: Matjaž Nemec (A10-0048/2025),Matjaž Nemec
174923,2025-04-03,Estimates of revenue and expenditure for the financial year 2026 – Section I – European Parliament (Amendment 12 to Section 3),,Budgets. Rapporteur: Matjaž Nemec (A10-0048/2025),Matjaž Nemec
174924,2025-04-03,Estimates of revenue and expenditure for the financial year 2026 – Section I – European Parliament (Amendment 13 to Section 6),,Budgets. Rapporteur: Matjaž Nemec (A10-0048/2025),Matjaž Nemec
174925,2025-04-03,Estimates of revenue and expenditure for the financial year 2026 – Section I – European Parliament (Amendment 14 to Section 8),,Budgets. Rapporteur: Matjaž Nemec (A10-0048/2025),Matjaž Nemec
174926,2025-04-03,Estimates of revenue and expenditure for the financial year 2026 – Section I – European Parliament (Amendment 17 to Section 15),,Budgets. Rapporteur: Matjaž Nemec (A10-0048/2025),Matjaž Nemec
174929,2025-04-03,Estimates of revenue and expenditure for the financial year 2026 – Section I – European Parliament (Amendment 3 to Section 19),,Budgets. Rapporteur: Matjaž Nemec (A10-0048/2025),Matjaž Nemec
174930,2025-04-03,Estimates of revenue and expenditure for the financial year 2026 – Section I – European Parliament (Amendment 19 to Section 19),,Budgets. Rapporteur: Matjaž Nemec (A10-0048/2025),Matjaž Nemec
174933,2025-04-03,Estimates of revenue and expenditure for the financial year 2026 – Section I – European Parliament (Amendment 31 to Section 27),,Budgets. Rapporteur: Matjaž Nemec (A10-0048/2025),Matjaž Nemec
174934,2025-04-03,Estimates of revenue and expenditure for the financial year 2026 – Section I – European Parliament (Amendment 32 to Section 27),,Budgets. Rapporteur: Matjaž Nemec (A10-0048/2025),Matjaž Nemec
174935,2025-04-03,Estimates of revenue and expenditure for the financial year 2026 – Section I – European Parliament (Amendment 23 to Section 29),,Budgets. Rapporteur: Matjaž Nemec (A10-0048/2025),Matjaž Nemec
174937,2025-04-03,Estimates of revenue and expenditure for the financial year 2026 – Section I – European Parliament (Amendment 24 to Section 29),,Budgets. Rapporteur: Matjaž Nemec (A10-0048/2025),Matjaž Nemec
174938,2025-04-03,Estimates of revenue and expenditure for the financial year 2026 – Section I – European Parliament (Amendment 25 to Section 30),,Budgets. Rapporteur: Matjaž Nemec (A10-0048/2025),Matjaž Nemec
174939,2025-04-03,Estimates of revenue and expenditure for the financial year 2026 – Section I – European Parliament (Amendment 5 to Section 31),,Budgets. Rapporteur: Matjaž Nemec (A10-0048/2025),Matjaž Nemec
174941,2025-04-03,Estimates of revenue and expenditure for the financial year 2026 – Section I – European Parliament (to Section 35),,Budgets. Rapporteur: Matjaž Nemec (A10-0048/2025),Matjaž Nemec
174951,2025-04-03,Estimates of revenue and expenditure for the financial year 2026 – Section I – European Parliament (Amendment 1 to Section 39),,Budgets. Rapporteur: Matjaž Nemec (A10-0048/2025),Matjaž Nemec
174944,2025-04-03,Estimates of revenue and expenditure for the financial year 2026 – Section I – European Parliament (Amendment 6 to Section 39),,Budgets. Rapporteur: Matjaž Nemec (A10-0048/2025),Matjaž Nemec
174945,2025-04-03,Estimates of revenue and expenditure for the financial year 2026 – Section I – European Parliament (Amendment 7 to Section 39),,Budgets. Rapporteur: Matjaž Nemec (A10-0048/2025),Matjaž Nemec
174946,2025-04-03,Estimates of revenue and expenditure for the financial year 2026 – Section I – European Parliament (Amendment 8 to Section 39),,Budgets. Rapporteur: Matjaž Nemec (A10-0048/2025),Matjaž Nemec
174947,2025-04-03,Estimates of revenue and expenditure for the financial year 2026 – Section I – European Parliament (Amendment 9 to Section 39),,Budgets. Rapporteur: Matjaž Nemec (A10-0048/2025),Matjaž Nemec
174948,2025-04-03,Estimates of revenue and expenditure for the financial year 2026 – Section I – European Parliament (Amendment 2 to Section 40),,Budgets. Rapporteur: Matjaž Nemec (A10-0048/2025),Matjaž Nemec
174949,2025-04-03,Estimates of revenue and expenditure for the financial year 2026 – Section I – European Parliament (Amendment 4 to Section 42),,Budgets. Rapporteur: Matjaž Nemec (A10-0048/2025),Matjaž Nemec
174950,2025-04-03,Estimates of revenue and expenditure for the financial year 2026 – Section I – European Parliament (Amendment 26 to Section 42),,Budgets. Rapporteur: Matjaž Nemec (A10-0048/2025),Matjaž Nemec
174875,2025-04-03,Estimates of revenue and expenditure for the financial year 2026 – Section I – European Parliament (to),,Budgets. Rapporteur: Matjaž Nemec (A10-0048/2025),Matjaž Nemec
174972,2025-04-03,"Prosecution of journalists in Cameroon, notably the cases of Amadou Vamoulké, Kingsley Fomunyuy Njoka, Mancho Bibixy, Thomas Awah Junior, Tsi Conrad (to Section 6)",,,
174973,2025-04-03,Execution spree in Iran and the confirmation of the death sentences of activists Behrouz Ehsani and Mehdi Hassani (Amendment 4 to Section 4),,,
174975,2025-04-03,Execution spree in Iran and the confirmation of the death sentences of activists Behrouz Ehsani and Mehdi Hassani (Amendment 2 to Section 8),,,
174976,2025-04-03,Execution spree in Iran and the confirmation of the death sentences of activists Behrouz Ehsani and Mehdi Hassani (Amendment 3 to),,,
174977,2025-04-03,Execution spree in Iran and the confirmation of the death sentences of activists Behrouz Ehsani and Mehdi Hassani (Amendment 1 to),,,
174978,2025-04-03,Immediate risk of further repression by Lukashenka’s regime in Belarus - threats from the Investigative Committee (Amendment 1 to Section 1),,,
174984,2025-04-03,Immediate risk of further repression by Lukashenka’s regime in Belarus - threats from the Investigative Committee (to Section 7),,,
174988,2025-04-03,Immediate risk of further repression by Lukashenka’s regime in Belarus - threats from the Investigative Committee (to),,,
174989,2025-04-03,Amending Directives (EU) 2022/2464 and (EU) 2024/1760 as regards the dates from which Member States are to apply certain corporate sustainability reporting and due diligence requirements ***I (Amendment 1 to),,Legal Affairs,
174990,2025-04-03,Amending Directives (EU) 2022/2464 and (EU) 2024/1760 as regards the dates from which Member States are to apply certain corporate sustainability reporting and due diligence requirements ***I (Amendment 16 to Article 1 Section 1),,Legal Affairs,
174991,2025-04-03,Amending Directives (EU) 2022/2464 and (EU) 2024/1760 as regards the dates from which Member States are to apply certain corporate sustainability reporting and due diligence requirements ***I (Amendment 17 to Article 2),,Legal Affairs,
174992,2025-04-03,Amending Directives (EU) 2022/2464 and (EU) 2024/1760 as regards the dates from which Member States are to apply certain corporate sustainability reporting and due diligence requirements ***I (Amendment 12 to),,Legal Affairs,
174993,2025-04-03,Amending Directives (EU) 2022/2464 and (EU) 2024/1760 as regards the dates from which Member States are to apply certain corporate sustainability reporting and due diligence requirements ***I (Amendment 13 to),,Legal Affairs,
174994,2025-04-03,Amending Directives (EU) 2022/2464 and (EU) 2024/1760 as regards the dates from which Member States are to apply certain corporate sustainability reporting and due diligence requirements ***I (Amendment 14 to),,Legal Affairs,
174995,2025-04-03,Amending Directives (EU) 2022/2464 and (EU) 2024/1760 as regards the dates from which Member States are to apply certain corporate sustainability reporting and due diligence requirements ***I (Amendment 15 to),,Legal Affairs,
174971,2025-04-03,Amending Directives (EU) 2022/2464 and (EU) 2024/1760 as regards the dates from which Member States are to apply certain corporate sustainability reporting and due diligence requirements ***I (Commission proposal),,Legal Affairs,
174651,2025-04-03,Energy-intensive industries (Amendment 18 to Section 1),,,
174655,2025-04-03,Energy-intensive industries (Amendment 19 to Section 1),,,
174656,2025-04-03,Energy-intensive industries (Amendment 20 to Section 1),,,
174658,2025-04-03,Energy-intensive industries (Amendment 10 to Section 3),,,
174662,2025-04-03,Energy-intensive industries (Amendment 23 to Section 6),,,
174663,2025-04-03,Energy-intensive industries (Amendment 11 to Section 6),,,
174665,2025-04-03,Energy-intensive industries (Amendment 15 to Section 6),,,
174834,2025-04-03,Energy-intensive industries (Amendment 15 to Section 6),,,
174669,2025-04-03,Energy-intensive industries (Amendment 15 to Section 6),,,
174835,2025-04-03,Energy-intensive industries (Amendment 15 to Section 6),,,
174671,2025-04-03,Energy-intensive industries (Amendment 15 to Section 6),,,
174681,2025-04-03,Energy-intensive industries (Amendment 12 to Section 6),,,
174683,2025-04-03,Energy-intensive industries (Amendment 16 to Section 7),,,
174684,2025-04-03,Energy-intensive industries (Amendment 16 to Section 7),,,
174685,2025-04-03,Energy-intensive industries (Amendment 16 to Section 7),,,
174686,2025-04-03,Energy-intensive industries (Amendment 7 to),,,
174690,2025-04-03,Energy-intensive industries (to),,,
174691,2025-04-03,Energy-intensive industries (Amendment 8 to),,,
174692,2025-04-03,Energy-intensive industries (Amendment 9 to),,,
175000,2025-04-03,Targeted attacks against Christians in the Democratic Republic of the Congo – defending religious freedom and security (to),,,
174841,2025-04-03,Targeted attacks against Christians in the Democratic Republic of the Congo – defending religious freedom and security (to),,,
